codigo,descripcion,unidades,precio,cantidadMinima,juego,proveedor
1E+14,descr1,400,74.37,1,juego1,E1
1E+14,descr2,400,74.37,1,juego2,E2
1E+14,descr3,400,74.37,1,juego3,E3
1E+14,descr4,400,74.37,1,juego4,E4
1E+14,descr5,400,74.37,1,juego5,E5
1E+14,descr6,400,74.37,1,juego6,E6
1E+14,descr7,400,74.37,1,juego7,E7
1E+14,descr8,400,74.37,1,juego8,E8
1E+14,descr9,400,74.37,1,juego9,E9
1E+14,descr10,400,74.37,1,juego10,E10
1E+14,descr11,400,74.37,1,juego11,E11
1E+14,descr12,400,74.37,1,juego12,E12
1E+14,descr13,400,74.37,1,juego13,E13
1E+14,descr14,400,74.37,1,juego14,E14
1E+14,descr15,400,74.37,1,juego15,E15
1E+14,descr16,400,74.37,1,juego16,E16
1E+14,descr17,400,74.37,1,juego17,E17
1E+14,descr18,400,74.37,1,juego18,E18
1E+14,descr19,400,74.37,1,juego19,E19
1E+14,descr20,400,74.37,1,juego20,E20
1E+14,descr21,400,74.37,1,juego21,E21
1E+14,descr22,400,74.37,1,juego22,E22
1E+14,descr23,400,74.37,1,juego23,E23
1E+14,descr24,400,74.37,1,juego24,E24
1E+14,descr25,400,74.37,1,juego25,E25
1E+14,descr26,400,74.37,1,juego26,E26
1E+14,descr27,400,74.37,1,juego27,E27
1E+14,descr28,400,74.37,1,juego28,E28
1E+14,descr29,400,74.37,1,juego29,E29
1E+14,descr30,400,74.37,1,juego30,E30
1E+14,descr31,400,74.37,1,juego31,E31
1E+14,descr32,400,74.37,1,juego32,E32
1E+14,descr33,400,74.37,1,juego33,E33
1E+14,descr34,400,74.37,1,juego34,E34
1E+14,descr35,400,74.37,1,juego35,E35
1E+14,descr36,400,74.37,1,juego36,E36
1E+14,descr37,400,74.37,1,juego37,E37
1E+14,descr38,400,74.37,1,juego38,E38
1E+14,descr39,400,74.37,1,juego39,E39
1E+14,descr40,400,74.37,1,juego40,E40
1E+14,descr41,400,74.37,1,juego41,E41
1E+14,descr42,400,74.37,1,juego42,E42
1E+14,descr43,400,74.37,1,juego43,E43
1E+14,descr44,400,74.37,1,juego44,E44
1E+14,descr45,400,74.37,1,juego45,E45
1E+14,descr46,400,74.37,1,juego46,E46
1E+14,descr47,400,74.37,1,juego47,E47
1E+14,descr48,400,74.37,1,juego48,E48
1E+14,descr49,400,74.37,1,juego49,E49
1E+14,descr50,400,74.37,1,juego50,E50
1E+14,descr51,400,74.37,1,juego51,E51
1E+14,descr52,400,74.37,1,juego52,E52
1E+14,descr53,400,74.37,1,juego53,E53
1E+14,descr54,400,74.37,1,juego54,E54
1E+14,descr55,400,74.37,1,juego55,E55
1E+14,descr56,400,74.37,1,juego56,E56
1E+14,descr57,400,74.37,1,juego57,E57
1E+14,descr58,400,74.37,1,juego58,E58
1E+14,descr59,400,74.37,1,juego59,E59
1E+14,descr60,400,74.37,1,juego60,E60
1E+14,descr61,400,74.37,1,juego61,E61
1E+14,descr62,400,74.37,1,juego62,E62
1E+14,descr63,400,74.37,1,juego63,E63
1E+14,descr64,400,74.37,1,juego64,E64
1E+14,descr65,400,74.37,1,juego65,E65
1E+14,descr66,400,74.37,1,juego66,E66
1E+14,descr67,400,74.37,1,juego67,E67
1E+14,descr68,400,74.37,1,juego68,E68
1E+14,descr69,400,74.37,1,juego69,E69
1E+14,descr70,400,74.37,1,juego70,E70
1E+14,descr71,400,74.37,1,juego71,E71
1E+14,descr72,400,74.37,1,juego72,E72
1E+14,descr73,400,74.37,1,juego73,E73
1E+14,descr74,400,74.37,1,juego74,E74
1E+14,descr75,400,74.37,1,juego75,E75
1E+14,descr76,400,74.37,1,juego76,E76
1E+14,descr77,400,74.37,1,juego77,E77
1E+14,descr78,400,74.37,1,juego78,E78
1E+14,descr79,400,74.37,1,juego79,E79
1E+14,descr80,400,74.37,1,juego80,E80
1E+14,descr81,400,74.37,1,juego81,E81
1E+14,descr82,400,74.37,1,juego82,E82
1E+14,descr83,400,74.37,1,juego83,E83
1E+14,descr84,400,74.37,1,juego84,E84
1E+14,descr85,400,74.37,1,juego85,E85
1E+14,descr86,400,74.37,1,juego86,E86
1E+14,descr87,400,74.37,1,juego87,E87
1E+14,descr88,400,74.37,1,juego88,E88
1E+14,descr89,400,74.37,1,juego89,E89
1E+14,descr90,400,74.37,1,juego90,E90
1E+14,descr91,400,74.37,1,juego91,E91
1E+14,descr92,400,74.37,1,juego92,E92
1E+14,descr93,400,74.37,1,juego93,E93
1E+14,descr94,400,74.37,1,juego94,E94
1E+14,descr95,400,74.37,1,juego95,E95
1E+14,descr96,400,74.37,1,juego96,E96
1E+14,descr97,400,74.37,1,juego97,E97
1E+14,descr98,400,74.37,1,juego98,E98
1E+14,descr99,400,74.37,1,juego99,E99
1E+14,descr100,400,74.37,1,juego100,E100
1E+14,descr101,400,74.37,1,juego101,E101
1E+14,descr102,400,74.37,1,juego102,E102
1E+14,descr103,400,74.37,1,juego103,E103
1E+14,descr104,400,74.37,1,juego104,E104
1E+14,descr105,400,74.37,1,juego105,E105
1E+14,descr106,400,74.37,1,juego106,E106
1E+14,descr107,400,74.37,1,juego107,E107
1E+14,descr108,400,74.37,1,juego108,E108
1E+14,descr109,400,74.37,1,juego109,E109
1E+14,descr110,400,74.37,1,juego110,E110
1E+14,descr111,400,74.37,1,juego111,E111
1E+14,descr112,400,74.37,1,juego112,E112
1E+14,descr113,400,74.37,1,juego113,E113
1E+14,descr114,400,74.37,1,juego114,E114
1E+14,descr115,400,74.37,1,juego115,E115
1E+14,descr116,400,74.37,1,juego116,E116
1E+14,descr117,400,74.37,1,juego117,E117
1E+14,descr118,400,74.37,1,juego118,E118
1E+14,descr119,400,74.37,1,juego119,E119
1E+14,descr120,400,74.37,1,juego120,E120
1E+14,descr121,400,74.37,1,juego121,E121
1E+14,descr122,400,74.37,1,juego122,E122
1E+14,descr123,400,74.37,1,juego123,E123
1E+14,descr124,400,74.37,1,juego124,E124
1E+14,descr125,400,74.37,1,juego125,E125
1E+14,descr126,400,74.37,1,juego126,E126
1E+14,descr127,400,74.37,1,juego127,E127
1E+14,descr128,400,74.37,1,juego128,E128
1E+14,descr129,400,74.37,1,juego129,E129
1E+14,descr130,400,74.37,1,juego130,E130
1E+14,descr131,400,74.37,1,juego131,E131
1E+14,descr132,400,74.37,1,juego132,E132
1E+14,descr133,400,74.37,1,juego133,E133
1E+14,descr134,400,74.37,1,juego134,E134
1E+14,descr135,400,74.37,1,juego135,E135
1E+14,descr136,400,74.37,1,juego136,E136
1E+14,descr137,400,74.37,1,juego137,E137
1E+14,descr138,400,74.37,1,juego138,E138
1E+14,descr139,400,74.37,1,juego139,E139
1E+14,descr140,400,74.37,1,juego140,E140
1E+14,descr141,400,74.37,1,juego141,E141
1E+14,descr142,400,74.37,1,juego142,E142
1E+14,descr143,400,74.37,1,juego143,E143
1E+14,descr144,400,74.37,1,juego144,E144
1E+14,descr145,400,74.37,1,juego145,E145
1E+14,descr146,400,74.37,1,juego146,E146
1E+14,descr147,400,74.37,1,juego147,E147
1E+14,descr148,400,74.37,1,juego148,E148
1E+14,descr149,400,74.37,1,juego149,E149
1E+14,descr150,400,74.37,1,juego150,E150
1E+14,descr151,400,74.37,1,juego151,E151
1E+14,descr152,400,74.37,1,juego152,E152
1E+14,descr153,400,74.37,1,juego153,E153
1E+14,descr154,400,74.37,1,juego154,E154
1E+14,descr155,400,74.37,1,juego155,E155
1E+14,descr156,400,74.37,1,juego156,E156
1E+14,descr157,400,74.37,1,juego157,E157
1E+14,descr158,400,74.37,1,juego158,E158
1E+14,descr159,400,74.37,1,juego159,E159
1E+14,descr160,400,74.37,1,juego160,E160
1E+14,descr161,400,74.37,1,juego161,E161
1E+14,descr162,400,74.37,1,juego162,E162
1E+14,descr163,400,74.37,1,juego163,E163
1E+14,descr164,400,74.37,1,juego164,E164
1E+14,descr165,400,74.37,1,juego165,E165
1E+14,descr166,400,74.37,1,juego166,E166
1E+14,descr167,400,74.37,1,juego167,E167
1E+14,descr168,400,74.37,1,juego168,E168
1E+14,descr169,400,74.37,1,juego169,E169
1E+14,descr170,400,74.37,1,juego170,E170
1E+14,descr171,400,74.37,1,juego171,E171
1E+14,descr172,400,74.37,1,juego172,E172
1E+14,descr173,400,74.37,1,juego173,E173
1E+14,descr174,400,74.37,1,juego174,E174
1E+14,descr175,400,74.37,1,juego175,E175
1E+14,descr176,400,74.37,1,juego176,E176
1E+14,descr177,400,74.37,1,juego177,E177
1E+14,descr178,400,74.37,1,juego178,E178
1E+14,descr179,400,74.37,1,juego179,E179
1E+14,descr180,400,74.37,1,juego180,E180
1E+14,descr181,400,74.37,1,juego181,E181
1E+14,descr182,400,74.37,1,juego182,E182
1E+14,descr183,400,74.37,1,juego183,E183
1E+14,descr184,400,74.37,1,juego184,E184
1E+14,descr185,400,74.37,1,juego185,E185
1E+14,descr186,400,74.37,1,juego186,E186
1E+14,descr187,400,74.37,1,juego187,E187
1E+14,descr188,400,74.37,1,juego188,E188
1E+14,descr189,400,74.37,1,juego189,E189
1E+14,descr190,400,74.37,1,juego190,E190
1E+14,descr191,400,74.37,1,juego191,E191
1E+14,descr192,400,74.37,1,juego192,E192
1E+14,descr193,400,74.37,1,juego193,E193
1E+14,descr194,400,74.37,1,juego194,E194
1E+14,descr195,400,74.37,1,juego195,E195
1E+14,descr196,400,74.37,1,juego196,E196
1E+14,descr197,400,74.37,1,juego197,E197
1E+14,descr198,400,74.37,1,juego198,E198
1E+14,descr199,400,74.37,1,juego199,E199
1E+14,descr200,400,74.37,1,juego200,E200
1E+14,descr201,400,74.37,1,juego201,E201
1E+14,descr202,400,74.37,1,juego202,E202
1E+14,descr203,400,74.37,1,juego203,E203
1E+14,descr204,400,74.37,1,juego204,E204
1E+14,descr205,400,74.37,1,juego205,E205
1E+14,descr206,400,74.37,1,juego206,E206
1E+14,descr207,400,74.37,1,juego207,E207
1E+14,descr208,400,74.37,1,juego208,E208
1E+14,descr209,400,74.37,1,juego209,E209
1E+14,descr210,400,74.37,1,juego210,E210
1E+14,descr211,400,74.37,1,juego211,E211
1E+14,descr212,400,74.37,1,juego212,E212
1E+14,descr213,400,74.37,1,juego213,E213
1E+14,descr214,400,74.37,1,juego214,E214
1E+14,descr215,400,74.37,1,juego215,E215
1E+14,descr216,400,74.37,1,juego216,E216
1E+14,descr217,400,74.37,1,juego217,E217
1E+14,descr218,400,74.37,1,juego218,E218
1E+14,descr219,400,74.37,1,juego219,E219
1E+14,descr220,400,74.37,1,juego220,E220
1E+14,descr221,400,74.37,1,juego221,E221
1E+14,descr222,400,74.37,1,juego222,E222
1E+14,descr223,400,74.37,1,juego223,E223
1E+14,descr224,400,74.37,1,juego224,E224
1E+14,descr225,400,74.37,1,juego225,E225
1E+14,descr226,400,74.37,1,juego226,E226
1E+14,descr227,400,74.37,1,juego227,E227
1E+14,descr228,400,74.37,1,juego228,E228
1E+14,descr229,400,74.37,1,juego229,E229
1E+14,descr230,400,74.37,1,juego230,E230
1E+14,descr231,400,74.37,1,juego231,E231
1E+14,descr232,400,74.37,1,juego232,E232
1E+14,descr233,400,74.37,1,juego233,E233
1E+14,descr234,400,74.37,1,juego234,E234
1E+14,descr235,400,74.37,1,juego235,E235
1E+14,descr236,400,74.37,1,juego236,E236
1E+14,descr237,400,74.37,1,juego237,E237
1E+14,descr238,400,74.37,1,juego238,E238
1E+14,descr239,400,74.37,1,juego239,E239
1E+14,descr240,400,74.37,1,juego240,E240
1E+14,descr241,400,74.37,1,juego241,E241
1E+14,descr242,400,74.37,1,juego242,E242
1E+14,descr243,400,74.37,1,juego243,E243
1E+14,descr244,400,74.37,1,juego244,E244
1E+14,descr245,400,74.37,1,juego245,E245
1E+14,descr246,400,74.37,1,juego246,E246
1E+14,descr247,400,74.37,1,juego247,E247
1E+14,descr248,400,74.37,1,juego248,E248
1E+14,descr249,400,74.37,1,juego249,E249
1E+14,descr250,400,74.37,1,juego250,E250
1E+14,descr251,400,74.37,1,juego251,E251
1E+14,descr252,400,74.37,1,juego252,E252
1E+14,descr253,400,74.37,1,juego253,E253
1E+14,descr254,400,74.37,1,juego254,E254
1E+14,descr255,400,74.37,1,juego255,E255
1E+14,descr256,400,74.37,1,juego256,E256
1E+14,descr257,400,74.37,1,juego257,E257
1E+14,descr258,400,74.37,1,juego258,E258
1E+14,descr259,400,74.37,1,juego259,E259
1E+14,descr260,400,74.37,1,juego260,E260
1E+14,descr261,400,74.37,1,juego261,E261
1E+14,descr262,400,74.37,1,juego262,E262
1E+14,descr263,400,74.37,1,juego263,E263
1E+14,descr264,400,74.37,1,juego264,E264
1E+14,descr265,400,74.37,1,juego265,E265
1E+14,descr266,400,74.37,1,juego266,E266
1E+14,descr267,400,74.37,1,juego267,E267
1E+14,descr268,400,74.37,1,juego268,E268
1E+14,descr269,400,74.37,1,juego269,E269
1E+14,descr270,400,74.37,1,juego270,E270
1E+14,descr271,400,74.37,1,juego271,E271
1E+14,descr272,400,74.37,1,juego272,E272
1E+14,descr273,400,74.37,1,juego273,E273
1E+14,descr274,400,74.37,1,juego274,E274
1E+14,descr275,400,74.37,1,juego275,E275
1E+14,descr276,400,74.37,1,juego276,E276
1E+14,descr277,400,74.37,1,juego277,E277
1E+14,descr278,400,74.37,1,juego278,E278
1E+14,descr279,400,74.37,1,juego279,E279
1E+14,descr280,400,74.37,1,juego280,E280
1E+14,descr281,400,74.37,1,juego281,E281
1E+14,descr282,400,74.37,1,juego282,E282
1E+14,descr283,400,74.37,1,juego283,E283
1E+14,descr284,400,74.37,1,juego284,E284
1E+14,descr285,400,74.37,1,juego285,E285
1E+14,descr286,400,74.37,1,juego286,E286
1E+14,descr287,400,74.37,1,juego287,E287
1E+14,descr288,400,74.37,1,juego288,E288
1E+14,descr289,400,74.37,1,juego289,E289
1E+14,descr290,400,74.37,1,juego290,E290
1E+14,descr291,400,74.37,1,juego291,E291
1E+14,descr292,400,74.37,1,juego292,E292
1E+14,descr293,400,74.37,1,juego293,E293
1E+14,descr294,400,74.37,1,juego294,E294
1E+14,descr295,400,74.37,1,juego295,E295
1E+14,descr296,400,74.37,1,juego296,E296
1E+14,descr297,400,74.37,1,juego297,E297
1E+14,descr298,400,74.37,1,juego298,E298
1E+14,descr299,400,74.37,1,juego299,E299
1E+14,descr300,400,74.37,1,juego300,E300
1E+14,descr301,400,74.37,1,juego301,E301
1E+14,descr302,400,74.37,1,juego302,E302
1E+14,descr303,400,74.37,1,juego303,E303
1E+14,descr304,400,74.37,1,juego304,E304
1E+14,descr305,400,74.37,1,juego305,E305
1E+14,descr306,400,74.37,1,juego306,E306
1E+14,descr307,400,74.37,1,juego307,E307
1E+14,descr308,400,74.37,1,juego308,E308
1E+14,descr309,400,74.37,1,juego309,E309
1E+14,descr310,400,74.37,1,juego310,E310
1E+14,descr311,400,74.37,1,juego311,E311
1E+14,descr312,400,74.37,1,juego312,E312
1E+14,descr313,400,74.37,1,juego313,E313
1E+14,descr314,400,74.37,1,juego314,E314
1E+14,descr315,400,74.37,1,juego315,E315
1E+14,descr316,400,74.37,1,juego316,E316
1E+14,descr317,400,74.37,1,juego317,E317
1E+14,descr318,400,74.37,1,juego318,E318
1E+14,descr319,400,74.37,1,juego319,E319
1E+14,descr320,400,74.37,1,juego320,E320
1E+14,descr321,400,74.37,1,juego321,E321
1E+14,descr322,400,74.37,1,juego322,E322
1E+14,descr323,400,74.37,1,juego323,E323
1E+14,descr324,400,74.37,1,juego324,E324
1E+14,descr325,400,74.37,1,juego325,E325
1E+14,descr326,400,74.37,1,juego326,E326
1E+14,descr327,400,74.37,1,juego327,E327
1E+14,descr328,400,74.37,1,juego328,E328
1E+14,descr329,400,74.37,1,juego329,E329
1E+14,descr330,400,74.37,1,juego330,E330
1E+14,descr331,400,74.37,1,juego331,E331
1E+14,descr332,400,74.37,1,juego332,E332
1E+14,descr333,400,74.37,1,juego333,E333
1E+14,descr334,400,74.37,1,juego334,E334
1E+14,descr335,400,74.37,1,juego335,E335
1E+14,descr336,400,74.37,1,juego336,E336
1E+14,descr337,400,74.37,1,juego337,E337
1E+14,descr338,400,74.37,1,juego338,E338
1E+14,descr339,400,74.37,1,juego339,E339
1E+14,descr340,400,74.37,1,juego340,E340
1E+14,descr341,400,74.37,1,juego341,E341
1E+14,descr342,400,74.37,1,juego342,E342
1E+14,descr343,400,74.37,1,juego343,E343
1E+14,descr344,400,74.37,1,juego344,E344
1E+14,descr345,400,74.37,1,juego345,E345
1E+14,descr346,400,74.37,1,juego346,E346
1E+14,descr347,400,74.37,1,juego347,E347
1E+14,descr348,400,74.37,1,juego348,E348
1E+14,descr349,400,74.37,1,juego349,E349
1E+14,descr350,400,74.37,1,juego350,E350
1E+14,descr351,400,74.37,1,juego351,E351
1E+14,descr352,400,74.37,1,juego352,E352
1E+14,descr353,400,74.37,1,juego353,E353
1E+14,descr354,400,74.37,1,juego354,E354
1E+14,descr355,400,74.37,1,juego355,E355
1E+14,descr356,400,74.37,1,juego356,E356
1E+14,descr357,400,74.37,1,juego357,E357
1E+14,descr358,400,74.37,1,juego358,E358
1E+14,descr359,400,74.37,1,juego359,E359
1E+14,descr360,400,74.37,1,juego360,E360
1E+14,descr361,400,74.37,1,juego361,E361
1E+14,descr362,400,74.37,1,juego362,E362
1E+14,descr363,400,74.37,1,juego363,E363
1E+14,descr364,400,74.37,1,juego364,E364
1E+14,descr365,400,74.37,1,juego365,E365
1E+14,descr366,400,74.37,1,juego366,E366
1E+14,descr367,400,74.37,1,juego367,E367
1E+14,descr368,400,74.37,1,juego368,E368
1E+14,descr369,400,74.37,1,juego369,E369
1E+14,descr370,400,74.37,1,juego370,E370
1E+14,descr371,400,74.37,1,juego371,E371
1E+14,descr372,400,74.37,1,juego372,E372
1E+14,descr373,400,74.37,1,juego373,E373
1E+14,descr374,400,74.37,1,juego374,E374
1E+14,descr375,400,74.37,1,juego375,E375
1E+14,descr376,400,74.37,1,juego376,E376
1E+14,descr377,400,74.37,1,juego377,E377
1E+14,descr378,400,74.37,1,juego378,E378
1E+14,descr379,400,74.37,1,juego379,E379
1E+14,descr380,400,74.37,1,juego380,E380
1E+14,descr381,400,74.37,1,juego381,E381
1E+14,descr382,400,74.37,1,juego382,E382
1E+14,descr383,400,74.37,1,juego383,E383
1E+14,descr384,400,74.37,1,juego384,E384
1E+14,descr385,400,74.37,1,juego385,E385
1E+14,descr386,400,74.37,1,juego386,E386
1E+14,descr387,400,74.37,1,juego387,E387
1E+14,descr388,400,74.37,1,juego388,E388
1E+14,descr389,400,74.37,1,juego389,E389
1E+14,descr390,400,74.37,1,juego390,E390
1E+14,descr391,400,74.37,1,juego391,E391
1E+14,descr392,400,74.37,1,juego392,E392
1E+14,descr393,400,74.37,1,juego393,E393
1E+14,descr394,400,74.37,1,juego394,E394
1E+14,descr395,400,74.37,1,juego395,E395
1E+14,descr396,400,74.37,1,juego396,E396
1E+14,descr397,400,74.37,1,juego397,E397
1E+14,descr398,400,74.37,1,juego398,E398
1E+14,descr399,400,74.37,1,juego399,E399
1E+14,descr400,400,74.37,1,juego400,E400
1E+14,descr401,400,74.37,1,juego401,E401
1E+14,descr402,400,74.37,1,juego402,E402
1E+14,descr403,400,74.37,1,juego403,E403
1E+14,descr404,400,74.37,1,juego404,E404
1E+14,descr405,400,74.37,1,juego405,E405
1E+14,descr406,400,74.37,1,juego406,E406
1E+14,descr407,400,74.37,1,juego407,E407
1E+14,descr408,400,74.37,1,juego408,E408
1E+14,descr409,400,74.37,1,juego409,E409
1E+14,descr410,400,74.37,1,juego410,E410
1E+14,descr411,400,74.37,1,juego411,E411
1E+14,descr412,400,74.37,1,juego412,E412
1E+14,descr413,400,74.37,1,juego413,E413
1E+14,descr414,400,74.37,1,juego414,E414
1E+14,descr415,400,74.37,1,juego415,E415
1E+14,descr416,400,74.37,1,juego416,E416
1E+14,descr417,400,74.37,1,juego417,E417
1E+14,descr418,400,74.37,1,juego418,E418
1E+14,descr419,400,74.37,1,juego419,E419
1E+14,descr420,400,74.37,1,juego420,E420
1E+14,descr421,400,74.37,1,juego421,E421
1E+14,descr422,400,74.37,1,juego422,E422
1E+14,descr423,400,74.37,1,juego423,E423
1E+14,descr424,400,74.37,1,juego424,E424
1E+14,descr425,400,74.37,1,juego425,E425
1E+14,descr426,400,74.37,1,juego426,E426
1E+14,descr427,400,74.37,1,juego427,E427
1E+14,descr428,400,74.37,1,juego428,E428
1E+14,descr429,400,74.37,1,juego429,E429
1E+14,descr430,400,74.37,1,juego430,E430
1E+14,descr431,400,74.37,1,juego431,E431
1E+14,descr432,400,74.37,1,juego432,E432
1E+14,descr433,400,74.37,1,juego433,E433
1E+14,descr434,400,74.37,1,juego434,E434
1E+14,descr435,400,74.37,1,juego435,E435
1E+14,descr436,400,74.37,1,juego436,E436
1E+14,descr437,400,74.37,1,juego437,E437
1E+14,descr438,400,74.37,1,juego438,E438
1E+14,descr439,400,74.37,1,juego439,E439
1E+14,descr440,400,74.37,1,juego440,E440
1E+14,descr441,400,74.37,1,juego441,E441
1E+14,descr442,400,74.37,1,juego442,E442
1E+14,descr443,400,74.37,1,juego443,E443
1E+14,descr444,400,74.37,1,juego444,E444
1E+14,descr445,400,74.37,1,juego445,E445
1E+14,descr446,400,74.37,1,juego446,E446
1E+14,descr447,400,74.37,1,juego447,E447
1E+14,descr448,400,74.37,1,juego448,E448
1E+14,descr449,400,74.37,1,juego449,E449
1E+14,descr450,400,74.37,1,juego450,E450
1E+14,descr451,400,74.37,1,juego451,E451
1E+14,descr452,400,74.37,1,juego452,E452
1E+14,descr453,400,74.37,1,juego453,E453
1E+14,descr454,400,74.37,1,juego454,E454
1E+14,descr455,400,74.37,1,juego455,E455
1E+14,descr456,400,74.37,1,juego456,E456
1E+14,descr457,400,74.37,1,juego457,E457
1E+14,descr458,400,74.37,1,juego458,E458
1E+14,descr459,400,74.37,1,juego459,E459
1E+14,descr460,400,74.37,1,juego460,E460
1E+14,descr461,400,74.37,1,juego461,E461
1E+14,descr462,400,74.37,1,juego462,E462
1E+14,descr463,400,74.37,1,juego463,E463
1E+14,descr464,400,74.37,1,juego464,E464
1E+14,descr465,400,74.37,1,juego465,E465
1E+14,descr466,400,74.37,1,juego466,E466
1E+14,descr467,400,74.37,1,juego467,E467
1E+14,descr468,400,74.37,1,juego468,E468
1E+14,descr469,400,74.37,1,juego469,E469
1E+14,descr470,400,74.37,1,juego470,E470
1E+14,descr471,400,74.37,1,juego471,E471
1E+14,descr472,400,74.37,1,juego472,E472
1E+14,descr473,400,74.37,1,juego473,E473
1E+14,descr474,400,74.37,1,juego474,E474
1E+14,descr475,400,74.37,1,juego475,E475
1E+14,descr476,400,74.37,1,juego476,E476
1E+14,descr477,400,74.37,1,juego477,E477
1E+14,descr478,400,74.37,1,juego478,E478
1E+14,descr479,400,74.37,1,juego479,E479
1E+14,descr480,400,74.37,1,juego480,E480
1E+14,descr481,400,74.37,1,juego481,E481
1E+14,descr482,400,74.37,1,juego482,E482
1E+14,descr483,400,74.37,1,juego483,E483
1E+14,descr484,400,74.37,1,juego484,E484
1E+14,descr485,400,74.37,1,juego485,E485
1E+14,descr486,400,74.37,1,juego486,E486
1E+14,descr487,400,74.37,1,juego487,E487
1E+14,descr488,400,74.37,1,juego488,E488
1E+14,descr489,400,74.37,1,juego489,E489
1E+14,descr490,400,74.37,1,juego490,E490
1E+14,descr491,400,74.37,1,juego491,E491
1E+14,descr492,400,74.37,1,juego492,E492
1E+14,descr493,400,74.37,1,juego493,E493
1E+14,descr494,400,74.37,1,juego494,E494
1E+14,descr495,400,74.37,1,juego495,E495
1E+14,descr496,400,74.37,1,juego496,E496
1E+14,descr497,400,74.37,1,juego497,E497
1E+14,descr498,400,74.37,1,juego498,E498
1E+14,descr499,400,74.37,1,juego499,E499
1E+14,descr500,400,74.37,1,juego500,E500
1E+14,descr501,400,74.37,1,juego501,E501
1E+14,descr502,400,74.37,1,juego502,E502
1E+14,descr503,400,74.37,1,juego503,E503
1E+14,descr504,400,74.37,1,juego504,E504
1E+14,descr505,400,74.37,1,juego505,E505
1E+14,descr506,400,74.37,1,juego506,E506
1E+14,descr507,400,74.37,1,juego507,E507
1E+14,descr508,400,74.37,1,juego508,E508
1E+14,descr509,400,74.37,1,juego509,E509
1E+14,descr510,400,74.37,1,juego510,E510
1E+14,descr511,400,74.37,1,juego511,E511
1E+14,descr512,400,74.37,1,juego512,E512
1E+14,descr513,400,74.37,1,juego513,E513
1E+14,descr514,400,74.37,1,juego514,E514
1E+14,descr515,400,74.37,1,juego515,E515
1E+14,descr516,400,74.37,1,juego516,E516
1E+14,descr517,400,74.37,1,juego517,E517
1E+14,descr518,400,74.37,1,juego518,E518
1E+14,descr519,400,74.37,1,juego519,E519
1E+14,descr520,400,74.37,1,juego520,E520
1E+14,descr521,400,74.37,1,juego521,E521
1E+14,descr522,400,74.37,1,juego522,E522
1E+14,descr523,400,74.37,1,juego523,E523
1E+14,descr524,400,74.37,1,juego524,E524
1E+14,descr525,400,74.37,1,juego525,E525
1E+14,descr526,400,74.37,1,juego526,E526
1E+14,descr527,400,74.37,1,juego527,E527
1E+14,descr528,400,74.37,1,juego528,E528
1E+14,descr529,400,74.37,1,juego529,E529
1E+14,descr530,400,74.37,1,juego530,E530
1E+14,descr531,400,74.37,1,juego531,E531
1E+14,descr532,400,74.37,1,juego532,E532
1E+14,descr533,400,74.37,1,juego533,E533
1E+14,descr534,400,74.37,1,juego534,E534
1E+14,descr535,400,74.37,1,juego535,E535
1E+14,descr536,400,74.37,1,juego536,E536
1E+14,descr537,400,74.37,1,juego537,E537
1E+14,descr538,400,74.37,1,juego538,E538
1E+14,descr539,400,74.37,1,juego539,E539
1E+14,descr540,400,74.37,1,juego540,E540
1E+14,descr541,400,74.37,1,juego541,E541
1E+14,descr542,400,74.37,1,juego542,E542
1E+14,descr543,400,74.37,1,juego543,E543
1E+14,descr544,400,74.37,1,juego544,E544
1E+14,descr545,400,74.37,1,juego545,E545
1E+14,descr546,400,74.37,1,juego546,E546
1E+14,descr547,400,74.37,1,juego547,E547
1E+14,descr548,400,74.37,1,juego548,E548
1E+14,descr549,400,74.37,1,juego549,E549
1E+14,descr550,400,74.37,1,juego550,E550
1E+14,descr551,400,74.37,1,juego551,E551
1E+14,descr552,400,74.37,1,juego552,E552
1E+14,descr553,400,74.37,1,juego553,E553
1E+14,descr554,400,74.37,1,juego554,E554
1E+14,descr555,400,74.37,1,juego555,E555
1E+14,descr556,400,74.37,1,juego556,E556
1E+14,descr557,400,74.37,1,juego557,E557
1E+14,descr558,400,74.37,1,juego558,E558
1E+14,descr559,400,74.37,1,juego559,E559
1E+14,descr560,400,74.37,1,juego560,E560
1E+14,descr561,400,74.37,1,juego561,E561
1E+14,descr562,400,74.37,1,juego562,E562
1E+14,descr563,400,74.37,1,juego563,E563
1E+14,descr564,400,74.37,1,juego564,E564
1E+14,descr565,400,74.37,1,juego565,E565
1E+14,descr566,400,74.37,1,juego566,E566
1E+14,descr567,400,74.37,1,juego567,E567
1E+14,descr568,400,74.37,1,juego568,E568
1E+14,descr569,400,74.37,1,juego569,E569
1E+14,descr570,400,74.37,1,juego570,E570
1E+14,descr571,400,74.37,1,juego571,E571
1E+14,descr572,400,74.37,1,juego572,E572
1E+14,descr573,400,74.37,1,juego573,E573
1E+14,descr574,400,74.37,1,juego574,E574
1E+14,descr575,400,74.37,1,juego575,E575
1E+14,descr576,400,74.37,1,juego576,E576
1E+14,descr577,400,74.37,1,juego577,E577
1E+14,descr578,400,74.37,1,juego578,E578
1E+14,descr579,400,74.37,1,juego579,E579
1E+14,descr580,400,74.37,1,juego580,E580
1E+14,descr581,400,74.37,1,juego581,E581
1E+14,descr582,400,74.37,1,juego582,E582
1E+14,descr583,400,74.37,1,juego583,E583
1E+14,descr584,400,74.37,1,juego584,E584
1E+14,descr585,400,74.37,1,juego585,E585
1E+14,descr586,400,74.37,1,juego586,E586
1E+14,descr587,400,74.37,1,juego587,E587
1E+14,descr588,400,74.37,1,juego588,E588
1E+14,descr589,400,74.37,1,juego589,E589
1E+14,descr590,400,74.37,1,juego590,E590
1E+14,descr591,400,74.37,1,juego591,E591
1E+14,descr592,400,74.37,1,juego592,E592
1E+14,descr593,400,74.37,1,juego593,E593
1E+14,descr594,400,74.37,1,juego594,E594
1E+14,descr595,400,74.37,1,juego595,E595
1E+14,descr596,400,74.37,1,juego596,E596
1E+14,descr597,400,74.37,1,juego597,E597
1E+14,descr598,400,74.37,1,juego598,E598
1E+14,descr599,400,74.37,1,juego599,E599
1E+14,descr600,400,74.37,1,juego600,E600
1E+14,descr601,400,74.37,1,juego601,E601
1E+14,descr602,400,74.37,1,juego602,E602
1E+14,descr603,400,74.37,1,juego603,E603
1E+14,descr604,400,74.37,1,juego604,E604
1E+14,descr605,400,74.37,1,juego605,E605
1E+14,descr606,400,74.37,1,juego606,E606
1E+14,descr607,400,74.37,1,juego607,E607
1E+14,descr608,400,74.37,1,juego608,E608
1E+14,descr609,400,74.37,1,juego609,E609
1E+14,descr610,400,74.37,1,juego610,E610
1E+14,descr611,400,74.37,1,juego611,E611
1E+14,descr612,400,74.37,1,juego612,E612
1E+14,descr613,400,74.37,1,juego613,E613
1E+14,descr614,400,74.37,1,juego614,E614
1E+14,descr615,400,74.37,1,juego615,E615
1E+14,descr616,400,74.37,1,juego616,E616
1E+14,descr617,400,74.37,1,juego617,E617
1E+14,descr618,400,74.37,1,juego618,E618
1E+14,descr619,400,74.37,1,juego619,E619
1E+14,descr620,400,74.37,1,juego620,E620
1E+14,descr621,400,74.37,1,juego621,E621
1E+14,descr622,400,74.37,1,juego622,E622
1E+14,descr623,400,74.37,1,juego623,E623
1E+14,descr624,400,74.37,1,juego624,E624
1E+14,descr625,400,74.37,1,juego625,E625
1E+14,descr626,400,74.37,1,juego626,E626
1E+14,descr627,400,74.37,1,juego627,E627
1E+14,descr628,400,74.37,1,juego628,E628
1E+14,descr629,400,74.37,1,juego629,E629
1E+14,descr630,400,74.37,1,juego630,E630
1E+14,descr631,400,74.37,1,juego631,E631
1E+14,descr632,400,74.37,1,juego632,E632
1E+14,descr633,400,74.37,1,juego633,E633
1E+14,descr634,400,74.37,1,juego634,E634
1E+14,descr635,400,74.37,1,juego635,E635
1E+14,descr636,400,74.37,1,juego636,E636
1E+14,descr637,400,74.37,1,juego637,E637
1E+14,descr638,400,74.37,1,juego638,E638
1E+14,descr639,400,74.37,1,juego639,E639
1E+14,descr640,400,74.37,1,juego640,E640
1E+14,descr641,400,74.37,1,juego641,E641
1E+14,descr642,400,74.37,1,juego642,E642
1E+14,descr643,400,74.37,1,juego643,E643
1E+14,descr644,400,74.37,1,juego644,E644
1E+14,descr645,400,74.37,1,juego645,E645
1E+14,descr646,400,74.37,1,juego646,E646
1E+14,descr647,400,74.37,1,juego647,E647
1E+14,descr648,400,74.37,1,juego648,E648
1E+14,descr649,400,74.37,1,juego649,E649
1E+14,descr650,400,74.37,1,juego650,E650
1E+14,descr651,400,74.37,1,juego651,E651
1E+14,descr652,400,74.37,1,juego652,E652
1E+14,descr653,400,74.37,1,juego653,E653
1E+14,descr654,400,74.37,1,juego654,E654
1E+14,descr655,400,74.37,1,juego655,E655
1E+14,descr656,400,74.37,1,juego656,E656
1E+14,descr657,400,74.37,1,juego657,E657
1E+14,descr658,400,74.37,1,juego658,E658
1E+14,descr659,400,74.37,1,juego659,E659
1E+14,descr660,400,74.37,1,juego660,E660
1E+14,descr661,400,74.37,1,juego661,E661
1E+14,descr662,400,74.37,1,juego662,E662
1E+14,descr663,400,74.37,1,juego663,E663
1E+14,descr664,400,74.37,1,juego664,E664
1E+14,descr665,400,74.37,1,juego665,E665
1E+14,descr666,400,74.37,1,juego666,E666
1E+14,descr667,400,74.37,1,juego667,E667
1E+14,descr668,400,74.37,1,juego668,E668
1E+14,descr669,400,74.37,1,juego669,E669
1E+14,descr670,400,74.37,1,juego670,E670
1E+14,descr671,400,74.37,1,juego671,E671
1E+14,descr672,400,74.37,1,juego672,E672
1E+14,descr673,400,74.37,1,juego673,E673
1E+14,descr674,400,74.37,1,juego674,E674
1E+14,descr675,400,74.37,1,juego675,E675
1E+14,descr676,400,74.37,1,juego676,E676
1E+14,descr677,400,74.37,1,juego677,E677
1E+14,descr678,400,74.37,1,juego678,E678
1E+14,descr679,400,74.37,1,juego679,E679
1E+14,descr680,400,74.37,1,juego680,E680
1E+14,descr681,400,74.37,1,juego681,E681
1E+14,descr682,400,74.37,1,juego682,E682
1E+14,descr683,400,74.37,1,juego683,E683
1E+14,descr684,400,74.37,1,juego684,E684
1E+14,descr685,400,74.37,1,juego685,E685
1E+14,descr686,400,74.37,1,juego686,E686
1E+14,descr687,400,74.37,1,juego687,E687
1E+14,descr688,400,74.37,1,juego688,E688
1E+14,descr689,400,74.37,1,juego689,E689
1E+14,descr690,400,74.37,1,juego690,E690
1E+14,descr691,400,74.37,1,juego691,E691
1E+14,descr692,400,74.37,1,juego692,E692
1E+14,descr693,400,74.37,1,juego693,E693
1E+14,descr694,400,74.37,1,juego694,E694
1E+14,descr695,400,74.37,1,juego695,E695
1E+14,descr696,400,74.37,1,juego696,E696
1E+14,descr697,400,74.37,1,juego697,E697
1E+14,descr698,400,74.37,1,juego698,E698
1E+14,descr699,400,74.37,1,juego699,E699
1E+14,descr700,400,74.37,1,juego700,E700
1E+14,descr701,400,74.37,1,juego701,E701
1E+14,descr702,400,74.37,1,juego702,E702
1E+14,descr703,400,74.37,1,juego703,E703
1E+14,descr704,400,74.37,1,juego704,E704
1E+14,descr705,400,74.37,1,juego705,E705
1E+14,descr706,400,74.37,1,juego706,E706
1E+14,descr707,400,74.37,1,juego707,E707
1E+14,descr708,400,74.37,1,juego708,E708
1E+14,descr709,400,74.37,1,juego709,E709
1E+14,descr710,400,74.37,1,juego710,E710
1E+14,descr711,400,74.37,1,juego711,E711
1E+14,descr712,400,74.37,1,juego712,E712
1E+14,descr713,400,74.37,1,juego713,E713
1E+14,descr714,400,74.37,1,juego714,E714
1E+14,descr715,400,74.37,1,juego715,E715
1E+14,descr716,400,74.37,1,juego716,E716
1E+14,descr717,400,74.37,1,juego717,E717
1E+14,descr718,400,74.37,1,juego718,E718
1E+14,descr719,400,74.37,1,juego719,E719
1E+14,descr720,400,74.37,1,juego720,E720
1E+14,descr721,400,74.37,1,juego721,E721
1E+14,descr722,400,74.37,1,juego722,E722
1E+14,descr723,400,74.37,1,juego723,E723
1E+14,descr724,400,74.37,1,juego724,E724
1E+14,descr725,400,74.37,1,juego725,E725
1E+14,descr726,400,74.37,1,juego726,E726
1E+14,descr727,400,74.37,1,juego727,E727
1E+14,descr728,400,74.37,1,juego728,E728
1E+14,descr729,400,74.37,1,juego729,E729
1E+14,descr730,400,74.37,1,juego730,E730
1E+14,descr731,400,74.37,1,juego731,E731
1E+14,descr732,400,74.37,1,juego732,E732
1E+14,descr733,400,74.37,1,juego733,E733
1E+14,descr734,400,74.37,1,juego734,E734
1E+14,descr735,400,74.37,1,juego735,E735
1E+14,descr736,400,74.37,1,juego736,E736
1E+14,descr737,400,74.37,1,juego737,E737
1E+14,descr738,400,74.37,1,juego738,E738
1E+14,descr739,400,74.37,1,juego739,E739
1E+14,descr740,400,74.37,1,juego740,E740
1E+14,descr741,400,74.37,1,juego741,E741
1E+14,descr742,400,74.37,1,juego742,E742
1E+14,descr743,400,74.37,1,juego743,E743
1E+14,descr744,400,74.37,1,juego744,E744
1E+14,descr745,400,74.37,1,juego745,E745
1E+14,descr746,400,74.37,1,juego746,E746
1E+14,descr747,400,74.37,1,juego747,E747
1E+14,descr748,400,74.37,1,juego748,E748
1E+14,descr749,400,74.37,1,juego749,E749
1E+14,descr750,400,74.37,1,juego750,E750
1E+14,descr751,400,74.37,1,juego751,E751
1E+14,descr752,400,74.37,1,juego752,E752
1E+14,descr753,400,74.37,1,juego753,E753
1E+14,descr754,400,74.37,1,juego754,E754
1E+14,descr755,400,74.37,1,juego755,E755
1E+14,descr756,400,74.37,1,juego756,E756
1E+14,descr757,400,74.37,1,juego757,E757
1E+14,descr758,400,74.37,1,juego758,E758
1E+14,descr759,400,74.37,1,juego759,E759
1E+14,descr760,400,74.37,1,juego760,E760
1E+14,descr761,400,74.37,1,juego761,E761
1E+14,descr762,400,74.37,1,juego762,E762
1E+14,descr763,400,74.37,1,juego763,E763
1E+14,descr764,400,74.37,1,juego764,E764
1E+14,descr765,400,74.37,1,juego765,E765
1E+14,descr766,400,74.37,1,juego766,E766
1E+14,descr767,400,74.37,1,juego767,E767
1E+14,descr768,400,74.37,1,juego768,E768
1E+14,descr769,400,74.37,1,juego769,E769
1E+14,descr770,400,74.37,1,juego770,E770
1E+14,descr771,400,74.37,1,juego771,E771
1E+14,descr772,400,74.37,1,juego772,E772
1E+14,descr773,400,74.37,1,juego773,E773
1E+14,descr774,400,74.37,1,juego774,E774
1E+14,descr775,400,74.37,1,juego775,E775
1E+14,descr776,400,74.37,1,juego776,E776
1E+14,descr777,400,74.37,1,juego777,E777
1E+14,descr778,400,74.37,1,juego778,E778
1E+14,descr779,400,74.37,1,juego779,E779
1E+14,descr780,400,74.37,1,juego780,E780
1E+14,descr781,400,74.37,1,juego781,E781
1E+14,descr782,400,74.37,1,juego782,E782
1E+14,descr783,400,74.37,1,juego783,E783
1E+14,descr784,400,74.37,1,juego784,E784
1E+14,descr785,400,74.37,1,juego785,E785
1E+14,descr786,400,74.37,1,juego786,E786
1E+14,descr787,400,74.37,1,juego787,E787
1E+14,descr788,400,74.37,1,juego788,E788
1E+14,descr789,400,74.37,1,juego789,E789
1E+14,descr790,400,74.37,1,juego790,E790
1E+14,descr791,400,74.37,1,juego791,E791
1E+14,descr792,400,74.37,1,juego792,E792
1E+14,descr793,400,74.37,1,juego793,E793
1E+14,descr794,400,74.37,1,juego794,E794
1E+14,descr795,400,74.37,1,juego795,E795
1E+14,descr796,400,74.37,1,juego796,E796
1E+14,descr797,400,74.37,1,juego797,E797
1E+14,descr798,400,74.37,1,juego798,E798
1E+14,descr799,400,74.37,1,juego799,E799
1E+14,descr800,400,74.37,1,juego800,E800
1E+14,descr801,400,74.37,1,juego801,E801
1E+14,descr802,400,74.37,1,juego802,E802
1E+14,descr803,400,74.37,1,juego803,E803
1E+14,descr804,400,74.37,1,juego804,E804
1E+14,descr805,400,74.37,1,juego805,E805
1E+14,descr806,400,74.37,1,juego806,E806
1E+14,descr807,400,74.37,1,juego807,E807
1E+14,descr808,400,74.37,1,juego808,E808
1E+14,descr809,400,74.37,1,juego809,E809
1E+14,descr810,400,74.37,1,juego810,E810
1E+14,descr811,400,74.37,1,juego811,E811
1E+14,descr812,400,74.37,1,juego812,E812
1E+14,descr813,400,74.37,1,juego813,E813
1E+14,descr814,400,74.37,1,juego814,E814
1E+14,descr815,400,74.37,1,juego815,E815
1E+14,descr816,400,74.37,1,juego816,E816
1E+14,descr817,400,74.37,1,juego817,E817
1E+14,descr818,400,74.37,1,juego818,E818
1E+14,descr819,400,74.37,1,juego819,E819
1E+14,descr820,400,74.37,1,juego820,E820
1E+14,descr821,400,74.37,1,juego821,E821
1E+14,descr822,400,74.37,1,juego822,E822
1E+14,descr823,400,74.37,1,juego823,E823
1E+14,descr824,400,74.37,1,juego824,E824
1E+14,descr825,400,74.37,1,juego825,E825
1E+14,descr826,400,74.37,1,juego826,E826
1E+14,descr827,400,74.37,1,juego827,E827
1E+14,descr828,400,74.37,1,juego828,E828
1E+14,descr829,400,74.37,1,juego829,E829
1E+14,descr830,400,74.37,1,juego830,E830
1E+14,descr831,400,74.37,1,juego831,E831
1E+14,descr832,400,74.37,1,juego832,E832
1E+14,descr833,400,74.37,1,juego833,E833
1E+14,descr834,400,74.37,1,juego834,E834
1E+14,descr835,400,74.37,1,juego835,E835
1E+14,descr836,400,74.37,1,juego836,E836
1E+14,descr837,400,74.37,1,juego837,E837
1E+14,descr838,400,74.37,1,juego838,E838
1E+14,descr839,400,74.37,1,juego839,E839
1E+14,descr840,400,74.37,1,juego840,E840
1E+14,descr841,400,74.37,1,juego841,E841
1E+14,descr842,400,74.37,1,juego842,E842
1E+14,descr843,400,74.37,1,juego843,E843
1E+14,descr844,400,74.37,1,juego844,E844
1E+14,descr845,400,74.37,1,juego845,E845
1E+14,descr846,400,74.37,1,juego846,E846
1E+14,descr847,400,74.37,1,juego847,E847
1E+14,descr848,400,74.37,1,juego848,E848
1E+14,descr849,400,74.37,1,juego849,E849
1E+14,descr850,400,74.37,1,juego850,E850
1E+14,descr851,400,74.37,1,juego851,E851
1E+14,descr852,400,74.37,1,juego852,E852
1E+14,descr853,400,74.37,1,juego853,E853
1E+14,descr854,400,74.37,1,juego854,E854
1E+14,descr855,400,74.37,1,juego855,E855
1E+14,descr856,400,74.37,1,juego856,E856
1E+14,descr857,400,74.37,1,juego857,E857
1E+14,descr858,400,74.37,1,juego858,E858
1E+14,descr859,400,74.37,1,juego859,E859
1E+14,descr860,400,74.37,1,juego860,E860
1E+14,descr861,400,74.37,1,juego861,E861
1E+14,descr862,400,74.37,1,juego862,E862
1E+14,descr863,400,74.37,1,juego863,E863
1E+14,descr864,400,74.37,1,juego864,E864
1E+14,descr865,400,74.37,1,juego865,E865
1E+14,descr866,400,74.37,1,juego866,E866
1E+14,descr867,400,74.37,1,juego867,E867
1E+14,descr868,400,74.37,1,juego868,E868
1E+14,descr869,400,74.37,1,juego869,E869
1E+14,descr870,400,74.37,1,juego870,E870
1E+14,descr871,400,74.37,1,juego871,E871
1E+14,descr872,400,74.37,1,juego872,E872
1E+14,descr873,400,74.37,1,juego873,E873
1E+14,descr874,400,74.37,1,juego874,E874
1E+14,descr875,400,74.37,1,juego875,E875
1E+14,descr876,400,74.37,1,juego876,E876
1E+14,descr877,400,74.37,1,juego877,E877
1E+14,descr878,400,74.37,1,juego878,E878
1E+14,descr879,400,74.37,1,juego879,E879
1E+14,descr880,400,74.37,1,juego880,E880
1E+14,descr881,400,74.37,1,juego881,E881
1E+14,descr882,400,74.37,1,juego882,E882
1E+14,descr883,400,74.37,1,juego883,E883
1E+14,descr884,400,74.37,1,juego884,E884
1E+14,descr885,400,74.37,1,juego885,E885
1E+14,descr886,400,74.37,1,juego886,E886
1E+14,descr887,400,74.37,1,juego887,E887
1E+14,descr888,400,74.37,1,juego888,E888
1E+14,descr889,400,74.37,1,juego889,E889
1E+14,descr890,400,74.37,1,juego890,E890
1E+14,descr891,400,74.37,1,juego891,E891
1E+14,descr892,400,74.37,1,juego892,E892
1E+14,descr893,400,74.37,1,juego893,E893
1E+14,descr894,400,74.37,1,juego894,E894
1E+14,descr895,400,74.37,1,juego895,E895
1E+14,descr896,400,74.37,1,juego896,E896
1E+14,descr897,400,74.37,1,juego897,E897
1E+14,descr898,400,74.37,1,juego898,E898
1E+14,descr899,400,74.37,1,juego899,E899
1E+14,descr900,400,74.37,1,juego900,E900
1E+14,descr901,400,74.37,1,juego901,E901
1E+14,descr902,400,74.37,1,juego902,E902
1E+14,descr903,400,74.37,1,juego903,E903
1E+14,descr904,400,74.37,1,juego904,E904
1E+14,descr905,400,74.37,1,juego905,E905
1E+14,descr906,400,74.37,1,juego906,E906
1E+14,descr907,400,74.37,1,juego907,E907
1E+14,descr908,400,74.37,1,juego908,E908
1E+14,descr909,400,74.37,1,juego909,E909
1E+14,descr910,400,74.37,1,juego910,E910
1E+14,descr911,400,74.37,1,juego911,E911
1E+14,descr912,400,74.37,1,juego912,E912
1E+14,descr913,400,74.37,1,juego913,E913
1E+14,descr914,400,74.37,1,juego914,E914
1E+14,descr915,400,74.37,1,juego915,E915
1E+14,descr916,400,74.37,1,juego916,E916
1E+14,descr917,400,74.37,1,juego917,E917
1E+14,descr918,400,74.37,1,juego918,E918
1E+14,descr919,400,74.37,1,juego919,E919
1E+14,descr920,400,74.37,1,juego920,E920
1E+14,descr921,400,74.37,1,juego921,E921
1E+14,descr922,400,74.37,1,juego922,E922
1E+14,descr923,400,74.37,1,juego923,E923
1E+14,descr924,400,74.37,1,juego924,E924
1E+14,descr925,400,74.37,1,juego925,E925
1E+14,descr926,400,74.37,1,juego926,E926
1E+14,descr927,400,74.37,1,juego927,E927
1E+14,descr928,400,74.37,1,juego928,E928
1E+14,descr929,400,74.37,1,juego929,E929
1E+14,descr930,400,74.37,1,juego930,E930
1E+14,descr931,400,74.37,1,juego931,E931
1E+14,descr932,400,74.37,1,juego932,E932
1E+14,descr933,400,74.37,1,juego933,E933
1E+14,descr934,400,74.37,1,juego934,E934
1E+14,descr935,400,74.37,1,juego935,E935
1E+14,descr936,400,74.37,1,juego936,E936
1E+14,descr937,400,74.37,1,juego937,E937
1E+14,descr938,400,74.37,1,juego938,E938
1E+14,descr939,400,74.37,1,juego939,E939
1E+14,descr940,400,74.37,1,juego940,E940
1E+14,descr941,400,74.37,1,juego941,E941
1E+14,descr942,400,74.37,1,juego942,E942
1E+14,descr943,400,74.37,1,juego943,E943
1E+14,descr944,400,74.37,1,juego944,E944
1E+14,descr945,400,74.37,1,juego945,E945
1E+14,descr946,400,74.37,1,juego946,E946
1E+14,descr947,400,74.37,1,juego947,E947
1E+14,descr948,400,74.37,1,juego948,E948
1E+14,descr949,400,74.37,1,juego949,E949
1E+14,descr950,400,74.37,1,juego950,E950
1E+14,descr951,400,74.37,1,juego951,E951
1E+14,descr952,400,74.37,1,juego952,E952
1E+14,descr953,400,74.37,1,juego953,E953
1E+14,descr954,400,74.37,1,juego954,E954
1E+14,descr955,400,74.37,1,juego955,E955
1E+14,descr956,400,74.37,1,juego956,E956
1E+14,descr957,400,74.37,1,juego957,E957
1E+14,descr958,400,74.37,1,juego958,E958
1E+14,descr959,400,74.37,1,juego959,E959
1E+14,descr960,400,74.37,1,juego960,E960
1E+14,descr961,400,74.37,1,juego961,E961
1E+14,descr962,400,74.37,1,juego962,E962
1E+14,descr963,400,74.37,1,juego963,E963
1E+14,descr964,400,74.37,1,juego964,E964
1E+14,descr965,400,74.37,1,juego965,E965
1E+14,descr966,400,74.37,1,juego966,E966
1E+14,descr967,400,74.37,1,juego967,E967
1E+14,descr968,400,74.37,1,juego968,E968
1E+14,descr969,400,74.37,1,juego969,E969
1E+14,descr970,400,74.37,1,juego970,E970
1E+14,descr971,400,74.37,1,juego971,E971
1E+14,descr972,400,74.37,1,juego972,E972
1E+14,descr973,400,74.37,1,juego973,E973
1E+14,descr974,400,74.37,1,juego974,E974
1E+14,descr975,400,74.37,1,juego975,E975
1E+14,descr976,400,74.37,1,juego976,E976
1E+14,descr977,400,74.37,1,juego977,E977
1E+14,descr978,400,74.37,1,juego978,E978
1E+14,descr979,400,74.37,1,juego979,E979
1E+14,descr980,400,74.37,1,juego980,E980
1E+14,descr981,400,74.37,1,juego981,E981
1E+14,descr982,400,74.37,1,juego982,E982
1E+14,descr983,400,74.37,1,juego983,E983
1E+14,descr984,400,74.37,1,juego984,E984
1E+14,descr985,400,74.37,1,juego985,E985
1E+14,descr986,400,74.37,1,juego986,E986
1E+14,descr987,400,74.37,1,juego987,E987
1E+14,descr988,400,74.37,1,juego988,E988
1E+14,descr989,400,74.37,1,juego989,E989
1E+14,descr990,400,74.37,1,juego990,E990
1E+14,descr991,400,74.37,1,juego991,E991
1E+14,descr992,400,74.37,1,juego992,E992
1E+14,descr993,400,74.37,1,juego993,E993
1E+14,descr994,400,74.37,1,juego994,E994
1E+14,descr995,400,74.37,1,juego995,E995
1E+14,descr996,400,74.37,1,juego996,E996
1E+14,descr997,400,74.37,1,juego997,E997
1E+14,descr998,400,74.37,1,juego998,E998
1E+14,descr999,400,74.37,1,juego999,E999
1E+14,descr1000,400,74.37,1,juego1000,E1000
1E+14,descr1001,400,74.37,1,juego1001,
1E+14,descr1002,400,74.37,1,juego1002,
1E+14,descr1003,400,74.37,1,juego1003,
1E+14,descr1004,400,74.37,1,juego1004,
1E+14,descr1005,400,74.37,1,juego1005,
1E+14,descr1006,400,74.37,1,juego1006,
1E+14,descr1007,400,74.37,1,juego1007,
1E+14,descr1008,400,74.37,1,juego1008,
1E+14,descr1009,400,74.37,1,juego1009,
1E+14,descr1010,400,74.37,1,juego1010,
1E+14,descr1011,400,74.37,1,juego1011,
1E+14,descr1012,400,74.37,1,juego1012,
1E+14,descr1013,400,74.37,1,juego1013,
1E+14,descr1014,400,74.37,1,juego1014,
1E+14,descr1015,400,74.37,1,juego1015,
1E+14,descr1016,400,74.37,1,juego1016,
1E+14,descr1017,400,74.37,1,juego1017,
1E+14,descr1018,400,74.37,1,juego1018,
1E+14,descr1019,400,74.37,1,juego1019,
1E+14,descr1020,400,74.37,1,juego1020,
1E+14,descr1021,400,74.37,1,juego1021,
1E+14,descr1022,400,74.37,1,juego1022,
1E+14,descr1023,400,74.37,1,juego1023,
1E+14,descr1024,400,74.37,1,juego1024,
1E+14,descr1025,400,74.37,1,juego1025,
1E+14,descr1026,400,74.37,1,juego1026,
1E+14,descr1027,400,74.37,1,juego1027,
1E+14,descr1028,400,74.37,1,juego1028,
1E+14,descr1029,400,74.37,1,juego1029,
1E+14,descr1030,400,74.37,1,juego1030,
1E+14,descr1031,400,74.37,1,juego1031,
1E+14,descr1032,400,74.37,1,juego1032,
1E+14,descr1033,400,74.37,1,juego1033,
1E+14,descr1034,400,74.37,1,juego1034,
1E+14,descr1035,400,74.37,1,juego1035,
1E+14,descr1036,400,74.37,1,juego1036,
1E+14,descr1037,400,74.37,1,juego1037,
1E+14,descr1038,400,74.37,1,juego1038,
1E+14,descr1039,400,74.37,1,juego1039,
1E+14,descr1040,400,74.37,1,juego1040,
1E+14,descr1041,400,74.37,1,juego1041,
1E+14,descr1042,400,74.37,1,juego1042,
1E+14,descr1043,400,74.37,1,juego1043,
1E+14,descr1044,400,74.37,1,juego1044,
1E+14,descr1045,400,74.37,1,juego1045,
1E+14,descr1046,400,74.37,1,juego1046,
1E+14,descr1047,400,74.37,1,juego1047,
1E+14,descr1048,400,74.37,1,juego1048,
1E+14,descr1049,400,74.37,1,juego1049,
1E+14,descr1050,400,74.37,1,juego1050,
1E+14,descr1051,400,74.37,1,juego1051,
1E+14,descr1052,400,74.37,1,juego1052,
1E+14,descr1053,400,74.37,1,juego1053,
1E+14,descr1054,400,74.37,1,juego1054,
1E+14,descr1055,400,74.37,1,juego1055,
1E+14,descr1056,400,74.37,1,juego1056,
1E+14,descr1057,400,74.37,1,juego1057,
1E+14,descr1058,400,74.37,1,juego1058,
1E+14,descr1059,400,74.37,1,juego1059,
1E+14,descr1060,400,74.37,1,juego1060,
1E+14,descr1061,400,74.37,1,juego1061,
1E+14,descr1062,400,74.37,1,juego1062,
1E+14,descr1063,400,74.37,1,juego1063,
1E+14,descr1064,400,74.37,1,juego1064,
1E+14,descr1065,400,74.37,1,juego1065,
1E+14,descr1066,400,74.37,1,juego1066,
1E+14,descr1067,400,74.37,1,juego1067,
1E+14,descr1068,400,74.37,1,juego1068,
1E+14,descr1069,400,74.37,1,juego1069,
1E+14,descr1070,400,74.37,1,juego1070,
1E+14,descr1071,400,74.37,1,juego1071,
1E+14,descr1072,400,74.37,1,juego1072,
1E+14,descr1073,400,74.37,1,juego1073,
1E+14,descr1074,400,74.37,1,juego1074,
1E+14,descr1075,400,74.37,1,juego1075,
1E+14,descr1076,400,74.37,1,juego1076,
1E+14,descr1077,400,74.37,1,juego1077,
1E+14,descr1078,400,74.37,1,juego1078,
1E+14,descr1079,400,74.37,1,juego1079,
1E+14,descr1080,400,74.37,1,juego1080,
1E+14,descr1081,400,74.37,1,juego1081,
1E+14,descr1082,400,74.37,1,juego1082,
1E+14,descr1083,400,74.37,1,juego1083,
1E+14,descr1084,400,74.37,1,juego1084,
1E+14,descr1085,400,74.37,1,juego1085,
1E+14,descr1086,400,74.37,1,juego1086,
1E+14,descr1087,400,74.37,1,juego1087,
1E+14,descr1088,400,74.37,1,juego1088,
1E+14,descr1089,400,74.37,1,juego1089,
1E+14,descr1090,400,74.37,1,juego1090,
1E+14,descr1091,400,74.37,1,juego1091,
1E+14,descr1092,400,74.37,1,juego1092,
1E+14,descr1093,400,74.37,1,juego1093,
1E+14,descr1094,400,74.37,1,juego1094,
1E+14,descr1095,400,74.37,1,juego1095,
1E+14,descr1096,400,74.37,1,juego1096,
1E+14,descr1097,400,74.37,1,juego1097,
1E+14,descr1098,400,74.37,1,juego1098,
1E+14,descr1099,400,74.37,1,juego1099,
1E+14,descr1100,400,74.37,1,juego1100,
1E+14,descr1101,400,74.37,1,juego1101,
1E+14,descr1102,400,74.37,1,juego1102,
1E+14,descr1103,400,74.37,1,juego1103,
1E+14,descr1104,400,74.37,1,juego1104,
1E+14,descr1105,400,74.37,1,juego1105,
1E+14,descr1106,400,74.37,1,juego1106,
1E+14,descr1107,400,74.37,1,juego1107,
1E+14,descr1108,400,74.37,1,juego1108,
1E+14,descr1109,400,74.37,1,juego1109,
1E+14,descr1110,400,74.37,1,juego1110,
1E+14,descr1111,400,74.37,1,juego1111,
1E+14,descr1112,400,74.37,1,juego1112,
1E+14,descr1113,400,74.37,1,juego1113,
1E+14,descr1114,400,74.37,1,juego1114,
1E+14,descr1115,400,74.37,1,juego1115,
1E+14,descr1116,400,74.37,1,juego1116,
1E+14,descr1117,400,74.37,1,juego1117,
1E+14,descr1118,400,74.37,1,juego1118,
1E+14,descr1119,400,74.37,1,juego1119,
1E+14,descr1120,400,74.37,1,juego1120,
1E+14,descr1121,400,74.37,1,juego1121,
1E+14,descr1122,400,74.37,1,juego1122,
1E+14,descr1123,400,74.37,1,juego1123,
1E+14,descr1124,400,74.37,1,juego1124,
1E+14,descr1125,400,74.37,1,juego1125,
1E+14,descr1126,400,74.37,1,juego1126,
1E+14,descr1127,400,74.37,1,juego1127,
1E+14,descr1128,400,74.37,1,juego1128,
1E+14,descr1129,400,74.37,1,juego1129,
1E+14,descr1130,400,74.37,1,juego1130,
1E+14,descr1131,400,74.37,1,juego1131,
1E+14,descr1132,400,74.37,1,juego1132,
1E+14,descr1133,400,74.37,1,juego1133,
1E+14,descr1134,400,74.37,1,juego1134,
1E+14,descr1135,400,74.37,1,juego1135,
1E+14,descr1136,400,74.37,1,juego1136,
1E+14,descr1137,400,74.37,1,juego1137,
1E+14,descr1138,400,74.37,1,juego1138,
1E+14,descr1139,400,74.37,1,juego1139,
1E+14,descr1140,400,74.37,1,juego1140,
1E+14,descr1141,400,74.37,1,juego1141,
1E+14,descr1142,400,74.37,1,juego1142,
1E+14,descr1143,400,74.37,1,juego1143,
1E+14,descr1144,400,74.37,1,juego1144,
1E+14,descr1145,400,74.37,1,juego1145,
1E+14,descr1146,400,74.37,1,juego1146,
1E+14,descr1147,400,74.37,1,juego1147,
1E+14,descr1148,400,74.37,1,juego1148,
1E+14,descr1149,400,74.37,1,juego1149,
1E+14,descr1150,400,74.37,1,juego1150,
1E+14,descr1151,400,74.37,1,juego1151,
1E+14,descr1152,400,74.37,1,juego1152,
1E+14,descr1153,400,74.37,1,juego1153,
1E+14,descr1154,400,74.37,1,juego1154,
1E+14,descr1155,400,74.37,1,juego1155,
1E+14,descr1156,400,74.37,1,juego1156,
1E+14,descr1157,400,74.37,1,juego1157,
1E+14,descr1158,400,74.37,1,juego1158,
1E+14,descr1159,400,74.37,1,juego1159,
1E+14,descr1160,400,74.37,1,juego1160,
1E+14,descr1161,400,74.37,1,juego1161,
1E+14,descr1162,400,74.37,1,juego1162,
1E+14,descr1163,400,74.37,1,juego1163,
1E+14,descr1164,400,74.37,1,juego1164,
1E+14,descr1165,400,74.37,1,juego1165,
1E+14,descr1166,400,74.37,1,juego1166,
1E+14,descr1167,400,74.37,1,juego1167,
1E+14,descr1168,400,74.37,1,juego1168,
1E+14,descr1169,400,74.37,1,juego1169,
1E+14,descr1170,400,74.37,1,juego1170,
1E+14,descr1171,400,74.37,1,juego1171,
1E+14,descr1172,400,74.37,1,juego1172,
1E+14,descr1173,400,74.37,1,juego1173,
1E+14,descr1174,400,74.37,1,juego1174,
1E+14,descr1175,400,74.37,1,juego1175,
1E+14,descr1176,400,74.37,1,juego1176,
1E+14,descr1177,400,74.37,1,juego1177,
1E+14,descr1178,400,74.37,1,juego1178,
1E+14,descr1179,400,74.37,1,juego1179,
1E+14,descr1180,400,74.37,1,juego1180,
1E+14,descr1181,400,74.37,1,juego1181,
1E+14,descr1182,400,74.37,1,juego1182,
1E+14,descr1183,400,74.37,1,juego1183,
1E+14,descr1184,400,74.37,1,juego1184,
1E+14,descr1185,400,74.37,1,juego1185,
1E+14,descr1186,400,74.37,1,juego1186,
1E+14,descr1187,400,74.37,1,juego1187,
1E+14,descr1188,400,74.37,1,juego1188,
1E+14,descr1189,400,74.37,1,juego1189,
1E+14,descr1190,400,74.37,1,juego1190,
1E+14,descr1191,400,74.37,1,juego1191,
1E+14,descr1192,400,74.37,1,juego1192,
1E+14,descr1193,400,74.37,1,juego1193,
1E+14,descr1194,400,74.37,1,juego1194,
1E+14,descr1195,400,74.37,1,juego1195,
1E+14,descr1196,400,74.37,1,juego1196,
1E+14,descr1197,400,74.37,1,juego1197,
1E+14,descr1198,400,74.37,1,juego1198,
1E+14,descr1199,400,74.37,1,juego1199,
1E+14,descr1200,400,74.37,1,juego1200,
1E+14,descr1201,400,74.37,1,juego1201,
1E+14,descr1202,400,74.37,1,juego1202,
1E+14,descr1203,400,74.37,1,juego1203,
1E+14,descr1204,400,74.37,1,juego1204,
1E+14,descr1205,400,74.37,1,juego1205,
1E+14,descr1206,400,74.37,1,juego1206,
1E+14,descr1207,400,74.37,1,juego1207,
1E+14,descr1208,400,74.37,1,juego1208,
1E+14,descr1209,400,74.37,1,juego1209,
1E+14,descr1210,400,74.37,1,juego1210,
1E+14,descr1211,400,74.37,1,juego1211,
1E+14,descr1212,400,74.37,1,juego1212,
1E+14,descr1213,400,74.37,1,juego1213,
1E+14,descr1214,400,74.37,1,juego1214,
1E+14,descr1215,400,74.37,1,juego1215,
1E+14,descr1216,400,74.37,1,juego1216,
1E+14,descr1217,400,74.37,1,juego1217,
1E+14,descr1218,400,74.37,1,juego1218,
1E+14,descr1219,400,74.37,1,juego1219,
1E+14,descr1220,400,74.37,1,juego1220,
1E+14,descr1221,400,74.37,1,juego1221,
1E+14,descr1222,400,74.37,1,juego1222,
1E+14,descr1223,400,74.37,1,juego1223,
1E+14,descr1224,400,74.37,1,juego1224,
1E+14,descr1225,400,74.37,1,juego1225,
1E+14,descr1226,400,74.37,1,juego1226,
1E+14,descr1227,400,74.37,1,juego1227,
1E+14,descr1228,400,74.37,1,juego1228,
1E+14,descr1229,400,74.37,1,juego1229,
1E+14,descr1230,400,74.37,1,juego1230,
1E+14,descr1231,400,74.37,1,juego1231,
1E+14,descr1232,400,74.37,1,juego1232,
1E+14,descr1233,400,74.37,1,juego1233,
1E+14,descr1234,400,74.37,1,juego1234,
1E+14,descr1235,400,74.37,1,juego1235,
1E+14,descr1236,400,74.37,1,juego1236,
1E+14,descr1237,400,74.37,1,juego1237,
1E+14,descr1238,400,74.37,1,juego1238,
1E+14,descr1239,400,74.37,1,juego1239,
1E+14,descr1240,400,74.37,1,juego1240,
1E+14,descr1241,400,74.37,1,juego1241,
1E+14,descr1242,400,74.37,1,juego1242,
1E+14,descr1243,400,74.37,1,juego1243,
1E+14,descr1244,400,74.37,1,juego1244,
1E+14,descr1245,400,74.37,1,juego1245,
1E+14,descr1246,400,74.37,1,juego1246,
1E+14,descr1247,400,74.37,1,juego1247,
1E+14,descr1248,400,74.37,1,juego1248,
1E+14,descr1249,400,74.37,1,juego1249,
1E+14,descr1250,400,74.37,1,juego1250,
1E+14,descr1251,400,74.37,1,juego1251,
1E+14,descr1252,400,74.37,1,juego1252,
1E+14,descr1253,400,74.37,1,juego1253,
1E+14,descr1254,400,74.37,1,juego1254,
1E+14,descr1255,400,74.37,1,juego1255,
1E+14,descr1256,400,74.37,1,juego1256,
1E+14,descr1257,400,74.37,1,juego1257,
1E+14,descr1258,400,74.37,1,juego1258,
1E+14,descr1259,400,74.37,1,juego1259,
1E+14,descr1260,400,74.37,1,juego1260,
1E+14,descr1261,400,74.37,1,juego1261,
1E+14,descr1262,400,74.37,1,juego1262,
1E+14,descr1263,400,74.37,1,juego1263,
1E+14,descr1264,400,74.37,1,juego1264,
1E+14,descr1265,400,74.37,1,juego1265,
1E+14,descr1266,400,74.37,1,juego1266,
1E+14,descr1267,400,74.37,1,juego1267,
1E+14,descr1268,400,74.37,1,juego1268,
1E+14,descr1269,400,74.37,1,juego1269,
1E+14,descr1270,400,74.37,1,juego1270,
1E+14,descr1271,400,74.37,1,juego1271,
1E+14,descr1272,400,74.37,1,juego1272,
1E+14,descr1273,400,74.37,1,juego1273,
1E+14,descr1274,400,74.37,1,juego1274,
1E+14,descr1275,400,74.37,1,juego1275,
1E+14,descr1276,400,74.37,1,juego1276,
1E+14,descr1277,400,74.37,1,juego1277,
1E+14,descr1278,400,74.37,1,juego1278,
1E+14,descr1279,400,74.37,1,juego1279,
1E+14,descr1280,400,74.37,1,juego1280,
1E+14,descr1281,400,74.37,1,juego1281,
1E+14,descr1282,400,74.37,1,juego1282,
1E+14,descr1283,400,74.37,1,juego1283,
1E+14,descr1284,400,74.37,1,juego1284,
1E+14,descr1285,400,74.37,1,juego1285,
1E+14,descr1286,400,74.37,1,juego1286,
1E+14,descr1287,400,74.37,1,juego1287,
1E+14,descr1288,400,74.37,1,juego1288,
1E+14,descr1289,400,74.37,1,juego1289,
1E+14,descr1290,400,74.37,1,juego1290,
1E+14,descr1291,400,74.37,1,juego1291,
1E+14,descr1292,400,74.37,1,juego1292,
1E+14,descr1293,400,74.37,1,juego1293,
1E+14,descr1294,400,74.37,1,juego1294,
1E+14,descr1295,400,74.37,1,juego1295,
1E+14,descr1296,400,74.37,1,juego1296,
1E+14,descr1297,400,74.37,1,juego1297,
1E+14,descr1298,400,74.37,1,juego1298,
1E+14,descr1299,400,74.37,1,juego1299,
1E+14,descr1300,400,74.37,1,juego1300,
1E+14,descr1301,400,74.37,1,juego1301,
1E+14,descr1302,400,74.37,1,juego1302,
1E+14,descr1303,400,74.37,1,juego1303,
1E+14,descr1304,400,74.37,1,juego1304,
1E+14,descr1305,400,74.37,1,juego1305,
1E+14,descr1306,400,74.37,1,juego1306,
1E+14,descr1307,400,74.37,1,juego1307,
1E+14,descr1308,400,74.37,1,juego1308,
1E+14,descr1309,400,74.37,1,juego1309,
1E+14,descr1310,400,74.37,1,juego1310,
1E+14,descr1311,400,74.37,1,juego1311,
1E+14,descr1312,400,74.37,1,juego1312,
1E+14,descr1313,400,74.37,1,juego1313,
1E+14,descr1314,400,74.37,1,juego1314,
1E+14,descr1315,400,74.37,1,juego1315,
1E+14,descr1316,400,74.37,1,juego1316,
1E+14,descr1317,400,74.37,1,juego1317,
1E+14,descr1318,400,74.37,1,juego1318,
1E+14,descr1319,400,74.37,1,juego1319,
1E+14,descr1320,400,74.37,1,juego1320,
1E+14,descr1321,400,74.37,1,juego1321,
1E+14,descr1322,400,74.37,1,juego1322,
1E+14,descr1323,400,74.37,1,juego1323,
1E+14,descr1324,400,74.37,1,juego1324,
1E+14,descr1325,400,74.37,1,juego1325,
1E+14,descr1326,400,74.37,1,juego1326,
1E+14,descr1327,400,74.37,1,juego1327,
1E+14,descr1328,400,74.37,1,juego1328,
1E+14,descr1329,400,74.37,1,juego1329,
1E+14,descr1330,400,74.37,1,juego1330,
1E+14,descr1331,400,74.37,1,juego1331,
1E+14,descr1332,400,74.37,1,juego1332,
1E+14,descr1333,400,74.37,1,juego1333,
1E+14,descr1334,400,74.37,1,juego1334,
1E+14,descr1335,400,74.37,1,juego1335,
1E+14,descr1336,400,74.37,1,juego1336,
1E+14,descr1337,400,74.37,1,juego1337,
1E+14,descr1338,400,74.37,1,juego1338,
1E+14,descr1339,400,74.37,1,juego1339,
1E+14,descr1340,400,74.37,1,juego1340,
1E+14,descr1341,400,74.37,1,juego1341,
1E+14,descr1342,400,74.37,1,juego1342,
1E+14,descr1343,400,74.37,1,juego1343,
1E+14,descr1344,400,74.37,1,juego1344,
1E+14,descr1345,400,74.37,1,juego1345,
1E+14,descr1346,400,74.37,1,juego1346,
1E+14,descr1347,400,74.37,1,juego1347,
1E+14,descr1348,400,74.37,1,juego1348,
1E+14,descr1349,400,74.37,1,juego1349,
1E+14,descr1350,400,74.37,1,juego1350,
1E+14,descr1351,400,74.37,1,juego1351,
1E+14,descr1352,400,74.37,1,juego1352,
1E+14,descr1353,400,74.37,1,juego1353,
1E+14,descr1354,400,74.37,1,juego1354,
1E+14,descr1355,400,74.37,1,juego1355,
1E+14,descr1356,400,74.37,1,juego1356,
1E+14,descr1357,400,74.37,1,juego1357,
1E+14,descr1358,400,74.37,1,juego1358,
1E+14,descr1359,400,74.37,1,juego1359,
1E+14,descr1360,400,74.37,1,juego1360,
1E+14,descr1361,400,74.37,1,juego1361,
1E+14,descr1362,400,74.37,1,juego1362,
1E+14,descr1363,400,74.37,1,juego1363,
1E+14,descr1364,400,74.37,1,juego1364,
1E+14,descr1365,400,74.37,1,juego1365,
1E+14,descr1366,400,74.37,1,juego1366,
1E+14,descr1367,400,74.37,1,juego1367,
1E+14,descr1368,400,74.37,1,juego1368,
1E+14,descr1369,400,74.37,1,juego1369,
1E+14,descr1370,400,74.37,1,juego1370,
1E+14,descr1371,400,74.37,1,juego1371,
1E+14,descr1372,400,74.37,1,juego1372,
1E+14,descr1373,400,74.37,1,juego1373,
1E+14,descr1374,400,74.37,1,juego1374,
1E+14,descr1375,400,74.37,1,juego1375,
1E+14,descr1376,400,74.37,1,juego1376,
1E+14,descr1377,400,74.37,1,juego1377,
1E+14,descr1378,400,74.37,1,juego1378,
1E+14,descr1379,400,74.37,1,juego1379,
1E+14,descr1380,400,74.37,1,juego1380,
1E+14,descr1381,400,74.37,1,juego1381,
1E+14,descr1382,400,74.37,1,juego1382,
1E+14,descr1383,400,74.37,1,juego1383,
1E+14,descr1384,400,74.37,1,juego1384,
1E+14,descr1385,400,74.37,1,juego1385,
1E+14,descr1386,400,74.37,1,juego1386,
1E+14,descr1387,400,74.37,1,juego1387,
1E+14,descr1388,400,74.37,1,juego1388,
1E+14,descr1389,400,74.37,1,juego1389,
1E+14,descr1390,400,74.37,1,juego1390,
1E+14,descr1391,400,74.37,1,juego1391,
1E+14,descr1392,400,74.37,1,juego1392,
1E+14,descr1393,400,74.37,1,juego1393,
1E+14,descr1394,400,74.37,1,juego1394,
1E+14,descr1395,400,74.37,1,juego1395,
1E+14,descr1396,400,74.37,1,juego1396,
1E+14,descr1397,400,74.37,1,juego1397,
1E+14,descr1398,400,74.37,1,juego1398,
1E+14,descr1399,400,74.37,1,juego1399,
1E+14,descr1400,400,74.37,1,juego1400,
1E+14,descr1401,400,74.37,1,juego1401,
1E+14,descr1402,400,74.37,1,juego1402,
1E+14,descr1403,400,74.37,1,juego1403,
1E+14,descr1404,400,74.37,1,juego1404,
1E+14,descr1405,400,74.37,1,juego1405,
1E+14,descr1406,400,74.37,1,juego1406,
1E+14,descr1407,400,74.37,1,juego1407,
1E+14,descr1408,400,74.37,1,juego1408,
1E+14,descr1409,400,74.37,1,juego1409,
1E+14,descr1410,400,74.37,1,juego1410,
1E+14,descr1411,400,74.37,1,juego1411,
1E+14,descr1412,400,74.37,1,juego1412,
1E+14,descr1413,400,74.37,1,juego1413,
1E+14,descr1414,400,74.37,1,juego1414,
1E+14,descr1415,400,74.37,1,juego1415,
1E+14,descr1416,400,74.37,1,juego1416,
1E+14,descr1417,400,74.37,1,juego1417,
1E+14,descr1418,400,74.37,1,juego1418,
1E+14,descr1419,400,74.37,1,juego1419,
1E+14,descr1420,400,74.37,1,juego1420,
1E+14,descr1421,400,74.37,1,juego1421,
1E+14,descr1422,400,74.37,1,juego1422,
1E+14,descr1423,400,74.37,1,juego1423,
1E+14,descr1424,400,74.37,1,juego1424,
1E+14,descr1425,400,74.37,1,juego1425,
1E+14,descr1426,400,74.37,1,juego1426,
1E+14,descr1427,400,74.37,1,juego1427,
1E+14,descr1428,400,74.37,1,juego1428,
1E+14,descr1429,400,74.37,1,juego1429,
1E+14,descr1430,400,74.37,1,juego1430,
1E+14,descr1431,400,74.37,1,juego1431,
1E+14,descr1432,400,74.37,1,juego1432,
1E+14,descr1433,400,74.37,1,juego1433,
1E+14,descr1434,400,74.37,1,juego1434,
1E+14,descr1435,400,74.37,1,juego1435,
1E+14,descr1436,400,74.37,1,juego1436,
1E+14,descr1437,400,74.37,1,juego1437,
1E+14,descr1438,400,74.37,1,juego1438,
1E+14,descr1439,400,74.37,1,juego1439,
1E+14,descr1440,400,74.37,1,juego1440,
1E+14,descr1441,400,74.37,1,juego1441,
1E+14,descr1442,400,74.37,1,juego1442,
1E+14,descr1443,400,74.37,1,juego1443,
1E+14,descr1444,400,74.37,1,juego1444,
1E+14,descr1445,400,74.37,1,juego1445,
1E+14,descr1446,400,74.37,1,juego1446,
1E+14,descr1447,400,74.37,1,juego1447,
1E+14,descr1448,400,74.37,1,juego1448,
1E+14,descr1449,400,74.37,1,juego1449,
1E+14,descr1450,400,74.37,1,juego1450,
1E+14,descr1451,400,74.37,1,juego1451,
1E+14,descr1452,400,74.37,1,juego1452,
1E+14,descr1453,400,74.37,1,juego1453,
1E+14,descr1454,400,74.37,1,juego1454,
1E+14,descr1455,400,74.37,1,juego1455,
1E+14,descr1456,400,74.37,1,juego1456,
1E+14,descr1457,400,74.37,1,juego1457,
1E+14,descr1458,400,74.37,1,juego1458,
1E+14,descr1459,400,74.37,1,juego1459,
1E+14,descr1460,400,74.37,1,juego1460,
1E+14,descr1461,400,74.37,1,juego1461,
1E+14,descr1462,400,74.37,1,juego1462,
1E+14,descr1463,400,74.37,1,juego1463,
1E+14,descr1464,400,74.37,1,juego1464,
1E+14,descr1465,400,74.37,1,juego1465,
1E+14,descr1466,400,74.37,1,juego1466,
1E+14,descr1467,400,74.37,1,juego1467,
1E+14,descr1468,400,74.37,1,juego1468,
1E+14,descr1469,400,74.37,1,juego1469,
1E+14,descr1470,400,74.37,1,juego1470,
1E+14,descr1471,400,74.37,1,juego1471,
1E+14,descr1472,400,74.37,1,juego1472,
1E+14,descr1473,400,74.37,1,juego1473,
1E+14,descr1474,400,74.37,1,juego1474,
1E+14,descr1475,400,74.37,1,juego1475,
1E+14,descr1476,400,74.37,1,juego1476,
1E+14,descr1477,400,74.37,1,juego1477,
1E+14,descr1478,400,74.37,1,juego1478,
1E+14,descr1479,400,74.37,1,juego1479,
1E+14,descr1480,400,74.37,1,juego1480,
1E+14,descr1481,400,74.37,1,juego1481,
1E+14,descr1482,400,74.37,1,juego1482,
1E+14,descr1483,400,74.37,1,juego1483,
1E+14,descr1484,400,74.37,1,juego1484,
1E+14,descr1485,400,74.37,1,juego1485,
1E+14,descr1486,400,74.37,1,juego1486,
1E+14,descr1487,400,74.37,1,juego1487,
1E+14,descr1488,400,74.37,1,juego1488,
1E+14,descr1489,400,74.37,1,juego1489,
1E+14,descr1490,400,74.37,1,juego1490,
1E+14,descr1491,400,74.37,1,juego1491,
1E+14,descr1492,400,74.37,1,juego1492,
1E+14,descr1493,400,74.37,1,juego1493,
1E+14,descr1494,400,74.37,1,juego1494,
1E+14,descr1495,400,74.37,1,juego1495,
1E+14,descr1496,400,74.37,1,juego1496,
1E+14,descr1497,400,74.37,1,juego1497,
1E+14,descr1498,400,74.37,1,juego1498,
1E+14,descr1499,400,74.37,1,juego1499,
1E+14,descr1500,400,74.37,1,juego1500,
1E+14,descr1501,400,74.37,1,juego1501,
1E+14,descr1502,400,74.37,1,juego1502,
1E+14,descr1503,400,74.37,1,juego1503,
1E+14,descr1504,400,74.37,1,juego1504,
1E+14,descr1505,400,74.37,1,juego1505,
1E+14,descr1506,400,74.37,1,juego1506,
1E+14,descr1507,400,74.37,1,juego1507,
1E+14,descr1508,400,74.37,1,juego1508,
1E+14,descr1509,400,74.37,1,juego1509,
1E+14,descr1510,400,74.37,1,juego1510,
1E+14,descr1511,400,74.37,1,juego1511,
1E+14,descr1512,400,74.37,1,juego1512,
1E+14,descr1513,400,74.37,1,juego1513,
1E+14,descr1514,400,74.37,1,juego1514,
1E+14,descr1515,400,74.37,1,juego1515,
1E+14,descr1516,400,74.37,1,juego1516,
1E+14,descr1517,400,74.37,1,juego1517,
1E+14,descr1518,400,74.37,1,juego1518,
1E+14,descr1519,400,74.37,1,juego1519,
1E+14,descr1520,400,74.37,1,juego1520,
1E+14,descr1521,400,74.37,1,juego1521,
1E+14,descr1522,400,74.37,1,juego1522,
1E+14,descr1523,400,74.37,1,juego1523,
1E+14,descr1524,400,74.37,1,juego1524,
1E+14,descr1525,400,74.37,1,juego1525,
1E+14,descr1526,400,74.37,1,juego1526,
1E+14,descr1527,400,74.37,1,juego1527,
1E+14,descr1528,400,74.37,1,juego1528,
1E+14,descr1529,400,74.37,1,juego1529,
1E+14,descr1530,400,74.37,1,juego1530,
1E+14,descr1531,400,74.37,1,juego1531,
1E+14,descr1532,400,74.37,1,juego1532,
1E+14,descr1533,400,74.37,1,juego1533,
1E+14,descr1534,400,74.37,1,juego1534,
1E+14,descr1535,400,74.37,1,juego1535,
1E+14,descr1536,400,74.37,1,juego1536,
1E+14,descr1537,400,74.37,1,juego1537,
1E+14,descr1538,400,74.37,1,juego1538,
1E+14,descr1539,400,74.37,1,juego1539,
1E+14,descr1540,400,74.37,1,juego1540,
1E+14,descr1541,400,74.37,1,juego1541,
1E+14,descr1542,400,74.37,1,juego1542,
1E+14,descr1543,400,74.37,1,juego1543,
1E+14,descr1544,400,74.37,1,juego1544,
1E+14,descr1545,400,74.37,1,juego1545,
1E+14,descr1546,400,74.37,1,juego1546,
1E+14,descr1547,400,74.37,1,juego1547,
1E+14,descr1548,400,74.37,1,juego1548,
1E+14,descr1549,400,74.37,1,juego1549,
1E+14,descr1550,400,74.37,1,juego1550,
1E+14,descr1551,400,74.37,1,juego1551,
1E+14,descr1552,400,74.37,1,juego1552,
1E+14,descr1553,400,74.37,1,juego1553,
1E+14,descr1554,400,74.37,1,juego1554,
1E+14,descr1555,400,74.37,1,juego1555,
1E+14,descr1556,400,74.37,1,juego1556,
1E+14,descr1557,400,74.37,1,juego1557,
1E+14,descr1558,400,74.37,1,juego1558,
1E+14,descr1559,400,74.37,1,juego1559,
1E+14,descr1560,400,74.37,1,juego1560,
1E+14,descr1561,400,74.37,1,juego1561,
1E+14,descr1562,400,74.37,1,juego1562,
1E+14,descr1563,400,74.37,1,juego1563,
1E+14,descr1564,400,74.37,1,juego1564,
1E+14,descr1565,400,74.37,1,juego1565,
1E+14,descr1566,400,74.37,1,juego1566,
1E+14,descr1567,400,74.37,1,juego1567,
1E+14,descr1568,400,74.37,1,juego1568,
1E+14,descr1569,400,74.37,1,juego1569,
1E+14,descr1570,400,74.37,1,juego1570,
1E+14,descr1571,400,74.37,1,juego1571,
1E+14,descr1572,400,74.37,1,juego1572,
1E+14,descr1573,400,74.37,1,juego1573,
1E+14,descr1574,400,74.37,1,juego1574,
1E+14,descr1575,400,74.37,1,juego1575,
1E+14,descr1576,400,74.37,1,juego1576,
1E+14,descr1577,400,74.37,1,juego1577,
1E+14,descr1578,400,74.37,1,juego1578,
1E+14,descr1579,400,74.37,1,juego1579,
1E+14,descr1580,400,74.37,1,juego1580,
1E+14,descr1581,400,74.37,1,juego1581,
1E+14,descr1582,400,74.37,1,juego1582,
1E+14,descr1583,400,74.37,1,juego1583,
1E+14,descr1584,400,74.37,1,juego1584,
1E+14,descr1585,400,74.37,1,juego1585,
1E+14,descr1586,400,74.37,1,juego1586,
1E+14,descr1587,400,74.37,1,juego1587,
1E+14,descr1588,400,74.37,1,juego1588,
1E+14,descr1589,400,74.37,1,juego1589,
1E+14,descr1590,400,74.37,1,juego1590,
1E+14,descr1591,400,74.37,1,juego1591,
1E+14,descr1592,400,74.37,1,juego1592,
1E+14,descr1593,400,74.37,1,juego1593,
1E+14,descr1594,400,74.37,1,juego1594,
1E+14,descr1595,400,74.37,1,juego1595,
1E+14,descr1596,400,74.37,1,juego1596,
1E+14,descr1597,400,74.37,1,juego1597,
1E+14,descr1598,400,74.37,1,juego1598,
1E+14,descr1599,400,74.37,1,juego1599,
1E+14,descr1600,400,74.37,1,juego1600,
1E+14,descr1601,400,74.37,1,juego1601,
1E+14,descr1602,400,74.37,1,juego1602,
1E+14,descr1603,400,74.37,1,juego1603,
1E+14,descr1604,400,74.37,1,juego1604,
1E+14,descr1605,400,74.37,1,juego1605,
1E+14,descr1606,400,74.37,1,juego1606,
1E+14,descr1607,400,74.37,1,juego1607,
1E+14,descr1608,400,74.37,1,juego1608,
1E+14,descr1609,400,74.37,1,juego1609,
1E+14,descr1610,400,74.37,1,juego1610,
1E+14,descr1611,400,74.37,1,juego1611,
1E+14,descr1612,400,74.37,1,juego1612,
1E+14,descr1613,400,74.37,1,juego1613,
1E+14,descr1614,400,74.37,1,juego1614,
1E+14,descr1615,400,74.37,1,juego1615,
1E+14,descr1616,400,74.37,1,juego1616,
1E+14,descr1617,400,74.37,1,juego1617,
1E+14,descr1618,400,74.37,1,juego1618,
1E+14,descr1619,400,74.37,1,juego1619,
1E+14,descr1620,400,74.37,1,juego1620,
1E+14,descr1621,400,74.37,1,juego1621,
1E+14,descr1622,400,74.37,1,juego1622,
1E+14,descr1623,400,74.37,1,juego1623,
1E+14,descr1624,400,74.37,1,juego1624,
1E+14,descr1625,400,74.37,1,juego1625,
1E+14,descr1626,400,74.37,1,juego1626,
1E+14,descr1627,400,74.37,1,juego1627,
1E+14,descr1628,400,74.37,1,juego1628,
1E+14,descr1629,400,74.37,1,juego1629,
1E+14,descr1630,400,74.37,1,juego1630,
1E+14,descr1631,400,74.37,1,juego1631,
1E+14,descr1632,400,74.37,1,juego1632,
1E+14,descr1633,400,74.37,1,juego1633,
1E+14,descr1634,400,74.37,1,juego1634,
1E+14,descr1635,400,74.37,1,juego1635,
1E+14,descr1636,400,74.37,1,juego1636,
1E+14,descr1637,400,74.37,1,juego1637,
1E+14,descr1638,400,74.37,1,juego1638,
1E+14,descr1639,400,74.37,1,juego1639,
1E+14,descr1640,400,74.37,1,juego1640,
1E+14,descr1641,400,74.37,1,juego1641,
1E+14,descr1642,400,74.37,1,juego1642,
1E+14,descr1643,400,74.37,1,juego1643,
1E+14,descr1644,400,74.37,1,juego1644,
1E+14,descr1645,400,74.37,1,juego1645,
1E+14,descr1646,400,74.37,1,juego1646,
1E+14,descr1647,400,74.37,1,juego1647,
1E+14,descr1648,400,74.37,1,juego1648,
1E+14,descr1649,400,74.37,1,juego1649,
1E+14,descr1650,400,74.37,1,juego1650,
1E+14,descr1651,400,74.37,1,juego1651,
1E+14,descr1652,400,74.37,1,juego1652,
1E+14,descr1653,400,74.37,1,juego1653,
1E+14,descr1654,400,74.37,1,juego1654,
1E+14,descr1655,400,74.37,1,juego1655,
1E+14,descr1656,400,74.37,1,juego1656,
1E+14,descr1657,400,74.37,1,juego1657,
1E+14,descr1658,400,74.37,1,juego1658,
1E+14,descr1659,400,74.37,1,juego1659,
1E+14,descr1660,400,74.37,1,juego1660,
1E+14,descr1661,400,74.37,1,juego1661,
1E+14,descr1662,400,74.37,1,juego1662,
1E+14,descr1663,400,74.37,1,juego1663,
1E+14,descr1664,400,74.37,1,juego1664,
1E+14,descr1665,400,74.37,1,juego1665,
1E+14,descr1666,400,74.37,1,juego1666,
1E+14,descr1667,400,74.37,1,juego1667,
1E+14,descr1668,400,74.37,1,juego1668,
1E+14,descr1669,400,74.37,1,juego1669,
1E+14,descr1670,400,74.37,1,juego1670,
1E+14,descr1671,400,74.37,1,juego1671,
1E+14,descr1672,400,74.37,1,juego1672,
1E+14,descr1673,400,74.37,1,juego1673,
1E+14,descr1674,400,74.37,1,juego1674,
1E+14,descr1675,400,74.37,1,juego1675,
1E+14,descr1676,400,74.37,1,juego1676,
1E+14,descr1677,400,74.37,1,juego1677,
1E+14,descr1678,400,74.37,1,juego1678,
1E+14,descr1679,400,74.37,1,juego1679,
1E+14,descr1680,400,74.37,1,juego1680,
1E+14,descr1681,400,74.37,1,juego1681,
1E+14,descr1682,400,74.37,1,juego1682,
1E+14,descr1683,400,74.37,1,juego1683,
1E+14,descr1684,400,74.37,1,juego1684,
1E+14,descr1685,400,74.37,1,juego1685,
1E+14,descr1686,400,74.37,1,juego1686,
1E+14,descr1687,400,74.37,1,juego1687,
1E+14,descr1688,400,74.37,1,juego1688,
1E+14,descr1689,400,74.37,1,juego1689,
1E+14,descr1690,400,74.37,1,juego1690,
1E+14,descr1691,400,74.37,1,juego1691,
1E+14,descr1692,400,74.37,1,juego1692,
1E+14,descr1693,400,74.37,1,juego1693,
1E+14,descr1694,400,74.37,1,juego1694,
1E+14,descr1695,400,74.37,1,juego1695,
1E+14,descr1696,400,74.37,1,juego1696,
1E+14,descr1697,400,74.37,1,juego1697,
1E+14,descr1698,400,74.37,1,juego1698,
1E+14,descr1699,400,74.37,1,juego1699,
1E+14,descr1700,400,74.37,1,juego1700,
1E+14,descr1701,400,74.37,1,juego1701,
1E+14,descr1702,400,74.37,1,juego1702,
1E+14,descr1703,400,74.37,1,juego1703,
1E+14,descr1704,400,74.37,1,juego1704,
1E+14,descr1705,400,74.37,1,juego1705,
1E+14,descr1706,400,74.37,1,juego1706,
1E+14,descr1707,400,74.37,1,juego1707,
1E+14,descr1708,400,74.37,1,juego1708,
1E+14,descr1709,400,74.37,1,juego1709,
1E+14,descr1710,400,74.37,1,juego1710,
1E+14,descr1711,400,74.37,1,juego1711,
1E+14,descr1712,400,74.37,1,juego1712,
1E+14,descr1713,400,74.37,1,juego1713,
1E+14,descr1714,400,74.37,1,juego1714,
1E+14,descr1715,400,74.37,1,juego1715,
1E+14,descr1716,400,74.37,1,juego1716,
1E+14,descr1717,400,74.37,1,juego1717,
1E+14,descr1718,400,74.37,1,juego1718,
1E+14,descr1719,400,74.37,1,juego1719,
1E+14,descr1720,400,74.37,1,juego1720,
1E+14,descr1721,400,74.37,1,juego1721,
1E+14,descr1722,400,74.37,1,juego1722,
1E+14,descr1723,400,74.37,1,juego1723,
1E+14,descr1724,400,74.37,1,juego1724,
1E+14,descr1725,400,74.37,1,juego1725,
1E+14,descr1726,400,74.37,1,juego1726,
1E+14,descr1727,400,74.37,1,juego1727,
1E+14,descr1728,400,74.37,1,juego1728,
1E+14,descr1729,400,74.37,1,juego1729,
1E+14,descr1730,400,74.37,1,juego1730,
1E+14,descr1731,400,74.37,1,juego1731,
1E+14,descr1732,400,74.37,1,juego1732,
1E+14,descr1733,400,74.37,1,juego1733,
1E+14,descr1734,400,74.37,1,juego1734,
1E+14,descr1735,400,74.37,1,juego1735,
1E+14,descr1736,400,74.37,1,juego1736,
1E+14,descr1737,400,74.37,1,juego1737,
1E+14,descr1738,400,74.37,1,juego1738,
1E+14,descr1739,400,74.37,1,juego1739,
1E+14,descr1740,400,74.37,1,juego1740,
1E+14,descr1741,400,74.37,1,juego1741,
1E+14,descr1742,400,74.37,1,juego1742,
1E+14,descr1743,400,74.37,1,juego1743,
1E+14,descr1744,400,74.37,1,juego1744,
1E+14,descr1745,400,74.37,1,juego1745,
1E+14,descr1746,400,74.37,1,juego1746,
1E+14,descr1747,400,74.37,1,juego1747,
1E+14,descr1748,400,74.37,1,juego1748,
1E+14,descr1749,400,74.37,1,juego1749,
1E+14,descr1750,400,74.37,1,juego1750,
1E+14,descr1751,400,74.37,1,juego1751,
1E+14,descr1752,400,74.37,1,juego1752,
1E+14,descr1753,400,74.37,1,juego1753,
1E+14,descr1754,400,74.37,1,juego1754,
1E+14,descr1755,400,74.37,1,juego1755,
1E+14,descr1756,400,74.37,1,juego1756,
1E+14,descr1757,400,74.37,1,juego1757,
1E+14,descr1758,400,74.37,1,juego1758,
1E+14,descr1759,400,74.37,1,juego1759,
1E+14,descr1760,400,74.37,1,juego1760,
1E+14,descr1761,400,74.37,1,juego1761,
1E+14,descr1762,400,74.37,1,juego1762,
1E+14,descr1763,400,74.37,1,juego1763,
1E+14,descr1764,400,74.37,1,juego1764,
1E+14,descr1765,400,74.37,1,juego1765,
1E+14,descr1766,400,74.37,1,juego1766,
1E+14,descr1767,400,74.37,1,juego1767,
1E+14,descr1768,400,74.37,1,juego1768,
1E+14,descr1769,400,74.37,1,juego1769,
1E+14,descr1770,400,74.37,1,juego1770,
1E+14,descr1771,400,74.37,1,juego1771,
1E+14,descr1772,400,74.37,1,juego1772,
1E+14,descr1773,400,74.37,1,juego1773,
1E+14,descr1774,400,74.37,1,juego1774,
1E+14,descr1775,400,74.37,1,juego1775,
1E+14,descr1776,400,74.37,1,juego1776,
1E+14,descr1777,400,74.37,1,juego1777,
1E+14,descr1778,400,74.37,1,juego1778,
1E+14,descr1779,400,74.37,1,juego1779,
1E+14,descr1780,400,74.37,1,juego1780,
1E+14,descr1781,400,74.37,1,juego1781,
1E+14,descr1782,400,74.37,1,juego1782,
1E+14,descr1783,400,74.37,1,juego1783,
1E+14,descr1784,400,74.37,1,juego1784,
1E+14,descr1785,400,74.37,1,juego1785,
1E+14,descr1786,400,74.37,1,juego1786,
1E+14,descr1787,400,74.37,1,juego1787,
1E+14,descr1788,400,74.37,1,juego1788,
1E+14,descr1789,400,74.37,1,juego1789,
1E+14,descr1790,400,74.37,1,juego1790,
1E+14,descr1791,400,74.37,1,juego1791,
1E+14,descr1792,400,74.37,1,juego1792,
1E+14,descr1793,400,74.37,1,juego1793,
1E+14,descr1794,400,74.37,1,juego1794,
1E+14,descr1795,400,74.37,1,juego1795,
1E+14,descr1796,400,74.37,1,juego1796,
1E+14,descr1797,400,74.37,1,juego1797,
1E+14,descr1798,400,74.37,1,juego1798,
1E+14,descr1799,400,74.37,1,juego1799,
1E+14,descr1800,400,74.37,1,juego1800,
1E+14,descr1801,400,74.37,1,juego1801,
1E+14,descr1802,400,74.37,1,juego1802,
1E+14,descr1803,400,74.37,1,juego1803,
1E+14,descr1804,400,74.37,1,juego1804,
1E+14,descr1805,400,74.37,1,juego1805,
1E+14,descr1806,400,74.37,1,juego1806,
1E+14,descr1807,400,74.37,1,juego1807,
1E+14,descr1808,400,74.37,1,juego1808,
1E+14,descr1809,400,74.37,1,juego1809,
1E+14,descr1810,400,74.37,1,juego1810,
1E+14,descr1811,400,74.37,1,juego1811,
1E+14,descr1812,400,74.37,1,juego1812,
1E+14,descr1813,400,74.37,1,juego1813,
1E+14,descr1814,400,74.37,1,juego1814,
1E+14,descr1815,400,74.37,1,juego1815,
1E+14,descr1816,400,74.37,1,juego1816,
1E+14,descr1817,400,74.37,1,juego1817,
1E+14,descr1818,400,74.37,1,juego1818,
1E+14,descr1819,400,74.37,1,juego1819,
1E+14,descr1820,400,74.37,1,juego1820,
1E+14,descr1821,400,74.37,1,juego1821,
1E+14,descr1822,400,74.37,1,juego1822,
1E+14,descr1823,400,74.37,1,juego1823,
1E+14,descr1824,400,74.37,1,juego1824,
1E+14,descr1825,400,74.37,1,juego1825,
1E+14,descr1826,400,74.37,1,juego1826,
1E+14,descr1827,400,74.37,1,juego1827,
1E+14,descr1828,400,74.37,1,juego1828,
1E+14,descr1829,400,74.37,1,juego1829,
1E+14,descr1830,400,74.37,1,juego1830,
1E+14,descr1831,400,74.37,1,juego1831,
1E+14,descr1832,400,74.37,1,juego1832,
1E+14,descr1833,400,74.37,1,juego1833,
1E+14,descr1834,400,74.37,1,juego1834,
1E+14,descr1835,400,74.37,1,juego1835,
1E+14,descr1836,400,74.37,1,juego1836,
1E+14,descr1837,400,74.37,1,juego1837,
1E+14,descr1838,400,74.37,1,juego1838,
1E+14,descr1839,400,74.37,1,juego1839,
1E+14,descr1840,400,74.37,1,juego1840,
1E+14,descr1841,400,74.37,1,juego1841,
1E+14,descr1842,400,74.37,1,juego1842,
1E+14,descr1843,400,74.37,1,juego1843,
1E+14,descr1844,400,74.37,1,juego1844,
1E+14,descr1845,400,74.37,1,juego1845,
1E+14,descr1846,400,74.37,1,juego1846,
1E+14,descr1847,400,74.37,1,juego1847,
1E+14,descr1848,400,74.37,1,juego1848,
1E+14,descr1849,400,74.37,1,juego1849,
1E+14,descr1850,400,74.37,1,juego1850,
1E+14,descr1851,400,74.37,1,juego1851,
1E+14,descr1852,400,74.37,1,juego1852,
1E+14,descr1853,400,74.37,1,juego1853,
1E+14,descr1854,400,74.37,1,juego1854,
1E+14,descr1855,400,74.37,1,juego1855,
1E+14,descr1856,400,74.37,1,juego1856,
1E+14,descr1857,400,74.37,1,juego1857,
1E+14,descr1858,400,74.37,1,juego1858,
1E+14,descr1859,400,74.37,1,juego1859,
1E+14,descr1860,400,74.37,1,juego1860,
1E+14,descr1861,400,74.37,1,juego1861,
1E+14,descr1862,400,74.37,1,juego1862,
1E+14,descr1863,400,74.37,1,juego1863,
1E+14,descr1864,400,74.37,1,juego1864,
1E+14,descr1865,400,74.37,1,juego1865,
1E+14,descr1866,400,74.37,1,juego1866,
1E+14,descr1867,400,74.37,1,juego1867,
1E+14,descr1868,400,74.37,1,juego1868,
1E+14,descr1869,400,74.37,1,juego1869,
1E+14,descr1870,400,74.37,1,juego1870,
1E+14,descr1871,400,74.37,1,juego1871,
1E+14,descr1872,400,74.37,1,juego1872,
1E+14,descr1873,400,74.37,1,juego1873,
1E+14,descr1874,400,74.37,1,juego1874,
1E+14,descr1875,400,74.37,1,juego1875,
1E+14,descr1876,400,74.37,1,juego1876,
1E+14,descr1877,400,74.37,1,juego1877,
1E+14,descr1878,400,74.37,1,juego1878,
1E+14,descr1879,400,74.37,1,juego1879,
1E+14,descr1880,400,74.37,1,juego1880,
1E+14,descr1881,400,74.37,1,juego1881,
1E+14,descr1882,400,74.37,1,juego1882,
1E+14,descr1883,400,74.37,1,juego1883,
1E+14,descr1884,400,74.37,1,juego1884,
1E+14,descr1885,400,74.37,1,juego1885,
1E+14,descr1886,400,74.37,1,juego1886,
1E+14,descr1887,400,74.37,1,juego1887,
1E+14,descr1888,400,74.37,1,juego1888,
1E+14,descr1889,400,74.37,1,juego1889,
1E+14,descr1890,400,74.37,1,juego1890,
1E+14,descr1891,400,74.37,1,juego1891,
1E+14,descr1892,400,74.37,1,juego1892,
1E+14,descr1893,400,74.37,1,juego1893,
1E+14,descr1894,400,74.37,1,juego1894,
1E+14,descr1895,400,74.37,1,juego1895,
1E+14,descr1896,400,74.37,1,juego1896,
1E+14,descr1897,400,74.37,1,juego1897,
1E+14,descr1898,400,74.37,1,juego1898,
1E+14,descr1899,400,74.37,1,juego1899,
1E+14,descr1900,400,74.37,1,juego1900,
1E+14,descr1901,400,74.37,1,juego1901,
1E+14,descr1902,400,74.37,1,juego1902,
1E+14,descr1903,400,74.37,1,juego1903,
1E+14,descr1904,400,74.37,1,juego1904,
1E+14,descr1905,400,74.37,1,juego1905,
1E+14,descr1906,400,74.37,1,juego1906,
1E+14,descr1907,400,74.37,1,juego1907,
1E+14,descr1908,400,74.37,1,juego1908,
1E+14,descr1909,400,74.37,1,juego1909,
1E+14,descr1910,400,74.37,1,juego1910,
1E+14,descr1911,400,74.37,1,juego1911,
1E+14,descr1912,400,74.37,1,juego1912,
1E+14,descr1913,400,74.37,1,juego1913,
1E+14,descr1914,400,74.37,1,juego1914,
1E+14,descr1915,400,74.37,1,juego1915,
1E+14,descr1916,400,74.37,1,juego1916,
1E+14,descr1917,400,74.37,1,juego1917,
1E+14,descr1918,400,74.37,1,juego1918,
1E+14,descr1919,400,74.37,1,juego1919,
1E+14,descr1920,400,74.37,1,juego1920,
1E+14,descr1921,400,74.37,1,juego1921,
1E+14,descr1922,400,74.37,1,juego1922,
1E+14,descr1923,400,74.37,1,juego1923,
1E+14,descr1924,400,74.37,1,juego1924,
1E+14,descr1925,400,74.37,1,juego1925,
1E+14,descr1926,400,74.37,1,juego1926,
1E+14,descr1927,400,74.37,1,juego1927,
1E+14,descr1928,400,74.37,1,juego1928,
1E+14,descr1929,400,74.37,1,juego1929,
1E+14,descr1930,400,74.37,1,juego1930,
1E+14,descr1931,400,74.37,1,juego1931,
1E+14,descr1932,400,74.37,1,juego1932,
1E+14,descr1933,400,74.37,1,juego1933,
1E+14,descr1934,400,74.37,1,juego1934,
1E+14,descr1935,400,74.37,1,juego1935,
1E+14,descr1936,400,74.37,1,juego1936,
1E+14,descr1937,400,74.37,1,juego1937,
1E+14,descr1938,400,74.37,1,juego1938,
1E+14,descr1939,400,74.37,1,juego1939,
1E+14,descr1940,400,74.37,1,juego1940,
1E+14,descr1941,400,74.37,1,juego1941,
1E+14,descr1942,400,74.37,1,juego1942,
1E+14,descr1943,400,74.37,1,juego1943,
1E+14,descr1944,400,74.37,1,juego1944,
1E+14,descr1945,400,74.37,1,juego1945,
1E+14,descr1946,400,74.37,1,juego1946,
1E+14,descr1947,400,74.37,1,juego1947,
1E+14,descr1948,400,74.37,1,juego1948,
1E+14,descr1949,400,74.37,1,juego1949,
1E+14,descr1950,400,74.37,1,juego1950,
1E+14,descr1951,400,74.37,1,juego1951,
1E+14,descr1952,400,74.37,1,juego1952,
1E+14,descr1953,400,74.37,1,juego1953,
1E+14,descr1954,400,74.37,1,juego1954,
1E+14,descr1955,400,74.37,1,juego1955,
1E+14,descr1956,400,74.37,1,juego1956,
1E+14,descr1957,400,74.37,1,juego1957,
1E+14,descr1958,400,74.37,1,juego1958,
1E+14,descr1959,400,74.37,1,juego1959,
1E+14,descr1960,400,74.37,1,juego1960,
1E+14,descr1961,400,74.37,1,juego1961,
1E+14,descr1962,400,74.37,1,juego1962,
1E+14,descr1963,400,74.37,1,juego1963,
1E+14,descr1964,400,74.37,1,juego1964,
1E+14,descr1965,400,74.37,1,juego1965,
1E+14,descr1966,400,74.37,1,juego1966,
1E+14,descr1967,400,74.37,1,juego1967,
1E+14,descr1968,400,74.37,1,juego1968,
1E+14,descr1969,400,74.37,1,juego1969,
1E+14,descr1970,400,74.37,1,juego1970,
1E+14,descr1971,400,74.37,1,juego1971,
1E+14,descr1972,400,74.37,1,juego1972,
1E+14,descr1973,400,74.37,1,juego1973,
1E+14,descr1974,400,74.37,1,juego1974,
1E+14,descr1975,400,74.37,1,juego1975,
1E+14,descr1976,400,74.37,1,juego1976,
1E+14,descr1977,400,74.37,1,juego1977,
1E+14,descr1978,400,74.37,1,juego1978,
1E+14,descr1979,400,74.37,1,juego1979,
1E+14,descr1980,400,74.37,1,juego1980,
1E+14,descr1981,400,74.37,1,juego1981,
1E+14,descr1982,400,74.37,1,juego1982,
1E+14,descr1983,400,74.37,1,juego1983,
1E+14,descr1984,400,74.37,1,juego1984,
1E+14,descr1985,400,74.37,1,juego1985,
1E+14,descr1986,400,74.37,1,juego1986,
1E+14,descr1987,400,74.37,1,juego1987,
1E+14,descr1988,400,74.37,1,juego1988,
1E+14,descr1989,400,74.37,1,juego1989,
1E+14,descr1990,400,74.37,1,juego1990,
1E+14,descr1991,400,74.37,1,juego1991,
1E+14,descr1992,400,74.37,1,juego1992,
1E+14,descr1993,400,74.37,1,juego1993,
1E+14,descr1994,400,74.37,1,juego1994,
1E+14,descr1995,400,74.37,1,juego1995,
1E+14,descr1996,400,74.37,1,juego1996,
1E+14,descr1997,400,74.37,1,juego1997,
1E+14,descr1998,400,74.37,1,juego1998,
1E+14,descr1999,400,74.37,1,juego1999,
1E+14,descr2000,400,74.37,1,juego2000,
