disenador,codigo
1000000001,propuesta1
1000000002,propuesta2
1000000003,propuesta3
1000000004,propuesta4
1000000005,propuesta5
1000000006,propuesta6
1000000007,propuesta7
1000000008,propuesta8
1000000009,propuesta9
1000000010,propuesta10
1000000011,propuesta11
1000000012,propuesta12
1000000013,propuesta13
1000000014,propuesta14
1000000015,propuesta15
1000000016,propuesta16
1000000017,propuesta17
1000000018,propuesta18
1000000019,propuesta19
1000000020,propuesta20
1000000021,propuesta21
1000000022,propuesta22
1000000023,propuesta23
1000000024,propuesta24
1000000025,propuesta25
1000000026,propuesta26
1000000027,propuesta27
1000000028,propuesta28
1000000029,propuesta29
1000000030,propuesta30
1000000031,propuesta31
1000000032,propuesta32
1000000033,propuesta33
1000000034,propuesta34
1000000035,propuesta35
1000000036,propuesta36
1000000037,propuesta37
1000000038,propuesta38
1000000039,propuesta39
1000000040,propuesta40
1000000041,propuesta41
1000000042,propuesta42
1000000043,propuesta43
1000000044,propuesta44
1000000045,propuesta45
1000000046,propuesta46
1000000047,propuesta47
1000000048,propuesta48
1000000049,propuesta49
1000000050,propuesta50
1000000051,propuesta51
1000000052,propuesta52
1000000053,propuesta53
1000000054,propuesta54
1000000055,propuesta55
1000000056,propuesta56
1000000057,propuesta57
1000000058,propuesta58
1000000059,propuesta59
1000000060,propuesta60
1000000061,propuesta61
1000000062,propuesta62
1000000063,propuesta63
1000000064,propuesta64
1000000065,propuesta65
1000000066,propuesta66
1000000067,propuesta67
1000000068,propuesta68
1000000069,propuesta69
1000000070,propuesta70
1000000071,propuesta71
1000000072,propuesta72
1000000073,propuesta73
1000000074,propuesta74
1000000075,propuesta75
1000000076,propuesta76
1000000077,propuesta77
1000000078,propuesta78
1000000079,propuesta79
1000000080,propuesta80
1000000081,propuesta81
1000000082,propuesta82
1000000083,propuesta83
1000000084,propuesta84
1000000085,propuesta85
1000000086,propuesta86
1000000087,propuesta87
1000000088,propuesta88
1000000089,propuesta89
1000000090,propuesta90
1000000091,propuesta91
1000000092,propuesta92
1000000093,propuesta93
1000000094,propuesta94
1000000095,propuesta95
1000000096,propuesta96
1000000097,propuesta97
1000000098,propuesta98
1000000099,propuesta99
1000000100,propuesta100
1000000101,propuesta101
1000000102,propuesta102
1000000103,propuesta103
1000000104,propuesta104
1000000105,propuesta105
1000000106,propuesta106
1000000107,propuesta107
1000000108,propuesta108
1000000109,propuesta109
1000000110,propuesta110
1000000111,propuesta111
1000000112,propuesta112
1000000113,propuesta113
1000000114,propuesta114
1000000115,propuesta115
1000000116,propuesta116
1000000117,propuesta117
1000000118,propuesta118
1000000119,propuesta119
1000000120,propuesta120
1000000121,propuesta121
1000000122,propuesta122
1000000123,propuesta123
1000000124,propuesta124
1000000125,propuesta125
1000000126,propuesta126
1000000127,propuesta127
1000000128,propuesta128
1000000129,propuesta129
1000000130,propuesta130
1000000131,propuesta131
1000000132,propuesta132
1000000133,propuesta133
1000000134,propuesta134
1000000135,propuesta135
1000000136,propuesta136
1000000137,propuesta137
1000000138,propuesta138
1000000139,propuesta139
1000000140,propuesta140
1000000141,propuesta141
1000000142,propuesta142
1000000143,propuesta143
1000000144,propuesta144
1000000145,propuesta145
1000000146,propuesta146
1000000147,propuesta147
1000000148,propuesta148
1000000149,propuesta149
1000000150,propuesta150
1000000151,propuesta151
1000000152,propuesta152
1000000153,propuesta153
1000000154,propuesta154
1000000155,propuesta155
1000000156,propuesta156
1000000157,propuesta157
1000000158,propuesta158
1000000159,propuesta159
1000000160,propuesta160
1000000161,propuesta161
1000000162,propuesta162
1000000163,propuesta163
1000000164,propuesta164
1000000165,propuesta165
1000000166,propuesta166
1000000167,propuesta167
1000000168,propuesta168
1000000169,propuesta169
1000000170,propuesta170
1000000171,propuesta171
1000000172,propuesta172
1000000173,propuesta173
1000000174,propuesta174
1000000175,propuesta175
1000000176,propuesta176
1000000177,propuesta177
1000000178,propuesta178
1000000179,propuesta179
1000000180,propuesta180
1000000181,propuesta181
1000000182,propuesta182
1000000183,propuesta183
1000000184,propuesta184
1000000185,propuesta185
1000000186,propuesta186
1000000187,propuesta187
1000000188,propuesta188
1000000189,propuesta189
1000000190,propuesta190
1000000191,propuesta191
1000000192,propuesta192
1000000193,propuesta193
1000000194,propuesta194
1000000195,propuesta195
1000000196,propuesta196
1000000197,propuesta197
1000000198,propuesta198
1000000199,propuesta199
1000000200,propuesta200
1000000201,propuesta201
1000000202,propuesta202
1000000203,propuesta203
1000000204,propuesta204
1000000205,propuesta205
1000000206,propuesta206
1000000207,propuesta207
1000000208,propuesta208
1000000209,propuesta209
1000000210,propuesta210
1000000211,propuesta211
1000000212,propuesta212
1000000213,propuesta213
1000000214,propuesta214
1000000215,propuesta215
1000000216,propuesta216
1000000217,propuesta217
1000000218,propuesta218
1000000219,propuesta219
1000000220,propuesta220
1000000221,propuesta221
1000000222,propuesta222
1000000223,propuesta223
1000000224,propuesta224
1000000225,propuesta225
1000000226,propuesta226
1000000227,propuesta227
1000000228,propuesta228
1000000229,propuesta229
1000000230,propuesta230
1000000231,propuesta231
1000000232,propuesta232
1000000233,propuesta233
1000000234,propuesta234
1000000235,propuesta235
1000000236,propuesta236
1000000237,propuesta237
1000000238,propuesta238
1000000239,propuesta239
1000000240,propuesta240
1000000241,propuesta241
1000000242,propuesta242
1000000243,propuesta243
1000000244,propuesta244
1000000245,propuesta245
1000000246,propuesta246
1000000247,propuesta247
1000000248,propuesta248
1000000249,propuesta249
1000000250,propuesta250
1000000251,propuesta251
1000000252,propuesta252
1000000253,propuesta253
1000000254,propuesta254
1000000255,propuesta255
1000000256,propuesta256
1000000257,propuesta257
1000000258,propuesta258
1000000259,propuesta259
1000000260,propuesta260
1000000261,propuesta261
1000000262,propuesta262
1000000263,propuesta263
1000000264,propuesta264
1000000265,propuesta265
1000000266,propuesta266
1000000267,propuesta267
1000000268,propuesta268
1000000269,propuesta269
1000000270,propuesta270
1000000271,propuesta271
1000000272,propuesta272
1000000273,propuesta273
1000000274,propuesta274
1000000275,propuesta275
1000000276,propuesta276
1000000277,propuesta277
1000000278,propuesta278
1000000279,propuesta279
1000000280,propuesta280
1000000281,propuesta281
1000000282,propuesta282
1000000283,propuesta283
1000000284,propuesta284
1000000285,propuesta285
1000000286,propuesta286
1000000287,propuesta287
1000000288,propuesta288
1000000289,propuesta289
1000000290,propuesta290
1000000291,propuesta291
1000000292,propuesta292
1000000293,propuesta293
1000000294,propuesta294
1000000295,propuesta295
1000000296,propuesta296
1000000297,propuesta297
1000000298,propuesta298
1000000299,propuesta299
1000000300,propuesta300
1000000301,propuesta301
1000000302,propuesta302
1000000303,propuesta303
1000000304,propuesta304
1000000305,propuesta305
1000000306,propuesta306
1000000307,propuesta307
1000000308,propuesta308
1000000309,propuesta309
1000000310,propuesta310
1000000311,propuesta311
1000000312,propuesta312
1000000313,propuesta313
1000000314,propuesta314
1000000315,propuesta315
1000000316,propuesta316
1000000317,propuesta317
1000000318,propuesta318
1000000319,propuesta319
1000000320,propuesta320
1000000321,propuesta321
1000000322,propuesta322
1000000323,propuesta323
1000000324,propuesta324
1000000325,propuesta325
1000000326,propuesta326
1000000327,propuesta327
1000000328,propuesta328
1000000329,propuesta329
1000000330,propuesta330
1000000331,propuesta331
1000000332,propuesta332
1000000333,propuesta333
1000000334,propuesta334
1000000335,propuesta335
1000000336,propuesta336
1000000337,propuesta337
1000000338,propuesta338
1000000339,propuesta339
1000000340,propuesta340
1000000341,propuesta341
1000000342,propuesta342
1000000343,propuesta343
1000000344,propuesta344
1000000345,propuesta345
1000000346,propuesta346
1000000347,propuesta347
1000000348,propuesta348
1000000349,propuesta349
1000000350,propuesta350
1000000351,propuesta351
1000000352,propuesta352
1000000353,propuesta353
1000000354,propuesta354
1000000355,propuesta355
1000000356,propuesta356
1000000357,propuesta357
1000000358,propuesta358
1000000359,propuesta359
1000000360,propuesta360
1000000361,propuesta361
1000000362,propuesta362
1000000363,propuesta363
1000000364,propuesta364
1000000365,propuesta365
1000000366,propuesta366
1000000367,propuesta367
1000000368,propuesta368
1000000369,propuesta369
1000000370,propuesta370
1000000371,propuesta371
1000000372,propuesta372
1000000373,propuesta373
1000000374,propuesta374
1000000375,propuesta375
1000000376,propuesta376
1000000377,propuesta377
1000000378,propuesta378
1000000379,propuesta379
1000000380,propuesta380
1000000381,propuesta381
1000000382,propuesta382
1000000383,propuesta383
1000000384,propuesta384
1000000385,propuesta385
1000000386,propuesta386
1000000387,propuesta387
1000000388,propuesta388
1000000389,propuesta389
1000000390,propuesta390
1000000391,propuesta391
1000000392,propuesta392
1000000393,propuesta393
1000000394,propuesta394
1000000395,propuesta395
1000000396,propuesta396
1000000397,propuesta397
1000000398,propuesta398
1000000399,propuesta399
1000000400,propuesta400
1000000401,propuesta401
1000000402,propuesta402
1000000403,propuesta403
1000000404,propuesta404
1000000405,propuesta405
1000000406,propuesta406
1000000407,propuesta407
1000000408,propuesta408
1000000409,propuesta409
1000000410,propuesta410
1000000411,propuesta411
1000000412,propuesta412
1000000413,propuesta413
1000000414,propuesta414
1000000415,propuesta415
1000000416,propuesta416
1000000417,propuesta417
1000000418,propuesta418
1000000419,propuesta419
1000000420,propuesta420
1000000421,propuesta421
1000000422,propuesta422
1000000423,propuesta423
1000000424,propuesta424
1000000425,propuesta425
1000000426,propuesta426
1000000427,propuesta427
1000000428,propuesta428
1000000429,propuesta429
1000000430,propuesta430
1000000431,propuesta431
1000000432,propuesta432
1000000433,propuesta433
1000000434,propuesta434
1000000435,propuesta435
1000000436,propuesta436
1000000437,propuesta437
1000000438,propuesta438
1000000439,propuesta439
1000000440,propuesta440
1000000441,propuesta441
1000000442,propuesta442
1000000443,propuesta443
1000000444,propuesta444
1000000445,propuesta445
1000000446,propuesta446
1000000447,propuesta447
1000000448,propuesta448
1000000449,propuesta449
1000000450,propuesta450
1000000451,propuesta451
1000000452,propuesta452
1000000453,propuesta453
1000000454,propuesta454
1000000455,propuesta455
1000000456,propuesta456
1000000457,propuesta457
1000000458,propuesta458
1000000459,propuesta459
1000000460,propuesta460
1000000461,propuesta461
1000000462,propuesta462
1000000463,propuesta463
1000000464,propuesta464
1000000465,propuesta465
1000000466,propuesta466
1000000467,propuesta467
1000000468,propuesta468
1000000469,propuesta469
1000000470,propuesta470
1000000471,propuesta471
1000000472,propuesta472
1000000473,propuesta473
1000000474,propuesta474
1000000475,propuesta475
1000000476,propuesta476
1000000477,propuesta477
1000000478,propuesta478
1000000479,propuesta479
1000000480,propuesta480
1000000481,propuesta481
1000000482,propuesta482
1000000483,propuesta483
1000000484,propuesta484
1000000485,propuesta485
1000000486,propuesta486
1000000487,propuesta487
1000000488,propuesta488
1000000489,propuesta489
1000000490,propuesta490
1000000491,propuesta491
1000000492,propuesta492
1000000493,propuesta493
1000000494,propuesta494
1000000495,propuesta495
1000000496,propuesta496
1000000497,propuesta497
1000000498,propuesta498
1000000499,propuesta499
1000000500,propuesta500
1000000501,propuesta501
1000000502,propuesta502
1000000503,propuesta503
1000000504,propuesta504
1000000505,propuesta505
1000000506,propuesta506
1000000507,propuesta507
1000000508,propuesta508
1000000509,propuesta509
1000000510,propuesta510
1000000511,propuesta511
1000000512,propuesta512
1000000513,propuesta513
1000000514,propuesta514
1000000515,propuesta515
1000000516,propuesta516
1000000517,propuesta517
1000000518,propuesta518
1000000519,propuesta519
1000000520,propuesta520
1000000521,propuesta521
1000000522,propuesta522
1000000523,propuesta523
1000000524,propuesta524
1000000525,propuesta525
1000000526,propuesta526
1000000527,propuesta527
1000000528,propuesta528
1000000529,propuesta529
1000000530,propuesta530
1000000531,propuesta531
1000000532,propuesta532
1000000533,propuesta533
1000000534,propuesta534
1000000535,propuesta535
1000000536,propuesta536
1000000537,propuesta537
1000000538,propuesta538
1000000539,propuesta539
1000000540,propuesta540
1000000541,propuesta541
1000000542,propuesta542
1000000543,propuesta543
1000000544,propuesta544
1000000545,propuesta545
1000000546,propuesta546
1000000547,propuesta547
1000000548,propuesta548
1000000549,propuesta549
1000000550,propuesta550
1000000551,propuesta551
1000000552,propuesta552
1000000553,propuesta553
1000000554,propuesta554
1000000555,propuesta555
1000000556,propuesta556
1000000557,propuesta557
1000000558,propuesta558
1000000559,propuesta559
1000000560,propuesta560
1000000561,propuesta561
1000000562,propuesta562
1000000563,propuesta563
1000000564,propuesta564
1000000565,propuesta565
1000000566,propuesta566
1000000567,propuesta567
1000000568,propuesta568
1000000569,propuesta569
1000000570,propuesta570
1000000571,propuesta571
1000000572,propuesta572
1000000573,propuesta573
1000000574,propuesta574
1000000575,propuesta575
1000000576,propuesta576
1000000577,propuesta577
1000000578,propuesta578
1000000579,propuesta579
1000000580,propuesta580
1000000581,propuesta581
1000000582,propuesta582
1000000583,propuesta583
1000000584,propuesta584
1000000585,propuesta585
1000000586,propuesta586
1000000587,propuesta587
1000000588,propuesta588
1000000589,propuesta589
1000000590,propuesta590
1000000591,propuesta591
1000000592,propuesta592
1000000593,propuesta593
1000000594,propuesta594
1000000595,propuesta595
1000000596,propuesta596
1000000597,propuesta597
1000000598,propuesta598
1000000599,propuesta599
1000000600,propuesta600
1000000601,propuesta601
1000000602,propuesta602
1000000603,propuesta603
1000000604,propuesta604
1000000605,propuesta605
1000000606,propuesta606
1000000607,propuesta607
1000000608,propuesta608
1000000609,propuesta609
1000000610,propuesta610
1000000611,propuesta611
1000000612,propuesta612
1000000613,propuesta613
1000000614,propuesta614
1000000615,propuesta615
1000000616,propuesta616
1000000617,propuesta617
1000000618,propuesta618
1000000619,propuesta619
1000000620,propuesta620
1000000621,propuesta621
1000000622,propuesta622
1000000623,propuesta623
1000000624,propuesta624
1000000625,propuesta625
1000000626,propuesta626
1000000627,propuesta627
1000000628,propuesta628
1000000629,propuesta629
1000000630,propuesta630
1000000631,propuesta631
1000000632,propuesta632
1000000633,propuesta633
1000000634,propuesta634
1000000635,propuesta635
1000000636,propuesta636
1000000637,propuesta637
1000000638,propuesta638
1000000639,propuesta639
1000000640,propuesta640
1000000641,propuesta641
1000000642,propuesta642
1000000643,propuesta643
1000000644,propuesta644
1000000645,propuesta645
1000000646,propuesta646
1000000647,propuesta647
1000000648,propuesta648
1000000649,propuesta649
1000000650,propuesta650
1000000651,propuesta651
1000000652,propuesta652
1000000653,propuesta653
1000000654,propuesta654
1000000655,propuesta655
1000000656,propuesta656
1000000657,propuesta657
1000000658,propuesta658
1000000659,propuesta659
1000000660,propuesta660
1000000661,propuesta661
1000000662,propuesta662
1000000663,propuesta663
1000000664,propuesta664
1000000665,propuesta665
1000000666,propuesta666
1000000667,propuesta667
1000000668,propuesta668
1000000669,propuesta669
1000000670,propuesta670
1000000671,propuesta671
1000000672,propuesta672
1000000673,propuesta673
1000000674,propuesta674
1000000675,propuesta675
1000000676,propuesta676
1000000677,propuesta677
1000000678,propuesta678
1000000679,propuesta679
1000000680,propuesta680
1000000681,propuesta681
1000000682,propuesta682
1000000683,propuesta683
1000000684,propuesta684
1000000685,propuesta685
1000000686,propuesta686
1000000687,propuesta687
1000000688,propuesta688
1000000689,propuesta689
1000000690,propuesta690
1000000691,propuesta691
1000000692,propuesta692
1000000693,propuesta693
1000000694,propuesta694
1000000695,propuesta695
1000000696,propuesta696
1000000697,propuesta697
1000000698,propuesta698
1000000699,propuesta699
1000000700,propuesta700
1000000701,propuesta701
1000000702,propuesta702
1000000703,propuesta703
1000000704,propuesta704
1000000705,propuesta705
1000000706,propuesta706
1000000707,propuesta707
1000000708,propuesta708
1000000709,propuesta709
1000000710,propuesta710
1000000711,propuesta711
1000000712,propuesta712
1000000713,propuesta713
1000000714,propuesta714
1000000715,propuesta715
1000000716,propuesta716
1000000717,propuesta717
1000000718,propuesta718
1000000719,propuesta719
1000000720,propuesta720
1000000721,propuesta721
1000000722,propuesta722
1000000723,propuesta723
1000000724,propuesta724
1000000725,propuesta725
1000000726,propuesta726
1000000727,propuesta727
1000000728,propuesta728
1000000729,propuesta729
1000000730,propuesta730
1000000731,propuesta731
1000000732,propuesta732
1000000733,propuesta733
1000000734,propuesta734
1000000735,propuesta735
1000000736,propuesta736
1000000737,propuesta737
1000000738,propuesta738
1000000739,propuesta739
1000000740,propuesta740
1000000741,propuesta741
1000000742,propuesta742
1000000743,propuesta743
1000000744,propuesta744
1000000745,propuesta745
1000000746,propuesta746
1000000747,propuesta747
1000000748,propuesta748
1000000749,propuesta749
1000000750,propuesta750
1000000751,propuesta751
1000000752,propuesta752
1000000753,propuesta753
1000000754,propuesta754
1000000755,propuesta755
1000000756,propuesta756
1000000757,propuesta757
1000000758,propuesta758
1000000759,propuesta759
1000000760,propuesta760
1000000761,propuesta761
1000000762,propuesta762
1000000763,propuesta763
1000000764,propuesta764
1000000765,propuesta765
1000000766,propuesta766
1000000767,propuesta767
1000000768,propuesta768
1000000769,propuesta769
1000000770,propuesta770
1000000771,propuesta771
1000000772,propuesta772
1000000773,propuesta773
1000000774,propuesta774
1000000775,propuesta775
1000000776,propuesta776
1000000777,propuesta777
1000000778,propuesta778
1000000779,propuesta779
1000000780,propuesta780
1000000781,propuesta781
1000000782,propuesta782
1000000783,propuesta783
1000000784,propuesta784
1000000785,propuesta785
1000000786,propuesta786
1000000787,propuesta787
1000000788,propuesta788
1000000789,propuesta789
1000000790,propuesta790
1000000791,propuesta791
1000000792,propuesta792
1000000793,propuesta793
1000000794,propuesta794
1000000795,propuesta795
1000000796,propuesta796
1000000797,propuesta797
1000000798,propuesta798
1000000799,propuesta799
1000000800,propuesta800
1000000801,propuesta801
1000000802,propuesta802
1000000803,propuesta803
1000000804,propuesta804
1000000805,propuesta805
1000000806,propuesta806
1000000807,propuesta807
1000000808,propuesta808
1000000809,propuesta809
1000000810,propuesta810
1000000811,propuesta811
1000000812,propuesta812
1000000813,propuesta813
1000000814,propuesta814
1000000815,propuesta815
1000000816,propuesta816
1000000817,propuesta817
1000000818,propuesta818
1000000819,propuesta819
1000000820,propuesta820
1000000821,propuesta821
1000000822,propuesta822
1000000823,propuesta823
1000000824,propuesta824
1000000825,propuesta825
1000000826,propuesta826
1000000827,propuesta827
1000000828,propuesta828
1000000829,propuesta829
1000000830,propuesta830
1000000831,propuesta831
1000000832,propuesta832
1000000833,propuesta833
1000000834,propuesta834
1000000835,propuesta835
1000000836,propuesta836
1000000837,propuesta837
1000000838,propuesta838
1000000839,propuesta839
1000000840,propuesta840
1000000841,propuesta841
1000000842,propuesta842
1000000843,propuesta843
1000000844,propuesta844
1000000845,propuesta845
1000000846,propuesta846
1000000847,propuesta847
1000000848,propuesta848
1000000849,propuesta849
1000000850,propuesta850
1000000851,propuesta851
1000000852,propuesta852
1000000853,propuesta853
1000000854,propuesta854
1000000855,propuesta855
1000000856,propuesta856
1000000857,propuesta857
1000000858,propuesta858
1000000859,propuesta859
1000000860,propuesta860
1000000861,propuesta861
1000000862,propuesta862
1000000863,propuesta863
1000000864,propuesta864
1000000865,propuesta865
1000000866,propuesta866
1000000867,propuesta867
1000000868,propuesta868
1000000869,propuesta869
1000000870,propuesta870
1000000871,propuesta871
1000000872,propuesta872
1000000873,propuesta873
1000000874,propuesta874
1000000875,propuesta875
1000000876,propuesta876
1000000877,propuesta877
1000000878,propuesta878
1000000879,propuesta879
1000000880,propuesta880
1000000881,propuesta881
1000000882,propuesta882
1000000883,propuesta883
1000000884,propuesta884
1000000885,propuesta885
1000000886,propuesta886
1000000887,propuesta887
1000000888,propuesta888
1000000889,propuesta889
1000000890,propuesta890
1000000891,propuesta891
1000000892,propuesta892
1000000893,propuesta893
1000000894,propuesta894
1000000895,propuesta895
1000000896,propuesta896
1000000897,propuesta897
1000000898,propuesta898
1000000899,propuesta899
1000000900,propuesta900
1000000901,propuesta901
1000000902,propuesta902
1000000903,propuesta903
1000000904,propuesta904
1000000905,propuesta905
1000000906,propuesta906
1000000907,propuesta907
1000000908,propuesta908
1000000909,propuesta909
1000000910,propuesta910
1000000911,propuesta911
1000000912,propuesta912
1000000913,propuesta913
1000000914,propuesta914
1000000915,propuesta915
1000000916,propuesta916
1000000917,propuesta917
1000000918,propuesta918
1000000919,propuesta919
1000000920,propuesta920
1000000921,propuesta921
1000000922,propuesta922
1000000923,propuesta923
1000000924,propuesta924
1000000925,propuesta925
1000000926,propuesta926
1000000927,propuesta927
1000000928,propuesta928
1000000929,propuesta929
1000000930,propuesta930
1000000931,propuesta931
1000000932,propuesta932
1000000933,propuesta933
1000000934,propuesta934
1000000935,propuesta935
1000000936,propuesta936
1000000937,propuesta937
1000000938,propuesta938
1000000939,propuesta939
1000000940,propuesta940
1000000941,propuesta941
1000000942,propuesta942
1000000943,propuesta943
1000000944,propuesta944
1000000945,propuesta945
1000000946,propuesta946
1000000947,propuesta947
1000000948,propuesta948
1000000949,propuesta949
1000000950,propuesta950
1000000951,propuesta951
1000000952,propuesta952
1000000953,propuesta953
1000000954,propuesta954
1000000955,propuesta955
1000000956,propuesta956
1000000957,propuesta957
1000000958,propuesta958
1000000959,propuesta959
1000000960,propuesta960
1000000961,propuesta961
1000000962,propuesta962
1000000963,propuesta963
1000000964,propuesta964
1000000965,propuesta965
1000000966,propuesta966
1000000967,propuesta967
1000000968,propuesta968
1000000969,propuesta969
1000000970,propuesta970
1000000971,propuesta971
1000000972,propuesta972
1000000973,propuesta973
1000000974,propuesta974
1000000975,propuesta975
1000000976,propuesta976
1000000977,propuesta977
1000000978,propuesta978
1000000979,propuesta979
1000000980,propuesta980
1000000981,propuesta981
1000000982,propuesta982
1000000983,propuesta983
1000000984,propuesta984
1000000985,propuesta985
1000000986,propuesta986
1000000987,propuesta987
1000000988,propuesta988
1000000989,propuesta989
1000000990,propuesta990
1000000991,propuesta991
1000000992,propuesta992
1000000993,propuesta993
1000000994,propuesta994
1000000995,propuesta995
1000000996,propuesta996
1000000997,propuesta997
1000000998,propuesta998
1000000999,propuesta999
1000001000,propuesta1000
1000001001,propuesta1001
1000001002,propuesta1002
1000001003,propuesta1003
1000001004,propuesta1004
1000001005,propuesta1005
1000001006,propuesta1006
1000001007,propuesta1007
1000001008,propuesta1008
1000001009,propuesta1009
1000001010,propuesta1010
1000001011,propuesta1011
1000001012,propuesta1012
1000001013,propuesta1013
1000001014,propuesta1014
1000001015,propuesta1015
1000001016,propuesta1016
1000001017,propuesta1017
1000001018,propuesta1018
1000001019,propuesta1019
1000001020,propuesta1020
1000001021,propuesta1021
1000001022,propuesta1022
1000001023,propuesta1023
1000001024,propuesta1024
1000001025,propuesta1025
1000001026,propuesta1026
1000001027,propuesta1027
1000001028,propuesta1028
1000001029,propuesta1029
1000001030,propuesta1030
1000001031,propuesta1031
1000001032,propuesta1032
1000001033,propuesta1033
1000001034,propuesta1034
1000001035,propuesta1035
1000001036,propuesta1036
1000001037,propuesta1037
1000001038,propuesta1038
1000001039,propuesta1039
1000001040,propuesta1040
1000001041,propuesta1041
1000001042,propuesta1042
1000001043,propuesta1043
1000001044,propuesta1044
1000001045,propuesta1045
1000001046,propuesta1046
1000001047,propuesta1047
1000001048,propuesta1048
1000001049,propuesta1049
1000001050,propuesta1050
1000001051,propuesta1051
1000001052,propuesta1052
1000001053,propuesta1053
1000001054,propuesta1054
1000001055,propuesta1055
1000001056,propuesta1056
1000001057,propuesta1057
1000001058,propuesta1058
1000001059,propuesta1059
1000001060,propuesta1060
1000001061,propuesta1061
1000001062,propuesta1062
1000001063,propuesta1063
1000001064,propuesta1064
1000001065,propuesta1065
1000001066,propuesta1066
1000001067,propuesta1067
1000001068,propuesta1068
1000001069,propuesta1069
1000001070,propuesta1070
1000001071,propuesta1071
1000001072,propuesta1072
1000001073,propuesta1073
1000001074,propuesta1074
1000001075,propuesta1075
1000001076,propuesta1076
1000001077,propuesta1077
1000001078,propuesta1078
1000001079,propuesta1079
1000001080,propuesta1080
1000001081,propuesta1081
1000001082,propuesta1082
1000001083,propuesta1083
1000001084,propuesta1084
1000001085,propuesta1085
1000001086,propuesta1086
1000001087,propuesta1087
1000001088,propuesta1088
1000001089,propuesta1089
1000001090,propuesta1090
1000001091,propuesta1091
1000001092,propuesta1092
1000001093,propuesta1093
1000001094,propuesta1094
1000001095,propuesta1095
1000001096,propuesta1096
1000001097,propuesta1097
1000001098,propuesta1098
1000001099,propuesta1099
1000001100,propuesta1100
1000001101,propuesta1101
1000001102,propuesta1102
1000001103,propuesta1103
1000001104,propuesta1104
1000001105,propuesta1105
1000001106,propuesta1106
1000001107,propuesta1107
1000001108,propuesta1108
1000001109,propuesta1109
1000001110,propuesta1110
1000001111,propuesta1111
1000001112,propuesta1112
1000001113,propuesta1113
1000001114,propuesta1114
1000001115,propuesta1115
1000001116,propuesta1116
1000001117,propuesta1117
1000001118,propuesta1118
1000001119,propuesta1119
1000001120,propuesta1120
1000001121,propuesta1121
1000001122,propuesta1122
1000001123,propuesta1123
1000001124,propuesta1124
1000001125,propuesta1125
1000001126,propuesta1126
1000001127,propuesta1127
1000001128,propuesta1128
1000001129,propuesta1129
1000001130,propuesta1130
1000001131,propuesta1131
1000001132,propuesta1132
1000001133,propuesta1133
1000001134,propuesta1134
1000001135,propuesta1135
1000001136,propuesta1136
1000001137,propuesta1137
1000001138,propuesta1138
1000001139,propuesta1139
1000001140,propuesta1140
1000001141,propuesta1141
1000001142,propuesta1142
1000001143,propuesta1143
1000001144,propuesta1144
1000001145,propuesta1145
1000001146,propuesta1146
1000001147,propuesta1147
1000001148,propuesta1148
1000001149,propuesta1149
1000001150,propuesta1150
1000001151,propuesta1151
1000001152,propuesta1152
1000001153,propuesta1153
1000001154,propuesta1154
1000001155,propuesta1155
1000001156,propuesta1156
1000001157,propuesta1157
1000001158,propuesta1158
1000001159,propuesta1159
1000001160,propuesta1160
1000001161,propuesta1161
1000001162,propuesta1162
1000001163,propuesta1163
1000001164,propuesta1164
1000001165,propuesta1165
1000001166,propuesta1166
1000001167,propuesta1167
1000001168,propuesta1168
1000001169,propuesta1169
1000001170,propuesta1170
1000001171,propuesta1171
1000001172,propuesta1172
1000001173,propuesta1173
1000001174,propuesta1174
1000001175,propuesta1175
1000001176,propuesta1176
1000001177,propuesta1177
1000001178,propuesta1178
1000001179,propuesta1179
1000001180,propuesta1180
1000001181,propuesta1181
1000001182,propuesta1182
1000001183,propuesta1183
1000001184,propuesta1184
1000001185,propuesta1185
1000001186,propuesta1186
1000001187,propuesta1187
1000001188,propuesta1188
1000001189,propuesta1189
1000001190,propuesta1190
1000001191,propuesta1191
1000001192,propuesta1192
1000001193,propuesta1193
1000001194,propuesta1194
1000001195,propuesta1195
1000001196,propuesta1196
1000001197,propuesta1197
1000001198,propuesta1198
1000001199,propuesta1199
1000001200,propuesta1200
1000001201,propuesta1201
1000001202,propuesta1202
1000001203,propuesta1203
1000001204,propuesta1204
1000001205,propuesta1205
1000001206,propuesta1206
1000001207,propuesta1207
1000001208,propuesta1208
1000001209,propuesta1209
1000001210,propuesta1210
1000001211,propuesta1211
1000001212,propuesta1212
1000001213,propuesta1213
1000001214,propuesta1214
1000001215,propuesta1215
1000001216,propuesta1216
1000001217,propuesta1217
1000001218,propuesta1218
1000001219,propuesta1219
1000001220,propuesta1220
1000001221,propuesta1221
1000001222,propuesta1222
1000001223,propuesta1223
1000001224,propuesta1224
1000001225,propuesta1225
1000001226,propuesta1226
1000001227,propuesta1227
1000001228,propuesta1228
1000001229,propuesta1229
1000001230,propuesta1230
1000001231,propuesta1231
1000001232,propuesta1232
1000001233,propuesta1233
1000001234,propuesta1234
1000001235,propuesta1235
1000001236,propuesta1236
1000001237,propuesta1237
1000001238,propuesta1238
1000001239,propuesta1239
1000001240,propuesta1240
1000001241,propuesta1241
1000001242,propuesta1242
1000001243,propuesta1243
1000001244,propuesta1244
1000001245,propuesta1245
1000001246,propuesta1246
1000001247,propuesta1247
1000001248,propuesta1248
1000001249,propuesta1249
1000001250,propuesta1250
1000001251,propuesta1251
1000001252,propuesta1252
1000001253,propuesta1253
1000001254,propuesta1254
1000001255,propuesta1255
1000001256,propuesta1256
1000001257,propuesta1257
1000001258,propuesta1258
1000001259,propuesta1259
1000001260,propuesta1260
1000001261,propuesta1261
1000001262,propuesta1262
1000001263,propuesta1263
1000001264,propuesta1264
1000001265,propuesta1265
1000001266,propuesta1266
1000001267,propuesta1267
1000001268,propuesta1268
1000001269,propuesta1269
1000001270,propuesta1270
1000001271,propuesta1271
1000001272,propuesta1272
1000001273,propuesta1273
1000001274,propuesta1274
1000001275,propuesta1275
1000001276,propuesta1276
1000001277,propuesta1277
1000001278,propuesta1278
1000001279,propuesta1279
1000001280,propuesta1280
1000001281,propuesta1281
1000001282,propuesta1282
1000001283,propuesta1283
1000001284,propuesta1284
1000001285,propuesta1285
1000001286,propuesta1286
1000001287,propuesta1287
1000001288,propuesta1288
1000001289,propuesta1289
1000001290,propuesta1290
1000001291,propuesta1291
1000001292,propuesta1292
1000001293,propuesta1293
1000001294,propuesta1294
1000001295,propuesta1295
1000001296,propuesta1296
1000001297,propuesta1297
1000001298,propuesta1298
1000001299,propuesta1299
1000001300,propuesta1300
1000001301,propuesta1301
1000001302,propuesta1302
1000001303,propuesta1303
1000001304,propuesta1304
1000001305,propuesta1305
1000001306,propuesta1306
1000001307,propuesta1307
1000001308,propuesta1308
1000001309,propuesta1309
1000001310,propuesta1310
1000001311,propuesta1311
1000001312,propuesta1312
1000001313,propuesta1313
1000001314,propuesta1314
1000001315,propuesta1315
1000001316,propuesta1316
1000001317,propuesta1317
1000001318,propuesta1318
1000001319,propuesta1319
1000001320,propuesta1320
1000001321,propuesta1321
1000001322,propuesta1322
1000001323,propuesta1323
1000001324,propuesta1324
1000001325,propuesta1325
1000001326,propuesta1326
1000001327,propuesta1327
1000001328,propuesta1328
1000001329,propuesta1329
1000001330,propuesta1330
1000001331,propuesta1331
1000001332,propuesta1332
1000001333,propuesta1333
1000001334,propuesta1334
1000001335,propuesta1335
1000001336,propuesta1336
1000001337,propuesta1337
1000001338,propuesta1338
1000001339,propuesta1339
1000001340,propuesta1340
1000001341,propuesta1341
1000001342,propuesta1342
1000001343,propuesta1343
1000001344,propuesta1344
1000001345,propuesta1345
1000001346,propuesta1346
1000001347,propuesta1347
1000001348,propuesta1348
1000001349,propuesta1349
1000001350,propuesta1350
1000001351,propuesta1351
1000001352,propuesta1352
1000001353,propuesta1353
1000001354,propuesta1354
1000001355,propuesta1355
1000001356,propuesta1356
1000001357,propuesta1357
1000001358,propuesta1358
1000001359,propuesta1359
1000001360,propuesta1360
1000001361,propuesta1361
1000001362,propuesta1362
1000001363,propuesta1363
1000001364,propuesta1364
1000001365,propuesta1365
1000001366,propuesta1366
1000001367,propuesta1367
1000001368,propuesta1368
1000001369,propuesta1369
1000001370,propuesta1370
1000001371,propuesta1371
1000001372,propuesta1372
1000001373,propuesta1373
1000001374,propuesta1374
1000001375,propuesta1375
1000001376,propuesta1376
1000001377,propuesta1377
1000001378,propuesta1378
1000001379,propuesta1379
1000001380,propuesta1380
1000001381,propuesta1381
1000001382,propuesta1382
1000001383,propuesta1383
1000001384,propuesta1384
1000001385,propuesta1385
1000001386,propuesta1386
1000001387,propuesta1387
1000001388,propuesta1388
1000001389,propuesta1389
1000001390,propuesta1390
1000001391,propuesta1391
1000001392,propuesta1392
1000001393,propuesta1393
1000001394,propuesta1394
1000001395,propuesta1395
1000001396,propuesta1396
1000001397,propuesta1397
1000001398,propuesta1398
1000001399,propuesta1399
1000001400,propuesta1400
1000001401,propuesta1401
1000001402,propuesta1402
1000001403,propuesta1403
1000001404,propuesta1404
1000001405,propuesta1405
1000001406,propuesta1406
1000001407,propuesta1407
1000001408,propuesta1408
1000001409,propuesta1409
1000001410,propuesta1410
1000001411,propuesta1411
1000001412,propuesta1412
1000001413,propuesta1413
1000001414,propuesta1414
1000001415,propuesta1415
1000001416,propuesta1416
1000001417,propuesta1417
1000001418,propuesta1418
1000001419,propuesta1419
1000001420,propuesta1420
1000001421,propuesta1421
1000001422,propuesta1422
1000001423,propuesta1423
1000001424,propuesta1424
1000001425,propuesta1425
1000001426,propuesta1426
1000001427,propuesta1427
1000001428,propuesta1428
1000001429,propuesta1429
1000001430,propuesta1430
1000001431,propuesta1431
1000001432,propuesta1432
1000001433,propuesta1433
1000001434,propuesta1434
1000001435,propuesta1435
1000001436,propuesta1436
1000001437,propuesta1437
1000001438,propuesta1438
1000001439,propuesta1439
1000001440,propuesta1440
1000001441,propuesta1441
1000001442,propuesta1442
1000001443,propuesta1443
1000001444,propuesta1444
1000001445,propuesta1445
1000001446,propuesta1446
1000001447,propuesta1447
1000001448,propuesta1448
1000001449,propuesta1449
1000001450,propuesta1450
1000001451,propuesta1451
1000001452,propuesta1452
1000001453,propuesta1453
1000001454,propuesta1454
1000001455,propuesta1455
1000001456,propuesta1456
1000001457,propuesta1457
1000001458,propuesta1458
1000001459,propuesta1459
1000001460,propuesta1460
1000001461,propuesta1461
1000001462,propuesta1462
1000001463,propuesta1463
1000001464,propuesta1464
1000001465,propuesta1465
1000001466,propuesta1466
1000001467,propuesta1467
1000001468,propuesta1468
1000001469,propuesta1469
1000001470,propuesta1470
1000001471,propuesta1471
1000001472,propuesta1472
1000001473,propuesta1473
1000001474,propuesta1474
1000001475,propuesta1475
1000001476,propuesta1476
1000001477,propuesta1477
1000001478,propuesta1478
1000001479,propuesta1479
1000001480,propuesta1480
1000001481,propuesta1481
1000001482,propuesta1482
1000001483,propuesta1483
1000001484,propuesta1484
1000001485,propuesta1485
1000001486,propuesta1486
1000001487,propuesta1487
1000001488,propuesta1488
1000001489,propuesta1489
1000001490,propuesta1490
1000001491,propuesta1491
1000001492,propuesta1492
1000001493,propuesta1493
1000001494,propuesta1494
1000001495,propuesta1495
1000001496,propuesta1496
1000001497,propuesta1497
1000001498,propuesta1498
1000001499,propuesta1499
1000001500,propuesta1500
1000001501,propuesta1501
1000001502,propuesta1502
1000001503,propuesta1503
1000001504,propuesta1504
1000001505,propuesta1505
1000001506,propuesta1506
1000001507,propuesta1507
1000001508,propuesta1508
1000001509,propuesta1509
1000001510,propuesta1510
1000001511,propuesta1511
1000001512,propuesta1512
1000001513,propuesta1513
1000001514,propuesta1514
1000001515,propuesta1515
1000001516,propuesta1516
1000001517,propuesta1517
1000001518,propuesta1518
1000001519,propuesta1519
1000001520,propuesta1520
1000001521,propuesta1521
1000001522,propuesta1522
1000001523,propuesta1523
1000001524,propuesta1524
1000001525,propuesta1525
1000001526,propuesta1526
1000001527,propuesta1527
1000001528,propuesta1528
1000001529,propuesta1529
1000001530,propuesta1530
1000001531,propuesta1531
1000001532,propuesta1532
1000001533,propuesta1533
1000001534,propuesta1534
1000001535,propuesta1535
1000001536,propuesta1536
1000001537,propuesta1537
1000001538,propuesta1538
1000001539,propuesta1539
1000001540,propuesta1540
1000001541,propuesta1541
1000001542,propuesta1542
1000001543,propuesta1543
1000001544,propuesta1544
1000001545,propuesta1545
1000001546,propuesta1546
1000001547,propuesta1547
1000001548,propuesta1548
1000001549,propuesta1549
1000001550,propuesta1550
1000001551,propuesta1551
1000001552,propuesta1552
1000001553,propuesta1553
1000001554,propuesta1554
1000001555,propuesta1555
1000001556,propuesta1556
1000001557,propuesta1557
1000001558,propuesta1558
1000001559,propuesta1559
1000001560,propuesta1560
1000001561,propuesta1561
1000001562,propuesta1562
1000001563,propuesta1563
1000001564,propuesta1564
1000001565,propuesta1565
1000001566,propuesta1566
1000001567,propuesta1567
1000001568,propuesta1568
1000001569,propuesta1569
1000001570,propuesta1570
1000001571,propuesta1571
1000001572,propuesta1572
1000001573,propuesta1573
1000001574,propuesta1574
1000001575,propuesta1575
1000001576,propuesta1576
1000001577,propuesta1577
1000001578,propuesta1578
1000001579,propuesta1579
1000001580,propuesta1580
1000001581,propuesta1581
1000001582,propuesta1582
1000001583,propuesta1583
1000001584,propuesta1584
1000001585,propuesta1585
1000001586,propuesta1586
1000001587,propuesta1587
1000001588,propuesta1588
1000001589,propuesta1589
1000001590,propuesta1590
1000001591,propuesta1591
1000001592,propuesta1592
1000001593,propuesta1593
1000001594,propuesta1594
1000001595,propuesta1595
1000001596,propuesta1596
1000001597,propuesta1597
1000001598,propuesta1598
1000001599,propuesta1599
1000001600,propuesta1600
1000001601,propuesta1601
1000001602,propuesta1602
1000001603,propuesta1603
1000001604,propuesta1604
1000001605,propuesta1605
1000001606,propuesta1606
1000001607,propuesta1607
1000001608,propuesta1608
1000001609,propuesta1609
1000001610,propuesta1610
1000001611,propuesta1611
1000001612,propuesta1612
1000001613,propuesta1613
1000001614,propuesta1614
1000001615,propuesta1615
1000001616,propuesta1616
1000001617,propuesta1617
1000001618,propuesta1618
1000001619,propuesta1619
1000001620,propuesta1620
1000001621,propuesta1621
1000001622,propuesta1622
1000001623,propuesta1623
1000001624,propuesta1624
1000001625,propuesta1625
1000001626,propuesta1626
1000001627,propuesta1627
1000001628,propuesta1628
1000001629,propuesta1629
1000001630,propuesta1630
1000001631,propuesta1631
1000001632,propuesta1632
1000001633,propuesta1633
1000001634,propuesta1634
1000001635,propuesta1635
1000001636,propuesta1636
1000001637,propuesta1637
1000001638,propuesta1638
1000001639,propuesta1639
1000001640,propuesta1640
1000001641,propuesta1641
1000001642,propuesta1642
1000001643,propuesta1643
1000001644,propuesta1644
1000001645,propuesta1645
1000001646,propuesta1646
1000001647,propuesta1647
1000001648,propuesta1648
1000001649,propuesta1649
1000001650,propuesta1650
1000001651,propuesta1651
1000001652,propuesta1652
1000001653,propuesta1653
1000001654,propuesta1654
1000001655,propuesta1655
1000001656,propuesta1656
1000001657,propuesta1657
1000001658,propuesta1658
1000001659,propuesta1659
1000001660,propuesta1660
1000001661,propuesta1661
1000001662,propuesta1662
1000001663,propuesta1663
1000001664,propuesta1664
1000001665,propuesta1665
1000001666,propuesta1666
1000001667,propuesta1667
1000001668,propuesta1668
1000001669,propuesta1669
1000001670,propuesta1670
1000001671,propuesta1671
1000001672,propuesta1672
1000001673,propuesta1673
1000001674,propuesta1674
1000001675,propuesta1675
1000001676,propuesta1676
1000001677,propuesta1677
1000001678,propuesta1678
1000001679,propuesta1679
1000001680,propuesta1680
1000001681,propuesta1681
1000001682,propuesta1682
1000001683,propuesta1683
1000001684,propuesta1684
1000001685,propuesta1685
1000001686,propuesta1686
1000001687,propuesta1687
1000001688,propuesta1688
1000001689,propuesta1689
1000001690,propuesta1690
1000001691,propuesta1691
1000001692,propuesta1692
1000001693,propuesta1693
1000001694,propuesta1694
1000001695,propuesta1695
1000001696,propuesta1696
1000001697,propuesta1697
1000001698,propuesta1698
1000001699,propuesta1699
1000001700,propuesta1700
1000001701,propuesta1701
1000001702,propuesta1702
1000001703,propuesta1703
1000001704,propuesta1704
1000001705,propuesta1705
1000001706,propuesta1706
1000001707,propuesta1707
1000001708,propuesta1708
1000001709,propuesta1709
1000001710,propuesta1710
1000001711,propuesta1711
1000001712,propuesta1712
1000001713,propuesta1713
1000001714,propuesta1714
1000001715,propuesta1715
1000001716,propuesta1716
1000001717,propuesta1717
1000001718,propuesta1718
1000001719,propuesta1719
1000001720,propuesta1720
1000001721,propuesta1721
1000001722,propuesta1722
1000001723,propuesta1723
1000001724,propuesta1724
1000001725,propuesta1725
1000001726,propuesta1726
1000001727,propuesta1727
1000001728,propuesta1728
1000001729,propuesta1729
1000001730,propuesta1730
1000001731,propuesta1731
1000001732,propuesta1732
1000001733,propuesta1733
1000001734,propuesta1734
1000001735,propuesta1735
1000001736,propuesta1736
1000001737,propuesta1737
1000001738,propuesta1738
1000001739,propuesta1739
1000001740,propuesta1740
1000001741,propuesta1741
1000001742,propuesta1742
1000001743,propuesta1743
1000001744,propuesta1744
1000001745,propuesta1745
1000001746,propuesta1746
1000001747,propuesta1747
1000001748,propuesta1748
1000001749,propuesta1749
1000001750,propuesta1750
1000001751,propuesta1751
1000001752,propuesta1752
1000001753,propuesta1753
1000001754,propuesta1754
1000001755,propuesta1755
1000001756,propuesta1756
1000001757,propuesta1757
1000001758,propuesta1758
1000001759,propuesta1759
1000001760,propuesta1760
1000001761,propuesta1761
1000001762,propuesta1762
1000001763,propuesta1763
1000001764,propuesta1764
1000001765,propuesta1765
1000001766,propuesta1766
1000001767,propuesta1767
1000001768,propuesta1768
1000001769,propuesta1769
1000001770,propuesta1770
1000001771,propuesta1771
1000001772,propuesta1772
1000001773,propuesta1773
1000001774,propuesta1774
1000001775,propuesta1775
1000001776,propuesta1776
1000001777,propuesta1777
1000001778,propuesta1778
1000001779,propuesta1779
1000001780,propuesta1780
1000001781,propuesta1781
1000001782,propuesta1782
1000001783,propuesta1783
1000001784,propuesta1784
1000001785,propuesta1785
1000001786,propuesta1786
1000001787,propuesta1787
1000001788,propuesta1788
1000001789,propuesta1789
1000001790,propuesta1790
1000001791,propuesta1791
1000001792,propuesta1792
1000001793,propuesta1793
1000001794,propuesta1794
1000001795,propuesta1795
1000001796,propuesta1796
1000001797,propuesta1797
1000001798,propuesta1798
1000001799,propuesta1799
1000001800,propuesta1800
1000001801,propuesta1801
1000001802,propuesta1802
1000001803,propuesta1803
1000001804,propuesta1804
1000001805,propuesta1805
1000001806,propuesta1806
1000001807,propuesta1807
1000001808,propuesta1808
1000001809,propuesta1809
1000001810,propuesta1810
1000001811,propuesta1811
1000001812,propuesta1812
1000001813,propuesta1813
1000001814,propuesta1814
1000001815,propuesta1815
1000001816,propuesta1816
1000001817,propuesta1817
1000001818,propuesta1818
1000001819,propuesta1819
1000001820,propuesta1820
1000001821,propuesta1821
1000001822,propuesta1822
1000001823,propuesta1823
1000001824,propuesta1824
1000001825,propuesta1825
1000001826,propuesta1826
1000001827,propuesta1827
1000001828,propuesta1828
1000001829,propuesta1829
1000001830,propuesta1830
1000001831,propuesta1831
1000001832,propuesta1832
1000001833,propuesta1833
1000001834,propuesta1834
1000001835,propuesta1835
1000001836,propuesta1836
1000001837,propuesta1837
1000001838,propuesta1838
1000001839,propuesta1839
1000001840,propuesta1840
1000001841,propuesta1841
1000001842,propuesta1842
1000001843,propuesta1843
1000001844,propuesta1844
1000001845,propuesta1845
1000001846,propuesta1846
1000001847,propuesta1847
1000001848,propuesta1848
1000001849,propuesta1849
1000001850,propuesta1850
1000001851,propuesta1851
1000001852,propuesta1852
1000001853,propuesta1853
1000001854,propuesta1854
1000001855,propuesta1855
1000001856,propuesta1856
1000001857,propuesta1857
1000001858,propuesta1858
1000001859,propuesta1859
1000001860,propuesta1860
1000001861,propuesta1861
1000001862,propuesta1862
1000001863,propuesta1863
1000001864,propuesta1864
1000001865,propuesta1865
1000001866,propuesta1866
1000001867,propuesta1867
1000001868,propuesta1868
1000001869,propuesta1869
1000001870,propuesta1870
1000001871,propuesta1871
1000001872,propuesta1872
1000001873,propuesta1873
1000001874,propuesta1874
1000001875,propuesta1875
1000001876,propuesta1876
1000001877,propuesta1877
1000001878,propuesta1878
1000001879,propuesta1879
1000001880,propuesta1880
1000001881,propuesta1881
1000001882,propuesta1882
1000001883,propuesta1883
1000001884,propuesta1884
1000001885,propuesta1885
1000001886,propuesta1886
1000001887,propuesta1887
1000001888,propuesta1888
1000001889,propuesta1889
1000001890,propuesta1890
1000001891,propuesta1891
1000001892,propuesta1892
1000001893,propuesta1893
1000001894,propuesta1894
1000001895,propuesta1895
1000001896,propuesta1896
1000001897,propuesta1897
1000001898,propuesta1898
1000001899,propuesta1899
1000001900,propuesta1900
1000001901,propuesta1901
1000001902,propuesta1902
1000001903,propuesta1903
1000001904,propuesta1904
1000001905,propuesta1905
1000001906,propuesta1906
1000001907,propuesta1907
1000001908,propuesta1908
1000001909,propuesta1909
1000001910,propuesta1910
1000001911,propuesta1911
1000001912,propuesta1912
1000001913,propuesta1913
1000001914,propuesta1914
1000001915,propuesta1915
1000001916,propuesta1916
1000001917,propuesta1917
1000001918,propuesta1918
1000001919,propuesta1919
1000001920,propuesta1920
1000001921,propuesta1921
1000001922,propuesta1922
1000001923,propuesta1923
1000001924,propuesta1924
1000001925,propuesta1925
1000001926,propuesta1926
1000001927,propuesta1927
1000001928,propuesta1928
1000001929,propuesta1929
1000001930,propuesta1930
1000001931,propuesta1931
1000001932,propuesta1932
1000001933,propuesta1933
1000001934,propuesta1934
1000001935,propuesta1935
1000001936,propuesta1936
1000001937,propuesta1937
1000001938,propuesta1938
1000001939,propuesta1939
1000001940,propuesta1940
1000001941,propuesta1941
1000001942,propuesta1942
1000001943,propuesta1943
1000001944,propuesta1944
1000001945,propuesta1945
1000001946,propuesta1946
1000001947,propuesta1947
1000001948,propuesta1948
1000001949,propuesta1949
1000001950,propuesta1950
1000001951,propuesta1951
1000001952,propuesta1952
1000001953,propuesta1953
1000001954,propuesta1954
1000001955,propuesta1955
1000001956,propuesta1956
1000001957,propuesta1957
1000001958,propuesta1958
1000001959,propuesta1959
1000001960,propuesta1960
1000001961,propuesta1961
1000001962,propuesta1962
1000001963,propuesta1963
1000001964,propuesta1964
1000001965,propuesta1965
1000001966,propuesta1966
1000001967,propuesta1967
1000001968,propuesta1968
1000001969,propuesta1969
1000001970,propuesta1970
1000001971,propuesta1971
1000001972,propuesta1972
1000001973,propuesta1973
1000001974,propuesta1974
1000001975,propuesta1975
1000001976,propuesta1976
1000001977,propuesta1977
1000001978,propuesta1978
1000001979,propuesta1979
1000001980,propuesta1980
1000001981,propuesta1981
1000001982,propuesta1982
1000001983,propuesta1983
1000001984,propuesta1984
1000001985,propuesta1985
1000001986,propuesta1986
1000001987,propuesta1987
1000001988,propuesta1988
1000001989,propuesta1989
1000001990,propuesta1990
1000001991,propuesta1991
1000001992,propuesta1992
1000001993,propuesta1993
1000001994,propuesta1994
1000001995,propuesta1995
1000001996,propuesta1996
1000001997,propuesta1997
1000001998,propuesta1998
1000001999,propuesta1999
1000002000,propuesta2000
