empresa,direccion
E1,cr.1 #1-1
E2,cr.1 #1-2
E3,cr.1 #1-3
E4,cr.1 #1-4
E5,cr.1 #1-5
E6,cr.1 #1-6
E7,cr.1 #1-7
E8,cr.1 #1-8
E9,cr.1 #1-9
E10,cr.1 #1-10
E11,cr.1 #1-11
E12,cr.1 #1-12
E13,cr.1 #1-13
E14,cr.1 #1-14
E15,cr.1 #1-15
E16,cr.1 #1-16
E17,cr.1 #1-17
E18,cr.1 #1-18
E19,cr.1 #1-19
E20,cr.1 #1-20
E21,cr.1 #1-21
E22,cr.1 #1-22
E23,cr.1 #1-23
E24,cr.1 #1-24
E25,cr.1 #1-25
E26,cr.1 #1-26
E27,cr.1 #1-27
E28,cr.1 #1-28
E29,cr.1 #1-29
E30,cr.1 #1-30
E31,cr.1 #1-31
E32,cr.1 #1-32
E33,cr.1 #1-33
E34,cr.1 #1-34
E35,cr.1 #1-35
E36,cr.1 #1-36
E37,cr.1 #1-37
E38,cr.1 #1-38
E39,cr.1 #1-39
E40,cr.1 #1-40
E41,cr.1 #1-41
E42,cr.1 #1-42
E43,cr.1 #1-43
E44,cr.1 #1-44
E45,cr.1 #1-45
E46,cr.1 #1-46
E47,cr.1 #1-47
E48,cr.1 #1-48
E49,cr.1 #1-49
E50,cr.1 #1-50
E51,cr.1 #1-51
E52,cr.1 #1-52
E53,cr.1 #1-53
E54,cr.1 #1-54
E55,cr.1 #1-55
E56,cr.1 #1-56
E57,cr.1 #1-57
E58,cr.1 #1-58
E59,cr.1 #1-59
E60,cr.1 #1-60
E61,cr.1 #1-61
E62,cr.1 #1-62
E63,cr.1 #1-63
E64,cr.1 #1-64
E65,cr.1 #1-65
E66,cr.1 #1-66
E67,cr.1 #1-67
E68,cr.1 #1-68
E69,cr.1 #1-69
E70,cr.1 #1-70
E71,cr.1 #1-71
E72,cr.1 #1-72
E73,cr.1 #1-73
E74,cr.1 #1-74
E75,cr.1 #1-75
E76,cr.1 #1-76
E77,cr.1 #1-77
E78,cr.1 #1-78
E79,cr.1 #1-79
E80,cr.1 #1-80
E81,cr.1 #1-81
E82,cr.1 #1-82
E83,cr.1 #1-83
E84,cr.1 #1-84
E85,cr.1 #1-85
E86,cr.1 #1-86
E87,cr.1 #1-87
E88,cr.1 #1-88
E89,cr.1 #1-89
E90,cr.1 #1-90
E91,cr.1 #1-91
E92,cr.1 #1-92
E93,cr.1 #1-93
E94,cr.1 #1-94
E95,cr.1 #1-95
E96,cr.1 #1-96
E97,cr.1 #1-97
E98,cr.1 #1-98
E99,cr.1 #1-99
E100,cr.1 #1-100
E101,cr.1 #1-101
E102,cr.1 #1-102
E103,cr.1 #1-103
E104,cr.1 #1-104
E105,cr.1 #1-105
E106,cr.1 #1-106
E107,cr.1 #1-107
E108,cr.1 #1-108
E109,cr.1 #1-109
E110,cr.1 #1-110
E111,cr.1 #1-111
E112,cr.1 #1-112
E113,cr.1 #1-113
E114,cr.1 #1-114
E115,cr.1 #1-115
E116,cr.1 #1-116
E117,cr.1 #1-117
E118,cr.1 #1-118
E119,cr.1 #1-119
E120,cr.1 #1-120
E121,cr.1 #1-121
E122,cr.1 #1-122
E123,cr.1 #1-123
E124,cr.1 #1-124
E125,cr.1 #1-125
E126,cr.1 #1-126
E127,cr.1 #1-127
E128,cr.1 #1-128
E129,cr.1 #1-129
E130,cr.1 #1-130
E131,cr.1 #1-131
E132,cr.1 #1-132
E133,cr.1 #1-133
E134,cr.1 #1-134
E135,cr.1 #1-135
E136,cr.1 #1-136
E137,cr.1 #1-137
E138,cr.1 #1-138
E139,cr.1 #1-139
E140,cr.1 #1-140
E141,cr.1 #1-141
E142,cr.1 #1-142
E143,cr.1 #1-143
E144,cr.1 #1-144
E145,cr.1 #1-145
E146,cr.1 #1-146
E147,cr.1 #1-147
E148,cr.1 #1-148
E149,cr.1 #1-149
E150,cr.1 #1-150
E151,cr.1 #1-151
E152,cr.1 #1-152
E153,cr.1 #1-153
E154,cr.1 #1-154
E155,cr.1 #1-155
E156,cr.1 #1-156
E157,cr.1 #1-157
E158,cr.1 #1-158
E159,cr.1 #1-159
E160,cr.1 #1-160
E161,cr.1 #1-161
E162,cr.1 #1-162
E163,cr.1 #1-163
E164,cr.1 #1-164
E165,cr.1 #1-165
E166,cr.1 #1-166
E167,cr.1 #1-167
E168,cr.1 #1-168
E169,cr.1 #1-169
E170,cr.1 #1-170
E171,cr.1 #1-171
E172,cr.1 #1-172
E173,cr.1 #1-173
E174,cr.1 #1-174
E175,cr.1 #1-175
E176,cr.1 #1-176
E177,cr.1 #1-177
E178,cr.1 #1-178
E179,cr.1 #1-179
E180,cr.1 #1-180
E181,cr.1 #1-181
E182,cr.1 #1-182
E183,cr.1 #1-183
E184,cr.1 #1-184
E185,cr.1 #1-185
E186,cr.1 #1-186
E187,cr.1 #1-187
E188,cr.1 #1-188
E189,cr.1 #1-189
E190,cr.1 #1-190
E191,cr.1 #1-191
E192,cr.1 #1-192
E193,cr.1 #1-193
E194,cr.1 #1-194
E195,cr.1 #1-195
E196,cr.1 #1-196
E197,cr.1 #1-197
E198,cr.1 #1-198
E199,cr.1 #1-199
E200,cr.1 #1-200
E201,cr.1 #1-201
E202,cr.1 #1-202
E203,cr.1 #1-203
E204,cr.1 #1-204
E205,cr.1 #1-205
E206,cr.1 #1-206
E207,cr.1 #1-207
E208,cr.1 #1-208
E209,cr.1 #1-209
E210,cr.1 #1-210
E211,cr.1 #1-211
E212,cr.1 #1-212
E213,cr.1 #1-213
E214,cr.1 #1-214
E215,cr.1 #1-215
E216,cr.1 #1-216
E217,cr.1 #1-217
E218,cr.1 #1-218
E219,cr.1 #1-219
E220,cr.1 #1-220
E221,cr.1 #1-221
E222,cr.1 #1-222
E223,cr.1 #1-223
E224,cr.1 #1-224
E225,cr.1 #1-225
E226,cr.1 #1-226
E227,cr.1 #1-227
E228,cr.1 #1-228
E229,cr.1 #1-229
E230,cr.1 #1-230
E231,cr.1 #1-231
E232,cr.1 #1-232
E233,cr.1 #1-233
E234,cr.1 #1-234
E235,cr.1 #1-235
E236,cr.1 #1-236
E237,cr.1 #1-237
E238,cr.1 #1-238
E239,cr.1 #1-239
E240,cr.1 #1-240
E241,cr.1 #1-241
E242,cr.1 #1-242
E243,cr.1 #1-243
E244,cr.1 #1-244
E245,cr.1 #1-245
E246,cr.1 #1-246
E247,cr.1 #1-247
E248,cr.1 #1-248
E249,cr.1 #1-249
E250,cr.1 #1-250
E251,cr.1 #1-251
E252,cr.1 #1-252
E253,cr.1 #1-253
E254,cr.1 #1-254
E255,cr.1 #1-255
E256,cr.1 #1-256
E257,cr.1 #1-257
E258,cr.1 #1-258
E259,cr.1 #1-259
E260,cr.1 #1-260
E261,cr.1 #1-261
E262,cr.1 #1-262
E263,cr.1 #1-263
E264,cr.1 #1-264
E265,cr.1 #1-265
E266,cr.1 #1-266
E267,cr.1 #1-267
E268,cr.1 #1-268
E269,cr.1 #1-269
E270,cr.1 #1-270
E271,cr.1 #1-271
E272,cr.1 #1-272
E273,cr.1 #1-273
E274,cr.1 #1-274
E275,cr.1 #1-275
E276,cr.1 #1-276
E277,cr.1 #1-277
E278,cr.1 #1-278
E279,cr.1 #1-279
E280,cr.1 #1-280
E281,cr.1 #1-281
E282,cr.1 #1-282
E283,cr.1 #1-283
E284,cr.1 #1-284
E285,cr.1 #1-285
E286,cr.1 #1-286
E287,cr.1 #1-287
E288,cr.1 #1-288
E289,cr.1 #1-289
E290,cr.1 #1-290
E291,cr.1 #1-291
E292,cr.1 #1-292
E293,cr.1 #1-293
E294,cr.1 #1-294
E295,cr.1 #1-295
E296,cr.1 #1-296
E297,cr.1 #1-297
E298,cr.1 #1-298
E299,cr.1 #1-299
E300,cr.1 #1-300
E301,cr.1 #1-301
E302,cr.1 #1-302
E303,cr.1 #1-303
E304,cr.1 #1-304
E305,cr.1 #1-305
E306,cr.1 #1-306
E307,cr.1 #1-307
E308,cr.1 #1-308
E309,cr.1 #1-309
E310,cr.1 #1-310
E311,cr.1 #1-311
E312,cr.1 #1-312
E313,cr.1 #1-313
E314,cr.1 #1-314
E315,cr.1 #1-315
E316,cr.1 #1-316
E317,cr.1 #1-317
E318,cr.1 #1-318
E319,cr.1 #1-319
E320,cr.1 #1-320
E321,cr.1 #1-321
E322,cr.1 #1-322
E323,cr.1 #1-323
E324,cr.1 #1-324
E325,cr.1 #1-325
E326,cr.1 #1-326
E327,cr.1 #1-327
E328,cr.1 #1-328
E329,cr.1 #1-329
E330,cr.1 #1-330
E331,cr.1 #1-331
E332,cr.1 #1-332
E333,cr.1 #1-333
E334,cr.1 #1-334
E335,cr.1 #1-335
E336,cr.1 #1-336
E337,cr.1 #1-337
E338,cr.1 #1-338
E339,cr.1 #1-339
E340,cr.1 #1-340
E341,cr.1 #1-341
E342,cr.1 #1-342
E343,cr.1 #1-343
E344,cr.1 #1-344
E345,cr.1 #1-345
E346,cr.1 #1-346
E347,cr.1 #1-347
E348,cr.1 #1-348
E349,cr.1 #1-349
E350,cr.1 #1-350
E351,cr.1 #1-351
E352,cr.1 #1-352
E353,cr.1 #1-353
E354,cr.1 #1-354
E355,cr.1 #1-355
E356,cr.1 #1-356
E357,cr.1 #1-357
E358,cr.1 #1-358
E359,cr.1 #1-359
E360,cr.1 #1-360
E361,cr.1 #1-361
E362,cr.1 #1-362
E363,cr.1 #1-363
E364,cr.1 #1-364
E365,cr.1 #1-365
E366,cr.1 #1-366
E367,cr.1 #1-367
E368,cr.1 #1-368
E369,cr.1 #1-369
E370,cr.1 #1-370
E371,cr.1 #1-371
E372,cr.1 #1-372
E373,cr.1 #1-373
E374,cr.1 #1-374
E375,cr.1 #1-375
E376,cr.1 #1-376
E377,cr.1 #1-377
E378,cr.1 #1-378
E379,cr.1 #1-379
E380,cr.1 #1-380
E381,cr.1 #1-381
E382,cr.1 #1-382
E383,cr.1 #1-383
E384,cr.1 #1-384
E385,cr.1 #1-385
E386,cr.1 #1-386
E387,cr.1 #1-387
E388,cr.1 #1-388
E389,cr.1 #1-389
E390,cr.1 #1-390
E391,cr.1 #1-391
E392,cr.1 #1-392
E393,cr.1 #1-393
E394,cr.1 #1-394
E395,cr.1 #1-395
E396,cr.1 #1-396
E397,cr.1 #1-397
E398,cr.1 #1-398
E399,cr.1 #1-399
E400,cr.1 #1-400
E401,cr.1 #1-401
E402,cr.1 #1-402
E403,cr.1 #1-403
E404,cr.1 #1-404
E405,cr.1 #1-405
E406,cr.1 #1-406
E407,cr.1 #1-407
E408,cr.1 #1-408
E409,cr.1 #1-409
E410,cr.1 #1-410
E411,cr.1 #1-411
E412,cr.1 #1-412
E413,cr.1 #1-413
E414,cr.1 #1-414
E415,cr.1 #1-415
E416,cr.1 #1-416
E417,cr.1 #1-417
E418,cr.1 #1-418
E419,cr.1 #1-419
E420,cr.1 #1-420
E421,cr.1 #1-421
E422,cr.1 #1-422
E423,cr.1 #1-423
E424,cr.1 #1-424
E425,cr.1 #1-425
E426,cr.1 #1-426
E427,cr.1 #1-427
E428,cr.1 #1-428
E429,cr.1 #1-429
E430,cr.1 #1-430
E431,cr.1 #1-431
E432,cr.1 #1-432
E433,cr.1 #1-433
E434,cr.1 #1-434
E435,cr.1 #1-435
E436,cr.1 #1-436
E437,cr.1 #1-437
E438,cr.1 #1-438
E439,cr.1 #1-439
E440,cr.1 #1-440
E441,cr.1 #1-441
E442,cr.1 #1-442
E443,cr.1 #1-443
E444,cr.1 #1-444
E445,cr.1 #1-445
E446,cr.1 #1-446
E447,cr.1 #1-447
E448,cr.1 #1-448
E449,cr.1 #1-449
E450,cr.1 #1-450
E451,cr.1 #1-451
E452,cr.1 #1-452
E453,cr.1 #1-453
E454,cr.1 #1-454
E455,cr.1 #1-455
E456,cr.1 #1-456
E457,cr.1 #1-457
E458,cr.1 #1-458
E459,cr.1 #1-459
E460,cr.1 #1-460
E461,cr.1 #1-461
E462,cr.1 #1-462
E463,cr.1 #1-463
E464,cr.1 #1-464
E465,cr.1 #1-465
E466,cr.1 #1-466
E467,cr.1 #1-467
E468,cr.1 #1-468
E469,cr.1 #1-469
E470,cr.1 #1-470
E471,cr.1 #1-471
E472,cr.1 #1-472
E473,cr.1 #1-473
E474,cr.1 #1-474
E475,cr.1 #1-475
E476,cr.1 #1-476
E477,cr.1 #1-477
E478,cr.1 #1-478
E479,cr.1 #1-479
E480,cr.1 #1-480
E481,cr.1 #1-481
E482,cr.1 #1-482
E483,cr.1 #1-483
E484,cr.1 #1-484
E485,cr.1 #1-485
E486,cr.1 #1-486
E487,cr.1 #1-487
E488,cr.1 #1-488
E489,cr.1 #1-489
E490,cr.1 #1-490
E491,cr.1 #1-491
E492,cr.1 #1-492
E493,cr.1 #1-493
E494,cr.1 #1-494
E495,cr.1 #1-495
E496,cr.1 #1-496
E497,cr.1 #1-497
E498,cr.1 #1-498
E499,cr.1 #1-499
E500,cr.1 #1-500
E501,cr.1 #1-501
E502,cr.1 #1-502
E503,cr.1 #1-503
E504,cr.1 #1-504
E505,cr.1 #1-505
E506,cr.1 #1-506
E507,cr.1 #1-507
E508,cr.1 #1-508
E509,cr.1 #1-509
E510,cr.1 #1-510
E511,cr.1 #1-511
E512,cr.1 #1-512
E513,cr.1 #1-513
E514,cr.1 #1-514
E515,cr.1 #1-515
E516,cr.1 #1-516
E517,cr.1 #1-517
E518,cr.1 #1-518
E519,cr.1 #1-519
E520,cr.1 #1-520
E521,cr.1 #1-521
E522,cr.1 #1-522
E523,cr.1 #1-523
E524,cr.1 #1-524
E525,cr.1 #1-525
E526,cr.1 #1-526
E527,cr.1 #1-527
E528,cr.1 #1-528
E529,cr.1 #1-529
E530,cr.1 #1-530
E531,cr.1 #1-531
E532,cr.1 #1-532
E533,cr.1 #1-533
E534,cr.1 #1-534
E535,cr.1 #1-535
E536,cr.1 #1-536
E537,cr.1 #1-537
E538,cr.1 #1-538
E539,cr.1 #1-539
E540,cr.1 #1-540
E541,cr.1 #1-541
E542,cr.1 #1-542
E543,cr.1 #1-543
E544,cr.1 #1-544
E545,cr.1 #1-545
E546,cr.1 #1-546
E547,cr.1 #1-547
E548,cr.1 #1-548
E549,cr.1 #1-549
E550,cr.1 #1-550
E551,cr.1 #1-551
E552,cr.1 #1-552
E553,cr.1 #1-553
E554,cr.1 #1-554
E555,cr.1 #1-555
E556,cr.1 #1-556
E557,cr.1 #1-557
E558,cr.1 #1-558
E559,cr.1 #1-559
E560,cr.1 #1-560
E561,cr.1 #1-561
E562,cr.1 #1-562
E563,cr.1 #1-563
E564,cr.1 #1-564
E565,cr.1 #1-565
E566,cr.1 #1-566
E567,cr.1 #1-567
E568,cr.1 #1-568
E569,cr.1 #1-569
E570,cr.1 #1-570
E571,cr.1 #1-571
E572,cr.1 #1-572
E573,cr.1 #1-573
E574,cr.1 #1-574
E575,cr.1 #1-575
E576,cr.1 #1-576
E577,cr.1 #1-577
E578,cr.1 #1-578
E579,cr.1 #1-579
E580,cr.1 #1-580
E581,cr.1 #1-581
E582,cr.1 #1-582
E583,cr.1 #1-583
E584,cr.1 #1-584
E585,cr.1 #1-585
E586,cr.1 #1-586
E587,cr.1 #1-587
E588,cr.1 #1-588
E589,cr.1 #1-589
E590,cr.1 #1-590
E591,cr.1 #1-591
E592,cr.1 #1-592
E593,cr.1 #1-593
E594,cr.1 #1-594
E595,cr.1 #1-595
E596,cr.1 #1-596
E597,cr.1 #1-597
E598,cr.1 #1-598
E599,cr.1 #1-599
E600,cr.1 #1-600
E601,cr.1 #1-601
E602,cr.1 #1-602
E603,cr.1 #1-603
E604,cr.1 #1-604
E605,cr.1 #1-605
E606,cr.1 #1-606
E607,cr.1 #1-607
E608,cr.1 #1-608
E609,cr.1 #1-609
E610,cr.1 #1-610
E611,cr.1 #1-611
E612,cr.1 #1-612
E613,cr.1 #1-613
E614,cr.1 #1-614
E615,cr.1 #1-615
E616,cr.1 #1-616
E617,cr.1 #1-617
E618,cr.1 #1-618
E619,cr.1 #1-619
E620,cr.1 #1-620
E621,cr.1 #1-621
E622,cr.1 #1-622
E623,cr.1 #1-623
E624,cr.1 #1-624
E625,cr.1 #1-625
E626,cr.1 #1-626
E627,cr.1 #1-627
E628,cr.1 #1-628
E629,cr.1 #1-629
E630,cr.1 #1-630
E631,cr.1 #1-631
E632,cr.1 #1-632
E633,cr.1 #1-633
E634,cr.1 #1-634
E635,cr.1 #1-635
E636,cr.1 #1-636
E637,cr.1 #1-637
E638,cr.1 #1-638
E639,cr.1 #1-639
E640,cr.1 #1-640
E641,cr.1 #1-641
E642,cr.1 #1-642
E643,cr.1 #1-643
E644,cr.1 #1-644
E645,cr.1 #1-645
E646,cr.1 #1-646
E647,cr.1 #1-647
E648,cr.1 #1-648
E649,cr.1 #1-649
E650,cr.1 #1-650
E651,cr.1 #1-651
E652,cr.1 #1-652
E653,cr.1 #1-653
E654,cr.1 #1-654
E655,cr.1 #1-655
E656,cr.1 #1-656
E657,cr.1 #1-657
E658,cr.1 #1-658
E659,cr.1 #1-659
E660,cr.1 #1-660
E661,cr.1 #1-661
E662,cr.1 #1-662
E663,cr.1 #1-663
E664,cr.1 #1-664
E665,cr.1 #1-665
E666,cr.1 #1-666
E667,cr.1 #1-667
E668,cr.1 #1-668
E669,cr.1 #1-669
E670,cr.1 #1-670
E671,cr.1 #1-671
E672,cr.1 #1-672
E673,cr.1 #1-673
E674,cr.1 #1-674
E675,cr.1 #1-675
E676,cr.1 #1-676
E677,cr.1 #1-677
E678,cr.1 #1-678
E679,cr.1 #1-679
E680,cr.1 #1-680
E681,cr.1 #1-681
E682,cr.1 #1-682
E683,cr.1 #1-683
E684,cr.1 #1-684
E685,cr.1 #1-685
E686,cr.1 #1-686
E687,cr.1 #1-687
E688,cr.1 #1-688
E689,cr.1 #1-689
E690,cr.1 #1-690
E691,cr.1 #1-691
E692,cr.1 #1-692
E693,cr.1 #1-693
E694,cr.1 #1-694
E695,cr.1 #1-695
E696,cr.1 #1-696
E697,cr.1 #1-697
E698,cr.1 #1-698
E699,cr.1 #1-699
E700,cr.1 #1-700
E701,cr.1 #1-701
E702,cr.1 #1-702
E703,cr.1 #1-703
E704,cr.1 #1-704
E705,cr.1 #1-705
E706,cr.1 #1-706
E707,cr.1 #1-707
E708,cr.1 #1-708
E709,cr.1 #1-709
E710,cr.1 #1-710
E711,cr.1 #1-711
E712,cr.1 #1-712
E713,cr.1 #1-713
E714,cr.1 #1-714
E715,cr.1 #1-715
E716,cr.1 #1-716
E717,cr.1 #1-717
E718,cr.1 #1-718
E719,cr.1 #1-719
E720,cr.1 #1-720
E721,cr.1 #1-721
E722,cr.1 #1-722
E723,cr.1 #1-723
E724,cr.1 #1-724
E725,cr.1 #1-725
E726,cr.1 #1-726
E727,cr.1 #1-727
E728,cr.1 #1-728
E729,cr.1 #1-729
E730,cr.1 #1-730
E731,cr.1 #1-731
E732,cr.1 #1-732
E733,cr.1 #1-733
E734,cr.1 #1-734
E735,cr.1 #1-735
E736,cr.1 #1-736
E737,cr.1 #1-737
E738,cr.1 #1-738
E739,cr.1 #1-739
E740,cr.1 #1-740
E741,cr.1 #1-741
E742,cr.1 #1-742
E743,cr.1 #1-743
E744,cr.1 #1-744
E745,cr.1 #1-745
E746,cr.1 #1-746
E747,cr.1 #1-747
E748,cr.1 #1-748
E749,cr.1 #1-749
E750,cr.1 #1-750
E751,cr.1 #1-751
E752,cr.1 #1-752
E753,cr.1 #1-753
E754,cr.1 #1-754
E755,cr.1 #1-755
E756,cr.1 #1-756
E757,cr.1 #1-757
E758,cr.1 #1-758
E759,cr.1 #1-759
E760,cr.1 #1-760
E761,cr.1 #1-761
E762,cr.1 #1-762
E763,cr.1 #1-763
E764,cr.1 #1-764
E765,cr.1 #1-765
E766,cr.1 #1-766
E767,cr.1 #1-767
E768,cr.1 #1-768
E769,cr.1 #1-769
E770,cr.1 #1-770
E771,cr.1 #1-771
E772,cr.1 #1-772
E773,cr.1 #1-773
E774,cr.1 #1-774
E775,cr.1 #1-775
E776,cr.1 #1-776
E777,cr.1 #1-777
E778,cr.1 #1-778
E779,cr.1 #1-779
E780,cr.1 #1-780
E781,cr.1 #1-781
E782,cr.1 #1-782
E783,cr.1 #1-783
E784,cr.1 #1-784
E785,cr.1 #1-785
E786,cr.1 #1-786
E787,cr.1 #1-787
E788,cr.1 #1-788
E789,cr.1 #1-789
E790,cr.1 #1-790
E791,cr.1 #1-791
E792,cr.1 #1-792
E793,cr.1 #1-793
E794,cr.1 #1-794
E795,cr.1 #1-795
E796,cr.1 #1-796
E797,cr.1 #1-797
E798,cr.1 #1-798
E799,cr.1 #1-799
E800,cr.1 #1-800
E801,cr.1 #1-801
E802,cr.1 #1-802
E803,cr.1 #1-803
E804,cr.1 #1-804
E805,cr.1 #1-805
E806,cr.1 #1-806
E807,cr.1 #1-807
E808,cr.1 #1-808
E809,cr.1 #1-809
E810,cr.1 #1-810
E811,cr.1 #1-811
E812,cr.1 #1-812
E813,cr.1 #1-813
E814,cr.1 #1-814
E815,cr.1 #1-815
E816,cr.1 #1-816
E817,cr.1 #1-817
E818,cr.1 #1-818
E819,cr.1 #1-819
E820,cr.1 #1-820
E821,cr.1 #1-821
E822,cr.1 #1-822
E823,cr.1 #1-823
E824,cr.1 #1-824
E825,cr.1 #1-825
E826,cr.1 #1-826
E827,cr.1 #1-827
E828,cr.1 #1-828
E829,cr.1 #1-829
E830,cr.1 #1-830
E831,cr.1 #1-831
E832,cr.1 #1-832
E833,cr.1 #1-833
E834,cr.1 #1-834
E835,cr.1 #1-835
E836,cr.1 #1-836
E837,cr.1 #1-837
E838,cr.1 #1-838
E839,cr.1 #1-839
E840,cr.1 #1-840
E841,cr.1 #1-841
E842,cr.1 #1-842
E843,cr.1 #1-843
E844,cr.1 #1-844
E845,cr.1 #1-845
E846,cr.1 #1-846
E847,cr.1 #1-847
E848,cr.1 #1-848
E849,cr.1 #1-849
E850,cr.1 #1-850
E851,cr.1 #1-851
E852,cr.1 #1-852
E853,cr.1 #1-853
E854,cr.1 #1-854
E855,cr.1 #1-855
E856,cr.1 #1-856
E857,cr.1 #1-857
E858,cr.1 #1-858
E859,cr.1 #1-859
E860,cr.1 #1-860
E861,cr.1 #1-861
E862,cr.1 #1-862
E863,cr.1 #1-863
E864,cr.1 #1-864
E865,cr.1 #1-865
E866,cr.1 #1-866
E867,cr.1 #1-867
E868,cr.1 #1-868
E869,cr.1 #1-869
E870,cr.1 #1-870
E871,cr.1 #1-871
E872,cr.1 #1-872
E873,cr.1 #1-873
E874,cr.1 #1-874
E875,cr.1 #1-875
E876,cr.1 #1-876
E877,cr.1 #1-877
E878,cr.1 #1-878
E879,cr.1 #1-879
E880,cr.1 #1-880
E881,cr.1 #1-881
E882,cr.1 #1-882
E883,cr.1 #1-883
E884,cr.1 #1-884
E885,cr.1 #1-885
E886,cr.1 #1-886
E887,cr.1 #1-887
E888,cr.1 #1-888
E889,cr.1 #1-889
E890,cr.1 #1-890
E891,cr.1 #1-891
E892,cr.1 #1-892
E893,cr.1 #1-893
E894,cr.1 #1-894
E895,cr.1 #1-895
E896,cr.1 #1-896
E897,cr.1 #1-897
E898,cr.1 #1-898
E899,cr.1 #1-899
E900,cr.1 #1-900
E901,cr.1 #1-901
E902,cr.1 #1-902
E903,cr.1 #1-903
E904,cr.1 #1-904
E905,cr.1 #1-905
E906,cr.1 #1-906
E907,cr.1 #1-907
E908,cr.1 #1-908
E909,cr.1 #1-909
E910,cr.1 #1-910
E911,cr.1 #1-911
E912,cr.1 #1-912
E913,cr.1 #1-913
E914,cr.1 #1-914
E915,cr.1 #1-915
E916,cr.1 #1-916
E917,cr.1 #1-917
E918,cr.1 #1-918
E919,cr.1 #1-919
E920,cr.1 #1-920
E921,cr.1 #1-921
E922,cr.1 #1-922
E923,cr.1 #1-923
E924,cr.1 #1-924
E925,cr.1 #1-925
E926,cr.1 #1-926
E927,cr.1 #1-927
E928,cr.1 #1-928
E929,cr.1 #1-929
E930,cr.1 #1-930
E931,cr.1 #1-931
E932,cr.1 #1-932
E933,cr.1 #1-933
E934,cr.1 #1-934
E935,cr.1 #1-935
E936,cr.1 #1-936
E937,cr.1 #1-937
E938,cr.1 #1-938
E939,cr.1 #1-939
E940,cr.1 #1-940
E941,cr.1 #1-941
E942,cr.1 #1-942
E943,cr.1 #1-943
E944,cr.1 #1-944
E945,cr.1 #1-945
E946,cr.1 #1-946
E947,cr.1 #1-947
E948,cr.1 #1-948
E949,cr.1 #1-949
E950,cr.1 #1-950
E951,cr.1 #1-951
E952,cr.1 #1-952
E953,cr.1 #1-953
E954,cr.1 #1-954
E955,cr.1 #1-955
E956,cr.1 #1-956
E957,cr.1 #1-957
E958,cr.1 #1-958
E959,cr.1 #1-959
E960,cr.1 #1-960
E961,cr.1 #1-961
E962,cr.1 #1-962
E963,cr.1 #1-963
E964,cr.1 #1-964
E965,cr.1 #1-965
E966,cr.1 #1-966
E967,cr.1 #1-967
E968,cr.1 #1-968
E969,cr.1 #1-969
E970,cr.1 #1-970
E971,cr.1 #1-971
E972,cr.1 #1-972
E973,cr.1 #1-973
E974,cr.1 #1-974
E975,cr.1 #1-975
E976,cr.1 #1-976
E977,cr.1 #1-977
E978,cr.1 #1-978
E979,cr.1 #1-979
E980,cr.1 #1-980
E981,cr.1 #1-981
E982,cr.1 #1-982
E983,cr.1 #1-983
E984,cr.1 #1-984
E985,cr.1 #1-985
E986,cr.1 #1-986
E987,cr.1 #1-987
E988,cr.1 #1-988
E989,cr.1 #1-989
E990,cr.1 #1-990
E991,cr.1 #1-991
E992,cr.1 #1-992
E993,cr.1 #1-993
E994,cr.1 #1-994
E995,cr.1 #1-995
E996,cr.1 #1-996
E997,cr.1 #1-997
E998,cr.1 #1-998
E999,cr.1 #1-999
E1000,cr.1 #1-1000
E1001,cr.1 #1-1001
E1002,cr.1 #1-1002
E1003,cr.1 #1-1003
E1004,cr.1 #1-1004
E1005,cr.1 #1-1005
E1006,cr.1 #1-1006
E1007,cr.1 #1-1007
E1008,cr.1 #1-1008
E1009,cr.1 #1-1009
E1010,cr.1 #1-1010
E1011,cr.1 #1-1011
E1012,cr.1 #1-1012
E1013,cr.1 #1-1013
E1014,cr.1 #1-1014
E1015,cr.1 #1-1015
E1016,cr.1 #1-1016
E1017,cr.1 #1-1017
E1018,cr.1 #1-1018
E1019,cr.1 #1-1019
E1020,cr.1 #1-1020
E1021,cr.1 #1-1021
E1022,cr.1 #1-1022
E1023,cr.1 #1-1023
E1024,cr.1 #1-1024
E1025,cr.1 #1-1025
E1026,cr.1 #1-1026
E1027,cr.1 #1-1027
E1028,cr.1 #1-1028
E1029,cr.1 #1-1029
E1030,cr.1 #1-1030
E1031,cr.1 #1-1031
E1032,cr.1 #1-1032
E1033,cr.1 #1-1033
E1034,cr.1 #1-1034
E1035,cr.1 #1-1035
E1036,cr.1 #1-1036
E1037,cr.1 #1-1037
E1038,cr.1 #1-1038
E1039,cr.1 #1-1039
E1040,cr.1 #1-1040
E1041,cr.1 #1-1041
E1042,cr.1 #1-1042
E1043,cr.1 #1-1043
E1044,cr.1 #1-1044
E1045,cr.1 #1-1045
E1046,cr.1 #1-1046
E1047,cr.1 #1-1047
E1048,cr.1 #1-1048
E1049,cr.1 #1-1049
E1050,cr.1 #1-1050
E1051,cr.1 #1-1051
E1052,cr.1 #1-1052
E1053,cr.1 #1-1053
E1054,cr.1 #1-1054
E1055,cr.1 #1-1055
E1056,cr.1 #1-1056
E1057,cr.1 #1-1057
E1058,cr.1 #1-1058
E1059,cr.1 #1-1059
E1060,cr.1 #1-1060
E1061,cr.1 #1-1061
E1062,cr.1 #1-1062
E1063,cr.1 #1-1063
E1064,cr.1 #1-1064
E1065,cr.1 #1-1065
E1066,cr.1 #1-1066
E1067,cr.1 #1-1067
E1068,cr.1 #1-1068
E1069,cr.1 #1-1069
E1070,cr.1 #1-1070
E1071,cr.1 #1-1071
E1072,cr.1 #1-1072
E1073,cr.1 #1-1073
E1074,cr.1 #1-1074
E1075,cr.1 #1-1075
E1076,cr.1 #1-1076
E1077,cr.1 #1-1077
E1078,cr.1 #1-1078
E1079,cr.1 #1-1079
E1080,cr.1 #1-1080
E1081,cr.1 #1-1081
E1082,cr.1 #1-1082
E1083,cr.1 #1-1083
E1084,cr.1 #1-1084
E1085,cr.1 #1-1085
E1086,cr.1 #1-1086
E1087,cr.1 #1-1087
E1088,cr.1 #1-1088
E1089,cr.1 #1-1089
E1090,cr.1 #1-1090
E1091,cr.1 #1-1091
E1092,cr.1 #1-1092
E1093,cr.1 #1-1093
E1094,cr.1 #1-1094
E1095,cr.1 #1-1095
E1096,cr.1 #1-1096
E1097,cr.1 #1-1097
E1098,cr.1 #1-1098
E1099,cr.1 #1-1099
E1100,cr.1 #1-1100
E1101,cr.1 #1-1101
E1102,cr.1 #1-1102
E1103,cr.1 #1-1103
E1104,cr.1 #1-1104
E1105,cr.1 #1-1105
E1106,cr.1 #1-1106
E1107,cr.1 #1-1107
E1108,cr.1 #1-1108
E1109,cr.1 #1-1109
E1110,cr.1 #1-1110
E1111,cr.1 #1-1111
E1112,cr.1 #1-1112
E1113,cr.1 #1-1113
E1114,cr.1 #1-1114
E1115,cr.1 #1-1115
E1116,cr.1 #1-1116
E1117,cr.1 #1-1117
E1118,cr.1 #1-1118
E1119,cr.1 #1-1119
E1120,cr.1 #1-1120
E1121,cr.1 #1-1121
E1122,cr.1 #1-1122
E1123,cr.1 #1-1123
E1124,cr.1 #1-1124
E1125,cr.1 #1-1125
E1126,cr.1 #1-1126
E1127,cr.1 #1-1127
E1128,cr.1 #1-1128
E1129,cr.1 #1-1129
E1130,cr.1 #1-1130
E1131,cr.1 #1-1131
E1132,cr.1 #1-1132
E1133,cr.1 #1-1133
E1134,cr.1 #1-1134
E1135,cr.1 #1-1135
E1136,cr.1 #1-1136
E1137,cr.1 #1-1137
E1138,cr.1 #1-1138
E1139,cr.1 #1-1139
E1140,cr.1 #1-1140
E1141,cr.1 #1-1141
E1142,cr.1 #1-1142
E1143,cr.1 #1-1143
E1144,cr.1 #1-1144
E1145,cr.1 #1-1145
E1146,cr.1 #1-1146
E1147,cr.1 #1-1147
E1148,cr.1 #1-1148
E1149,cr.1 #1-1149
E1150,cr.1 #1-1150
E1151,cr.1 #1-1151
E1152,cr.1 #1-1152
E1153,cr.1 #1-1153
E1154,cr.1 #1-1154
E1155,cr.1 #1-1155
E1156,cr.1 #1-1156
E1157,cr.1 #1-1157
E1158,cr.1 #1-1158
E1159,cr.1 #1-1159
E1160,cr.1 #1-1160
E1161,cr.1 #1-1161
E1162,cr.1 #1-1162
E1163,cr.1 #1-1163
E1164,cr.1 #1-1164
E1165,cr.1 #1-1165
E1166,cr.1 #1-1166
E1167,cr.1 #1-1167
E1168,cr.1 #1-1168
E1169,cr.1 #1-1169
E1170,cr.1 #1-1170
E1171,cr.1 #1-1171
E1172,cr.1 #1-1172
E1173,cr.1 #1-1173
E1174,cr.1 #1-1174
E1175,cr.1 #1-1175
E1176,cr.1 #1-1176
E1177,cr.1 #1-1177
E1178,cr.1 #1-1178
E1179,cr.1 #1-1179
E1180,cr.1 #1-1180
E1181,cr.1 #1-1181
E1182,cr.1 #1-1182
E1183,cr.1 #1-1183
E1184,cr.1 #1-1184
E1185,cr.1 #1-1185
E1186,cr.1 #1-1186
E1187,cr.1 #1-1187
E1188,cr.1 #1-1188
E1189,cr.1 #1-1189
E1190,cr.1 #1-1190
E1191,cr.1 #1-1191
E1192,cr.1 #1-1192
E1193,cr.1 #1-1193
E1194,cr.1 #1-1194
E1195,cr.1 #1-1195
E1196,cr.1 #1-1196
E1197,cr.1 #1-1197
E1198,cr.1 #1-1198
E1199,cr.1 #1-1199
E1200,cr.1 #1-1200
E1201,cr.1 #1-1201
E1202,cr.1 #1-1202
E1203,cr.1 #1-1203
E1204,cr.1 #1-1204
E1205,cr.1 #1-1205
E1206,cr.1 #1-1206
E1207,cr.1 #1-1207
E1208,cr.1 #1-1208
E1209,cr.1 #1-1209
E1210,cr.1 #1-1210
E1211,cr.1 #1-1211
E1212,cr.1 #1-1212
E1213,cr.1 #1-1213
E1214,cr.1 #1-1214
E1215,cr.1 #1-1215
E1216,cr.1 #1-1216
E1217,cr.1 #1-1217
E1218,cr.1 #1-1218
E1219,cr.1 #1-1219
E1220,cr.1 #1-1220
E1221,cr.1 #1-1221
E1222,cr.1 #1-1222
E1223,cr.1 #1-1223
E1224,cr.1 #1-1224
E1225,cr.1 #1-1225
E1226,cr.1 #1-1226
E1227,cr.1 #1-1227
E1228,cr.1 #1-1228
E1229,cr.1 #1-1229
E1230,cr.1 #1-1230
E1231,cr.1 #1-1231
E1232,cr.1 #1-1232
E1233,cr.1 #1-1233
E1234,cr.1 #1-1234
E1235,cr.1 #1-1235
E1236,cr.1 #1-1236
E1237,cr.1 #1-1237
E1238,cr.1 #1-1238
E1239,cr.1 #1-1239
E1240,cr.1 #1-1240
E1241,cr.1 #1-1241
E1242,cr.1 #1-1242
E1243,cr.1 #1-1243
E1244,cr.1 #1-1244
E1245,cr.1 #1-1245
E1246,cr.1 #1-1246
E1247,cr.1 #1-1247
E1248,cr.1 #1-1248
E1249,cr.1 #1-1249
E1250,cr.1 #1-1250
E1251,cr.1 #1-1251
E1252,cr.1 #1-1252
E1253,cr.1 #1-1253
E1254,cr.1 #1-1254
E1255,cr.1 #1-1255
E1256,cr.1 #1-1256
E1257,cr.1 #1-1257
E1258,cr.1 #1-1258
E1259,cr.1 #1-1259
E1260,cr.1 #1-1260
E1261,cr.1 #1-1261
E1262,cr.1 #1-1262
E1263,cr.1 #1-1263
E1264,cr.1 #1-1264
E1265,cr.1 #1-1265
E1266,cr.1 #1-1266
E1267,cr.1 #1-1267
E1268,cr.1 #1-1268
E1269,cr.1 #1-1269
E1270,cr.1 #1-1270
E1271,cr.1 #1-1271
E1272,cr.1 #1-1272
E1273,cr.1 #1-1273
E1274,cr.1 #1-1274
E1275,cr.1 #1-1275
E1276,cr.1 #1-1276
E1277,cr.1 #1-1277
E1278,cr.1 #1-1278
E1279,cr.1 #1-1279
E1280,cr.1 #1-1280
E1281,cr.1 #1-1281
E1282,cr.1 #1-1282
E1283,cr.1 #1-1283
E1284,cr.1 #1-1284
E1285,cr.1 #1-1285
E1286,cr.1 #1-1286
E1287,cr.1 #1-1287
E1288,cr.1 #1-1288
E1289,cr.1 #1-1289
E1290,cr.1 #1-1290
E1291,cr.1 #1-1291
E1292,cr.1 #1-1292
E1293,cr.1 #1-1293
E1294,cr.1 #1-1294
E1295,cr.1 #1-1295
E1296,cr.1 #1-1296
E1297,cr.1 #1-1297
E1298,cr.1 #1-1298
E1299,cr.1 #1-1299
E1300,cr.1 #1-1300
E1301,cr.1 #1-1301
E1302,cr.1 #1-1302
E1303,cr.1 #1-1303
E1304,cr.1 #1-1304
E1305,cr.1 #1-1305
E1306,cr.1 #1-1306
E1307,cr.1 #1-1307
E1308,cr.1 #1-1308
E1309,cr.1 #1-1309
E1310,cr.1 #1-1310
E1311,cr.1 #1-1311
E1312,cr.1 #1-1312
E1313,cr.1 #1-1313
E1314,cr.1 #1-1314
E1315,cr.1 #1-1315
E1316,cr.1 #1-1316
E1317,cr.1 #1-1317
E1318,cr.1 #1-1318
E1319,cr.1 #1-1319
E1320,cr.1 #1-1320
E1321,cr.1 #1-1321
E1322,cr.1 #1-1322
E1323,cr.1 #1-1323
E1324,cr.1 #1-1324
E1325,cr.1 #1-1325
E1326,cr.1 #1-1326
E1327,cr.1 #1-1327
E1328,cr.1 #1-1328
E1329,cr.1 #1-1329
E1330,cr.1 #1-1330
E1331,cr.1 #1-1331
E1332,cr.1 #1-1332
E1333,cr.1 #1-1333
E1334,cr.1 #1-1334
E1335,cr.1 #1-1335
E1336,cr.1 #1-1336
E1337,cr.1 #1-1337
E1338,cr.1 #1-1338
E1339,cr.1 #1-1339
E1340,cr.1 #1-1340
E1341,cr.1 #1-1341
E1342,cr.1 #1-1342
E1343,cr.1 #1-1343
E1344,cr.1 #1-1344
E1345,cr.1 #1-1345
E1346,cr.1 #1-1346
E1347,cr.1 #1-1347
E1348,cr.1 #1-1348
E1349,cr.1 #1-1349
E1350,cr.1 #1-1350
E1351,cr.1 #1-1351
E1352,cr.1 #1-1352
E1353,cr.1 #1-1353
E1354,cr.1 #1-1354
E1355,cr.1 #1-1355
E1356,cr.1 #1-1356
E1357,cr.1 #1-1357
E1358,cr.1 #1-1358
E1359,cr.1 #1-1359
E1360,cr.1 #1-1360
E1361,cr.1 #1-1361
E1362,cr.1 #1-1362
E1363,cr.1 #1-1363
E1364,cr.1 #1-1364
E1365,cr.1 #1-1365
E1366,cr.1 #1-1366
E1367,cr.1 #1-1367
E1368,cr.1 #1-1368
E1369,cr.1 #1-1369
E1370,cr.1 #1-1370
E1371,cr.1 #1-1371
E1372,cr.1 #1-1372
E1373,cr.1 #1-1373
E1374,cr.1 #1-1374
E1375,cr.1 #1-1375
E1376,cr.1 #1-1376
E1377,cr.1 #1-1377
E1378,cr.1 #1-1378
E1379,cr.1 #1-1379
E1380,cr.1 #1-1380
E1381,cr.1 #1-1381
E1382,cr.1 #1-1382
E1383,cr.1 #1-1383
E1384,cr.1 #1-1384
E1385,cr.1 #1-1385
E1386,cr.1 #1-1386
E1387,cr.1 #1-1387
E1388,cr.1 #1-1388
E1389,cr.1 #1-1389
E1390,cr.1 #1-1390
E1391,cr.1 #1-1391
E1392,cr.1 #1-1392
E1393,cr.1 #1-1393
E1394,cr.1 #1-1394
E1395,cr.1 #1-1395
E1396,cr.1 #1-1396
E1397,cr.1 #1-1397
E1398,cr.1 #1-1398
E1399,cr.1 #1-1399
E1400,cr.1 #1-1400
E1401,cr.1 #1-1401
E1402,cr.1 #1-1402
E1403,cr.1 #1-1403
E1404,cr.1 #1-1404
E1405,cr.1 #1-1405
E1406,cr.1 #1-1406
E1407,cr.1 #1-1407
E1408,cr.1 #1-1408
E1409,cr.1 #1-1409
E1410,cr.1 #1-1410
E1411,cr.1 #1-1411
E1412,cr.1 #1-1412
E1413,cr.1 #1-1413
E1414,cr.1 #1-1414
E1415,cr.1 #1-1415
E1416,cr.1 #1-1416
E1417,cr.1 #1-1417
E1418,cr.1 #1-1418
E1419,cr.1 #1-1419
E1420,cr.1 #1-1420
E1421,cr.1 #1-1421
E1422,cr.1 #1-1422
E1423,cr.1 #1-1423
E1424,cr.1 #1-1424
E1425,cr.1 #1-1425
E1426,cr.1 #1-1426
E1427,cr.1 #1-1427
E1428,cr.1 #1-1428
E1429,cr.1 #1-1429
E1430,cr.1 #1-1430
E1431,cr.1 #1-1431
E1432,cr.1 #1-1432
E1433,cr.1 #1-1433
E1434,cr.1 #1-1434
E1435,cr.1 #1-1435
E1436,cr.1 #1-1436
E1437,cr.1 #1-1437
E1438,cr.1 #1-1438
E1439,cr.1 #1-1439
E1440,cr.1 #1-1440
E1441,cr.1 #1-1441
E1442,cr.1 #1-1442
E1443,cr.1 #1-1443
E1444,cr.1 #1-1444
E1445,cr.1 #1-1445
E1446,cr.1 #1-1446
E1447,cr.1 #1-1447
E1448,cr.1 #1-1448
E1449,cr.1 #1-1449
E1450,cr.1 #1-1450
E1451,cr.1 #1-1451
E1452,cr.1 #1-1452
E1453,cr.1 #1-1453
E1454,cr.1 #1-1454
E1455,cr.1 #1-1455
E1456,cr.1 #1-1456
E1457,cr.1 #1-1457
E1458,cr.1 #1-1458
E1459,cr.1 #1-1459
E1460,cr.1 #1-1460
E1461,cr.1 #1-1461
E1462,cr.1 #1-1462
E1463,cr.1 #1-1463
E1464,cr.1 #1-1464
E1465,cr.1 #1-1465
E1466,cr.1 #1-1466
E1467,cr.1 #1-1467
E1468,cr.1 #1-1468
E1469,cr.1 #1-1469
E1470,cr.1 #1-1470
E1471,cr.1 #1-1471
E1472,cr.1 #1-1472
E1473,cr.1 #1-1473
E1474,cr.1 #1-1474
E1475,cr.1 #1-1475
E1476,cr.1 #1-1476
E1477,cr.1 #1-1477
E1478,cr.1 #1-1478
E1479,cr.1 #1-1479
E1480,cr.1 #1-1480
E1481,cr.1 #1-1481
E1482,cr.1 #1-1482
E1483,cr.1 #1-1483
E1484,cr.1 #1-1484
E1485,cr.1 #1-1485
E1486,cr.1 #1-1486
E1487,cr.1 #1-1487
E1488,cr.1 #1-1488
E1489,cr.1 #1-1489
E1490,cr.1 #1-1490
E1491,cr.1 #1-1491
E1492,cr.1 #1-1492
E1493,cr.1 #1-1493
E1494,cr.1 #1-1494
E1495,cr.1 #1-1495
E1496,cr.1 #1-1496
E1497,cr.1 #1-1497
E1498,cr.1 #1-1498
E1499,cr.1 #1-1499
E1500,cr.1 #1-1500
E1501,cr.1 #1-1501
E1502,cr.1 #1-1502
E1503,cr.1 #1-1503
E1504,cr.1 #1-1504
E1505,cr.1 #1-1505
E1506,cr.1 #1-1506
E1507,cr.1 #1-1507
E1508,cr.1 #1-1508
E1509,cr.1 #1-1509
E1510,cr.1 #1-1510
E1511,cr.1 #1-1511
E1512,cr.1 #1-1512
E1513,cr.1 #1-1513
E1514,cr.1 #1-1514
E1515,cr.1 #1-1515
E1516,cr.1 #1-1516
E1517,cr.1 #1-1517
E1518,cr.1 #1-1518
E1519,cr.1 #1-1519
E1520,cr.1 #1-1520
E1521,cr.1 #1-1521
E1522,cr.1 #1-1522
E1523,cr.1 #1-1523
E1524,cr.1 #1-1524
E1525,cr.1 #1-1525
E1526,cr.1 #1-1526
E1527,cr.1 #1-1527
E1528,cr.1 #1-1528
E1529,cr.1 #1-1529
E1530,cr.1 #1-1530
E1531,cr.1 #1-1531
E1532,cr.1 #1-1532
E1533,cr.1 #1-1533
E1534,cr.1 #1-1534
E1535,cr.1 #1-1535
E1536,cr.1 #1-1536
E1537,cr.1 #1-1537
E1538,cr.1 #1-1538
E1539,cr.1 #1-1539
E1540,cr.1 #1-1540
E1541,cr.1 #1-1541
E1542,cr.1 #1-1542
E1543,cr.1 #1-1543
E1544,cr.1 #1-1544
E1545,cr.1 #1-1545
E1546,cr.1 #1-1546
E1547,cr.1 #1-1547
E1548,cr.1 #1-1548
E1549,cr.1 #1-1549
E1550,cr.1 #1-1550
E1551,cr.1 #1-1551
E1552,cr.1 #1-1552
E1553,cr.1 #1-1553
E1554,cr.1 #1-1554
E1555,cr.1 #1-1555
E1556,cr.1 #1-1556
E1557,cr.1 #1-1557
E1558,cr.1 #1-1558
E1559,cr.1 #1-1559
E1560,cr.1 #1-1560
E1561,cr.1 #1-1561
E1562,cr.1 #1-1562
E1563,cr.1 #1-1563
E1564,cr.1 #1-1564
E1565,cr.1 #1-1565
E1566,cr.1 #1-1566
E1567,cr.1 #1-1567
E1568,cr.1 #1-1568
E1569,cr.1 #1-1569
E1570,cr.1 #1-1570
E1571,cr.1 #1-1571
E1572,cr.1 #1-1572
E1573,cr.1 #1-1573
E1574,cr.1 #1-1574
E1575,cr.1 #1-1575
E1576,cr.1 #1-1576
E1577,cr.1 #1-1577
E1578,cr.1 #1-1578
E1579,cr.1 #1-1579
E1580,cr.1 #1-1580
E1581,cr.1 #1-1581
E1582,cr.1 #1-1582
E1583,cr.1 #1-1583
E1584,cr.1 #1-1584
E1585,cr.1 #1-1585
E1586,cr.1 #1-1586
E1587,cr.1 #1-1587
E1588,cr.1 #1-1588
E1589,cr.1 #1-1589
E1590,cr.1 #1-1590
E1591,cr.1 #1-1591
E1592,cr.1 #1-1592
E1593,cr.1 #1-1593
E1594,cr.1 #1-1594
E1595,cr.1 #1-1595
E1596,cr.1 #1-1596
E1597,cr.1 #1-1597
E1598,cr.1 #1-1598
E1599,cr.1 #1-1599
E1600,cr.1 #1-1600
E1601,cr.1 #1-1601
E1602,cr.1 #1-1602
E1603,cr.1 #1-1603
E1604,cr.1 #1-1604
E1605,cr.1 #1-1605
E1606,cr.1 #1-1606
E1607,cr.1 #1-1607
E1608,cr.1 #1-1608
E1609,cr.1 #1-1609
E1610,cr.1 #1-1610
E1611,cr.1 #1-1611
E1612,cr.1 #1-1612
E1613,cr.1 #1-1613
E1614,cr.1 #1-1614
E1615,cr.1 #1-1615
E1616,cr.1 #1-1616
E1617,cr.1 #1-1617
E1618,cr.1 #1-1618
E1619,cr.1 #1-1619
E1620,cr.1 #1-1620
E1621,cr.1 #1-1621
E1622,cr.1 #1-1622
E1623,cr.1 #1-1623
E1624,cr.1 #1-1624
E1625,cr.1 #1-1625
E1626,cr.1 #1-1626
E1627,cr.1 #1-1627
E1628,cr.1 #1-1628
E1629,cr.1 #1-1629
E1630,cr.1 #1-1630
E1631,cr.1 #1-1631
E1632,cr.1 #1-1632
E1633,cr.1 #1-1633
E1634,cr.1 #1-1634
E1635,cr.1 #1-1635
E1636,cr.1 #1-1636
E1637,cr.1 #1-1637
E1638,cr.1 #1-1638
E1639,cr.1 #1-1639
E1640,cr.1 #1-1640
E1641,cr.1 #1-1641
E1642,cr.1 #1-1642
E1643,cr.1 #1-1643
E1644,cr.1 #1-1644
E1645,cr.1 #1-1645
E1646,cr.1 #1-1646
E1647,cr.1 #1-1647
E1648,cr.1 #1-1648
E1649,cr.1 #1-1649
E1650,cr.1 #1-1650
E1651,cr.1 #1-1651
E1652,cr.1 #1-1652
E1653,cr.1 #1-1653
E1654,cr.1 #1-1654
E1655,cr.1 #1-1655
E1656,cr.1 #1-1656
E1657,cr.1 #1-1657
E1658,cr.1 #1-1658
E1659,cr.1 #1-1659
E1660,cr.1 #1-1660
E1661,cr.1 #1-1661
E1662,cr.1 #1-1662
E1663,cr.1 #1-1663
E1664,cr.1 #1-1664
E1665,cr.1 #1-1665
E1666,cr.1 #1-1666
E1667,cr.1 #1-1667
E1668,cr.1 #1-1668
E1669,cr.1 #1-1669
E1670,cr.1 #1-1670
E1671,cr.1 #1-1671
E1672,cr.1 #1-1672
E1673,cr.1 #1-1673
E1674,cr.1 #1-1674
E1675,cr.1 #1-1675
E1676,cr.1 #1-1676
E1677,cr.1 #1-1677
E1678,cr.1 #1-1678
E1679,cr.1 #1-1679
E1680,cr.1 #1-1680
E1681,cr.1 #1-1681
E1682,cr.1 #1-1682
E1683,cr.1 #1-1683
E1684,cr.1 #1-1684
E1685,cr.1 #1-1685
E1686,cr.1 #1-1686
E1687,cr.1 #1-1687
E1688,cr.1 #1-1688
E1689,cr.1 #1-1689
E1690,cr.1 #1-1690
E1691,cr.1 #1-1691
E1692,cr.1 #1-1692
E1693,cr.1 #1-1693
E1694,cr.1 #1-1694
E1695,cr.1 #1-1695
E1696,cr.1 #1-1696
E1697,cr.1 #1-1697
E1698,cr.1 #1-1698
E1699,cr.1 #1-1699
E1700,cr.1 #1-1700
E1701,cr.1 #1-1701
E1702,cr.1 #1-1702
E1703,cr.1 #1-1703
E1704,cr.1 #1-1704
E1705,cr.1 #1-1705
E1706,cr.1 #1-1706
E1707,cr.1 #1-1707
E1708,cr.1 #1-1708
E1709,cr.1 #1-1709
E1710,cr.1 #1-1710
E1711,cr.1 #1-1711
E1712,cr.1 #1-1712
E1713,cr.1 #1-1713
E1714,cr.1 #1-1714
E1715,cr.1 #1-1715
E1716,cr.1 #1-1716
E1717,cr.1 #1-1717
E1718,cr.1 #1-1718
E1719,cr.1 #1-1719
E1720,cr.1 #1-1720
E1721,cr.1 #1-1721
E1722,cr.1 #1-1722
E1723,cr.1 #1-1723
E1724,cr.1 #1-1724
E1725,cr.1 #1-1725
E1726,cr.1 #1-1726
E1727,cr.1 #1-1727
E1728,cr.1 #1-1728
E1729,cr.1 #1-1729
E1730,cr.1 #1-1730
E1731,cr.1 #1-1731
E1732,cr.1 #1-1732
E1733,cr.1 #1-1733
E1734,cr.1 #1-1734
E1735,cr.1 #1-1735
E1736,cr.1 #1-1736
E1737,cr.1 #1-1737
E1738,cr.1 #1-1738
E1739,cr.1 #1-1739
E1740,cr.1 #1-1740
E1741,cr.1 #1-1741
E1742,cr.1 #1-1742
E1743,cr.1 #1-1743
E1744,cr.1 #1-1744
E1745,cr.1 #1-1745
E1746,cr.1 #1-1746
E1747,cr.1 #1-1747
E1748,cr.1 #1-1748
E1749,cr.1 #1-1749
E1750,cr.1 #1-1750
E1751,cr.1 #1-1751
E1752,cr.1 #1-1752
E1753,cr.1 #1-1753
E1754,cr.1 #1-1754
E1755,cr.1 #1-1755
E1756,cr.1 #1-1756
E1757,cr.1 #1-1757
E1758,cr.1 #1-1758
E1759,cr.1 #1-1759
E1760,cr.1 #1-1760
E1761,cr.1 #1-1761
E1762,cr.1 #1-1762
E1763,cr.1 #1-1763
E1764,cr.1 #1-1764
E1765,cr.1 #1-1765
E1766,cr.1 #1-1766
E1767,cr.1 #1-1767
E1768,cr.1 #1-1768
E1769,cr.1 #1-1769
E1770,cr.1 #1-1770
E1771,cr.1 #1-1771
E1772,cr.1 #1-1772
E1773,cr.1 #1-1773
E1774,cr.1 #1-1774
E1775,cr.1 #1-1775
E1776,cr.1 #1-1776
E1777,cr.1 #1-1777
E1778,cr.1 #1-1778
E1779,cr.1 #1-1779
E1780,cr.1 #1-1780
E1781,cr.1 #1-1781
E1782,cr.1 #1-1782
E1783,cr.1 #1-1783
E1784,cr.1 #1-1784
E1785,cr.1 #1-1785
E1786,cr.1 #1-1786
E1787,cr.1 #1-1787
E1788,cr.1 #1-1788
E1789,cr.1 #1-1789
E1790,cr.1 #1-1790
E1791,cr.1 #1-1791
E1792,cr.1 #1-1792
E1793,cr.1 #1-1793
E1794,cr.1 #1-1794
E1795,cr.1 #1-1795
E1796,cr.1 #1-1796
E1797,cr.1 #1-1797
E1798,cr.1 #1-1798
E1799,cr.1 #1-1799
E1800,cr.1 #1-1800
E1801,cr.1 #1-1801
E1802,cr.1 #1-1802
E1803,cr.1 #1-1803
E1804,cr.1 #1-1804
E1805,cr.1 #1-1805
E1806,cr.1 #1-1806
E1807,cr.1 #1-1807
E1808,cr.1 #1-1808
E1809,cr.1 #1-1809
E1810,cr.1 #1-1810
E1811,cr.1 #1-1811
E1812,cr.1 #1-1812
E1813,cr.1 #1-1813
E1814,cr.1 #1-1814
E1815,cr.1 #1-1815
E1816,cr.1 #1-1816
E1817,cr.1 #1-1817
E1818,cr.1 #1-1818
E1819,cr.1 #1-1819
E1820,cr.1 #1-1820
E1821,cr.1 #1-1821
E1822,cr.1 #1-1822
E1823,cr.1 #1-1823
E1824,cr.1 #1-1824
E1825,cr.1 #1-1825
E1826,cr.1 #1-1826
E1827,cr.1 #1-1827
E1828,cr.1 #1-1828
E1829,cr.1 #1-1829
E1830,cr.1 #1-1830
E1831,cr.1 #1-1831
E1832,cr.1 #1-1832
E1833,cr.1 #1-1833
E1834,cr.1 #1-1834
E1835,cr.1 #1-1835
E1836,cr.1 #1-1836
E1837,cr.1 #1-1837
E1838,cr.1 #1-1838
E1839,cr.1 #1-1839
E1840,cr.1 #1-1840
E1841,cr.1 #1-1841
E1842,cr.1 #1-1842
E1843,cr.1 #1-1843
E1844,cr.1 #1-1844
E1845,cr.1 #1-1845
E1846,cr.1 #1-1846
E1847,cr.1 #1-1847
E1848,cr.1 #1-1848
E1849,cr.1 #1-1849
E1850,cr.1 #1-1850
E1851,cr.1 #1-1851
E1852,cr.1 #1-1852
E1853,cr.1 #1-1853
E1854,cr.1 #1-1854
E1855,cr.1 #1-1855
E1856,cr.1 #1-1856
E1857,cr.1 #1-1857
E1858,cr.1 #1-1858
E1859,cr.1 #1-1859
E1860,cr.1 #1-1860
E1861,cr.1 #1-1861
E1862,cr.1 #1-1862
E1863,cr.1 #1-1863
E1864,cr.1 #1-1864
E1865,cr.1 #1-1865
E1866,cr.1 #1-1866
E1867,cr.1 #1-1867
E1868,cr.1 #1-1868
E1869,cr.1 #1-1869
E1870,cr.1 #1-1870
E1871,cr.1 #1-1871
E1872,cr.1 #1-1872
E1873,cr.1 #1-1873
E1874,cr.1 #1-1874
E1875,cr.1 #1-1875
E1876,cr.1 #1-1876
E1877,cr.1 #1-1877
E1878,cr.1 #1-1878
E1879,cr.1 #1-1879
E1880,cr.1 #1-1880
E1881,cr.1 #1-1881
E1882,cr.1 #1-1882
E1883,cr.1 #1-1883
E1884,cr.1 #1-1884
E1885,cr.1 #1-1885
E1886,cr.1 #1-1886
E1887,cr.1 #1-1887
E1888,cr.1 #1-1888
E1889,cr.1 #1-1889
E1890,cr.1 #1-1890
E1891,cr.1 #1-1891
E1892,cr.1 #1-1892
E1893,cr.1 #1-1893
E1894,cr.1 #1-1894
E1895,cr.1 #1-1895
E1896,cr.1 #1-1896
E1897,cr.1 #1-1897
E1898,cr.1 #1-1898
E1899,cr.1 #1-1899
E1900,cr.1 #1-1900
E1901,cr.1 #1-1901
E1902,cr.1 #1-1902
E1903,cr.1 #1-1903
E1904,cr.1 #1-1904
E1905,cr.1 #1-1905
E1906,cr.1 #1-1906
E1907,cr.1 #1-1907
E1908,cr.1 #1-1908
E1909,cr.1 #1-1909
E1910,cr.1 #1-1910
E1911,cr.1 #1-1911
E1912,cr.1 #1-1912
E1913,cr.1 #1-1913
E1914,cr.1 #1-1914
E1915,cr.1 #1-1915
E1916,cr.1 #1-1916
E1917,cr.1 #1-1917
E1918,cr.1 #1-1918
E1919,cr.1 #1-1919
E1920,cr.1 #1-1920
E1921,cr.1 #1-1921
E1922,cr.1 #1-1922
E1923,cr.1 #1-1923
E1924,cr.1 #1-1924
E1925,cr.1 #1-1925
E1926,cr.1 #1-1926
E1927,cr.1 #1-1927
E1928,cr.1 #1-1928
E1929,cr.1 #1-1929
E1930,cr.1 #1-1930
E1931,cr.1 #1-1931
E1932,cr.1 #1-1932
E1933,cr.1 #1-1933
E1934,cr.1 #1-1934
E1935,cr.1 #1-1935
E1936,cr.1 #1-1936
E1937,cr.1 #1-1937
E1938,cr.1 #1-1938
E1939,cr.1 #1-1939
E1940,cr.1 #1-1940
E1941,cr.1 #1-1941
E1942,cr.1 #1-1942
E1943,cr.1 #1-1943
E1944,cr.1 #1-1944
E1945,cr.1 #1-1945
E1946,cr.1 #1-1946
E1947,cr.1 #1-1947
E1948,cr.1 #1-1948
E1949,cr.1 #1-1949
E1950,cr.1 #1-1950
E1951,cr.1 #1-1951
E1952,cr.1 #1-1952
E1953,cr.1 #1-1953
E1954,cr.1 #1-1954
E1955,cr.1 #1-1955
E1956,cr.1 #1-1956
E1957,cr.1 #1-1957
E1958,cr.1 #1-1958
E1959,cr.1 #1-1959
E1960,cr.1 #1-1960
E1961,cr.1 #1-1961
E1962,cr.1 #1-1962
E1963,cr.1 #1-1963
E1964,cr.1 #1-1964
E1965,cr.1 #1-1965
E1966,cr.1 #1-1966
E1967,cr.1 #1-1967
E1968,cr.1 #1-1968
E1969,cr.1 #1-1969
E1970,cr.1 #1-1970
E1971,cr.1 #1-1971
E1972,cr.1 #1-1972
E1973,cr.1 #1-1973
E1974,cr.1 #1-1974
E1975,cr.1 #1-1975
E1976,cr.1 #1-1976
E1977,cr.1 #1-1977
E1978,cr.1 #1-1978
E1979,cr.1 #1-1979
E1980,cr.1 #1-1980
E1981,cr.1 #1-1981
E1982,cr.1 #1-1982
E1983,cr.1 #1-1983
E1984,cr.1 #1-1984
E1985,cr.1 #1-1985
E1986,cr.1 #1-1986
E1987,cr.1 #1-1987
E1988,cr.1 #1-1988
E1989,cr.1 #1-1989
E1990,cr.1 #1-1990
E1991,cr.1 #1-1991
E1992,cr.1 #1-1992
E1993,cr.1 #1-1993
E1994,cr.1 #1-1994
E1995,cr.1 #1-1995
E1996,cr.1 #1-1996
E1997,cr.1 #1-1997
E1998,cr.1 #1-1998
E1999,cr.1 #1-1999
E2000,cr.1 #1-2000
