codigo,nombre,cantidad,precio,proveedor
1,material1,17612.24,2922.65,E1
2,material2,17612.24,2922.65,E2
3,material3,17612.24,2922.65,E3
4,material4,17612.24,2922.65,E4
5,material5,17612.24,2922.65,E5
6,material6,17612.24,2922.65,E6
7,material7,17612.24,2922.65,E7
8,material8,17612.24,2922.65,E8
9,material9,17612.24,2922.65,E9
10,material10,17612.24,2922.65,E10
11,material11,17612.24,2922.65,E11
12,material12,17612.24,2922.65,E12
13,material13,17612.24,2922.65,E13
14,material14,17612.24,2922.65,E14
15,material15,17612.24,2922.65,E15
16,material16,17612.24,2922.65,E16
17,material17,17612.24,2922.65,E17
18,material18,17612.24,2922.65,E18
19,material19,17612.24,2922.65,E19
20,material20,17612.24,2922.65,E20
21,material21,17612.24,2922.65,E21
22,material22,17612.24,2922.65,E22
23,material23,17612.24,2922.65,E23
24,material24,17612.24,2922.65,E24
25,material25,17612.24,2922.65,E25
26,material26,17612.24,2922.65,E26
27,material27,17612.24,2922.65,E27
28,material28,17612.24,2922.65,E28
29,material29,17612.24,2922.65,E29
30,material30,17612.24,2922.65,E30
31,material31,17612.24,2922.65,E31
32,material32,17612.24,2922.65,E32
33,material33,17612.24,2922.65,E33
34,material34,17612.24,2922.65,E34
35,material35,17612.24,2922.65,E35
36,material36,17612.24,2922.65,E36
37,material37,17612.24,2922.65,E37
38,material38,17612.24,2922.65,E38
39,material39,17612.24,2922.65,E39
40,material40,17612.24,2922.65,E40
41,material41,17612.24,2922.65,E41
42,material42,17612.24,2922.65,E42
43,material43,17612.24,2922.65,E43
44,material44,17612.24,2922.65,E44
45,material45,17612.24,2922.65,E45
46,material46,17612.24,2922.65,E46
47,material47,17612.24,2922.65,E47
48,material48,17612.24,2922.65,E48
49,material49,17612.24,2922.65,E49
50,material50,17612.24,2922.65,E50
51,material51,17612.24,2922.65,E51
52,material52,17612.24,2922.65,E52
53,material53,17612.24,2922.65,E53
54,material54,17612.24,2922.65,E54
55,material55,17612.24,2922.65,E55
56,material56,17612.24,2922.65,E56
57,material57,17612.24,2922.65,E57
58,material58,17612.24,2922.65,E58
59,material59,17612.24,2922.65,E59
60,material60,17612.24,2922.65,E60
61,material61,17612.24,2922.65,E61
62,material62,17612.24,2922.65,E62
63,material63,17612.24,2922.65,E63
64,material64,17612.24,2922.65,E64
65,material65,17612.24,2922.65,E65
66,material66,17612.24,2922.65,E66
67,material67,17612.24,2922.65,E67
68,material68,17612.24,2922.65,E68
69,material69,17612.24,2922.65,E69
70,material70,17612.24,2922.65,E70
71,material71,17612.24,2922.65,E71
72,material72,17612.24,2922.65,E72
73,material73,17612.24,2922.65,E73
74,material74,17612.24,2922.65,E74
75,material75,17612.24,2922.65,E75
76,material76,17612.24,2922.65,E76
77,material77,17612.24,2922.65,E77
78,material78,17612.24,2922.65,E78
79,material79,17612.24,2922.65,E79
80,material80,17612.24,2922.65,E80
81,material81,17612.24,2922.65,E81
82,material82,17612.24,2922.65,E82
83,material83,17612.24,2922.65,E83
84,material84,17612.24,2922.65,E84
85,material85,17612.24,2922.65,E85
86,material86,17612.24,2922.65,E86
87,material87,17612.24,2922.65,E87
88,material88,17612.24,2922.65,E88
89,material89,17612.24,2922.65,E89
90,material90,17612.24,2922.65,E90
91,material91,17612.24,2922.65,E91
92,material92,17612.24,2922.65,E92
93,material93,17612.24,2922.65,E93
94,material94,17612.24,2922.65,E94
95,material95,17612.24,2922.65,E95
96,material96,17612.24,2922.65,E96
97,material97,17612.24,2922.65,E97
98,material98,17612.24,2922.65,E98
99,material99,17612.24,2922.65,E99
100,material100,17612.24,2922.65,E100
101,material101,17612.24,2922.65,E101
102,material102,17612.24,2922.65,E102
103,material103,17612.24,2922.65,E103
104,material104,17612.24,2922.65,E104
105,material105,17612.24,2922.65,E105
106,material106,17612.24,2922.65,E106
107,material107,17612.24,2922.65,E107
108,material108,17612.24,2922.65,E108
109,material109,17612.24,2922.65,E109
110,material110,17612.24,2922.65,E110
111,material111,17612.24,2922.65,E111
112,material112,17612.24,2922.65,E112
113,material113,17612.24,2922.65,E113
114,material114,17612.24,2922.65,E114
115,material115,17612.24,2922.65,E115
116,material116,17612.24,2922.65,E116
117,material117,17612.24,2922.65,E117
118,material118,17612.24,2922.65,E118
119,material119,17612.24,2922.65,E119
120,material120,17612.24,2922.65,E120
121,material121,17612.24,2922.65,E121
122,material122,17612.24,2922.65,E122
123,material123,17612.24,2922.65,E123
124,material124,17612.24,2922.65,E124
125,material125,17612.24,2922.65,E125
126,material126,17612.24,2922.65,E126
127,material127,17612.24,2922.65,E127
128,material128,17612.24,2922.65,E128
129,material129,17612.24,2922.65,E129
130,material130,17612.24,2922.65,E130
131,material131,17612.24,2922.65,E131
132,material132,17612.24,2922.65,E132
133,material133,17612.24,2922.65,E133
134,material134,17612.24,2922.65,E134
135,material135,17612.24,2922.65,E135
136,material136,17612.24,2922.65,E136
137,material137,17612.24,2922.65,E137
138,material138,17612.24,2922.65,E138
139,material139,17612.24,2922.65,E139
140,material140,17612.24,2922.65,E140
141,material141,17612.24,2922.65,E141
142,material142,17612.24,2922.65,E142
143,material143,17612.24,2922.65,E143
144,material144,17612.24,2922.65,E144
145,material145,17612.24,2922.65,E145
146,material146,17612.24,2922.65,E146
147,material147,17612.24,2922.65,E147
148,material148,17612.24,2922.65,E148
149,material149,17612.24,2922.65,E149
150,material150,17612.24,2922.65,E150
151,material151,17612.24,2922.65,E151
152,material152,17612.24,2922.65,E152
153,material153,17612.24,2922.65,E153
154,material154,17612.24,2922.65,E154
155,material155,17612.24,2922.65,E155
156,material156,17612.24,2922.65,E156
157,material157,17612.24,2922.65,E157
158,material158,17612.24,2922.65,E158
159,material159,17612.24,2922.65,E159
160,material160,17612.24,2922.65,E160
161,material161,17612.24,2922.65,E161
162,material162,17612.24,2922.65,E162
163,material163,17612.24,2922.65,E163
164,material164,17612.24,2922.65,E164
165,material165,17612.24,2922.65,E165
166,material166,17612.24,2922.65,E166
167,material167,17612.24,2922.65,E167
168,material168,17612.24,2922.65,E168
169,material169,17612.24,2922.65,E169
170,material170,17612.24,2922.65,E170
171,material171,17612.24,2922.65,E171
172,material172,17612.24,2922.65,E172
173,material173,17612.24,2922.65,E173
174,material174,17612.24,2922.65,E174
175,material175,17612.24,2922.65,E175
176,material176,17612.24,2922.65,E176
177,material177,17612.24,2922.65,E177
178,material178,17612.24,2922.65,E178
179,material179,17612.24,2922.65,E179
180,material180,17612.24,2922.65,E180
181,material181,17612.24,2922.65,E181
182,material182,17612.24,2922.65,E182
183,material183,17612.24,2922.65,E183
184,material184,17612.24,2922.65,E184
185,material185,17612.24,2922.65,E185
186,material186,17612.24,2922.65,E186
187,material187,17612.24,2922.65,E187
188,material188,17612.24,2922.65,E188
189,material189,17612.24,2922.65,E189
190,material190,17612.24,2922.65,E190
191,material191,17612.24,2922.65,E191
192,material192,17612.24,2922.65,E192
193,material193,17612.24,2922.65,E193
194,material194,17612.24,2922.65,E194
195,material195,17612.24,2922.65,E195
196,material196,17612.24,2922.65,E196
197,material197,17612.24,2922.65,E197
198,material198,17612.24,2922.65,E198
199,material199,17612.24,2922.65,E199
200,material200,17612.24,2922.65,E200
201,material201,17612.24,2922.65,E201
202,material202,17612.24,2922.65,E202
203,material203,17612.24,2922.65,E203
204,material204,17612.24,2922.65,E204
205,material205,17612.24,2922.65,E205
206,material206,17612.24,2922.65,E206
207,material207,17612.24,2922.65,E207
208,material208,17612.24,2922.65,E208
209,material209,17612.24,2922.65,E209
210,material210,17612.24,2922.65,E210
211,material211,17612.24,2922.65,E211
212,material212,17612.24,2922.65,E212
213,material213,17612.24,2922.65,E213
214,material214,17612.24,2922.65,E214
215,material215,17612.24,2922.65,E215
216,material216,17612.24,2922.65,E216
217,material217,17612.24,2922.65,E217
218,material218,17612.24,2922.65,E218
219,material219,17612.24,2922.65,E219
220,material220,17612.24,2922.65,E220
221,material221,17612.24,2922.65,E221
222,material222,17612.24,2922.65,E222
223,material223,17612.24,2922.65,E223
224,material224,17612.24,2922.65,E224
225,material225,17612.24,2922.65,E225
226,material226,17612.24,2922.65,E226
227,material227,17612.24,2922.65,E227
228,material228,17612.24,2922.65,E228
229,material229,17612.24,2922.65,E229
230,material230,17612.24,2922.65,E230
231,material231,17612.24,2922.65,E231
232,material232,17612.24,2922.65,E232
233,material233,17612.24,2922.65,E233
234,material234,17612.24,2922.65,E234
235,material235,17612.24,2922.65,E235
236,material236,17612.24,2922.65,E236
237,material237,17612.24,2922.65,E237
238,material238,17612.24,2922.65,E238
239,material239,17612.24,2922.65,E239
240,material240,17612.24,2922.65,E240
241,material241,17612.24,2922.65,E241
242,material242,17612.24,2922.65,E242
243,material243,17612.24,2922.65,E243
244,material244,17612.24,2922.65,E244
245,material245,17612.24,2922.65,E245
246,material246,17612.24,2922.65,E246
247,material247,17612.24,2922.65,E247
248,material248,17612.24,2922.65,E248
249,material249,17612.24,2922.65,E249
250,material250,17612.24,2922.65,E250
251,material251,17612.24,2922.65,E251
252,material252,17612.24,2922.65,E252
253,material253,17612.24,2922.65,E253
254,material254,17612.24,2922.65,E254
255,material255,17612.24,2922.65,E255
256,material256,17612.24,2922.65,E256
257,material257,17612.24,2922.65,E257
258,material258,17612.24,2922.65,E258
259,material259,17612.24,2922.65,E259
260,material260,17612.24,2922.65,E260
261,material261,17612.24,2922.65,E261
262,material262,17612.24,2922.65,E262
263,material263,17612.24,2922.65,E263
264,material264,17612.24,2922.65,E264
265,material265,17612.24,2922.65,E265
266,material266,17612.24,2922.65,E266
267,material267,17612.24,2922.65,E267
268,material268,17612.24,2922.65,E268
269,material269,17612.24,2922.65,E269
270,material270,17612.24,2922.65,E270
271,material271,17612.24,2922.65,E271
272,material272,17612.24,2922.65,E272
273,material273,17612.24,2922.65,E273
274,material274,17612.24,2922.65,E274
275,material275,17612.24,2922.65,E275
276,material276,17612.24,2922.65,E276
277,material277,17612.24,2922.65,E277
278,material278,17612.24,2922.65,E278
279,material279,17612.24,2922.65,E279
280,material280,17612.24,2922.65,E280
281,material281,17612.24,2922.65,E281
282,material282,17612.24,2922.65,E282
283,material283,17612.24,2922.65,E283
284,material284,17612.24,2922.65,E284
285,material285,17612.24,2922.65,E285
286,material286,17612.24,2922.65,E286
287,material287,17612.24,2922.65,E287
288,material288,17612.24,2922.65,E288
289,material289,17612.24,2922.65,E289
290,material290,17612.24,2922.65,E290
291,material291,17612.24,2922.65,E291
292,material292,17612.24,2922.65,E292
293,material293,17612.24,2922.65,E293
294,material294,17612.24,2922.65,E294
295,material295,17612.24,2922.65,E295
296,material296,17612.24,2922.65,E296
297,material297,17612.24,2922.65,E297
298,material298,17612.24,2922.65,E298
299,material299,17612.24,2922.65,E299
300,material300,17612.24,2922.65,E300
301,material301,17612.24,2922.65,E301
302,material302,17612.24,2922.65,E302
303,material303,17612.24,2922.65,E303
304,material304,17612.24,2922.65,E304
305,material305,17612.24,2922.65,E305
306,material306,17612.24,2922.65,E306
307,material307,17612.24,2922.65,E307
308,material308,17612.24,2922.65,E308
309,material309,17612.24,2922.65,E309
310,material310,17612.24,2922.65,E310
311,material311,17612.24,2922.65,E311
312,material312,17612.24,2922.65,E312
313,material313,17612.24,2922.65,E313
314,material314,17612.24,2922.65,E314
315,material315,17612.24,2922.65,E315
316,material316,17612.24,2922.65,E316
317,material317,17612.24,2922.65,E317
318,material318,17612.24,2922.65,E318
319,material319,17612.24,2922.65,E319
320,material320,17612.24,2922.65,E320
321,material321,17612.24,2922.65,E321
322,material322,17612.24,2922.65,E322
323,material323,17612.24,2922.65,E323
324,material324,17612.24,2922.65,E324
325,material325,17612.24,2922.65,E325
326,material326,17612.24,2922.65,E326
327,material327,17612.24,2922.65,E327
328,material328,17612.24,2922.65,E328
329,material329,17612.24,2922.65,E329
330,material330,17612.24,2922.65,E330
331,material331,17612.24,2922.65,E331
332,material332,17612.24,2922.65,E332
333,material333,17612.24,2922.65,E333
334,material334,17612.24,2922.65,E334
335,material335,17612.24,2922.65,E335
336,material336,17612.24,2922.65,E336
337,material337,17612.24,2922.65,E337
338,material338,17612.24,2922.65,E338
339,material339,17612.24,2922.65,E339
340,material340,17612.24,2922.65,E340
341,material341,17612.24,2922.65,E341
342,material342,17612.24,2922.65,E342
343,material343,17612.24,2922.65,E343
344,material344,17612.24,2922.65,E344
345,material345,17612.24,2922.65,E345
346,material346,17612.24,2922.65,E346
347,material347,17612.24,2922.65,E347
348,material348,17612.24,2922.65,E348
349,material349,17612.24,2922.65,E349
350,material350,17612.24,2922.65,E350
351,material351,17612.24,2922.65,E351
352,material352,17612.24,2922.65,E352
353,material353,17612.24,2922.65,E353
354,material354,17612.24,2922.65,E354
355,material355,17612.24,2922.65,E355
356,material356,17612.24,2922.65,E356
357,material357,17612.24,2922.65,E357
358,material358,17612.24,2922.65,E358
359,material359,17612.24,2922.65,E359
360,material360,17612.24,2922.65,E360
361,material361,17612.24,2922.65,E361
362,material362,17612.24,2922.65,E362
363,material363,17612.24,2922.65,E363
364,material364,17612.24,2922.65,E364
365,material365,17612.24,2922.65,E365
366,material366,17612.24,2922.65,E366
367,material367,17612.24,2922.65,E367
368,material368,17612.24,2922.65,E368
369,material369,17612.24,2922.65,E369
370,material370,17612.24,2922.65,E370
371,material371,17612.24,2922.65,E371
372,material372,17612.24,2922.65,E372
373,material373,17612.24,2922.65,E373
374,material374,17612.24,2922.65,E374
375,material375,17612.24,2922.65,E375
376,material376,17612.24,2922.65,E376
377,material377,17612.24,2922.65,E377
378,material378,17612.24,2922.65,E378
379,material379,17612.24,2922.65,E379
380,material380,17612.24,2922.65,E380
381,material381,17612.24,2922.65,E381
382,material382,17612.24,2922.65,E382
383,material383,17612.24,2922.65,E383
384,material384,17612.24,2922.65,E384
385,material385,17612.24,2922.65,E385
386,material386,17612.24,2922.65,E386
387,material387,17612.24,2922.65,E387
388,material388,17612.24,2922.65,E388
389,material389,17612.24,2922.65,E389
390,material390,17612.24,2922.65,E390
391,material391,17612.24,2922.65,E391
392,material392,17612.24,2922.65,E392
393,material393,17612.24,2922.65,E393
394,material394,17612.24,2922.65,E394
395,material395,17612.24,2922.65,E395
396,material396,17612.24,2922.65,E396
397,material397,17612.24,2922.65,E397
398,material398,17612.24,2922.65,E398
399,material399,17612.24,2922.65,E399
400,material400,17612.24,2922.65,E400
401,material401,17612.24,2922.65,E401
402,material402,17612.24,2922.65,E402
403,material403,17612.24,2922.65,E403
404,material404,17612.24,2922.65,E404
405,material405,17612.24,2922.65,E405
406,material406,17612.24,2922.65,E406
407,material407,17612.24,2922.65,E407
408,material408,17612.24,2922.65,E408
409,material409,17612.24,2922.65,E409
410,material410,17612.24,2922.65,E410
411,material411,17612.24,2922.65,E411
412,material412,17612.24,2922.65,E412
413,material413,17612.24,2922.65,E413
414,material414,17612.24,2922.65,E414
415,material415,17612.24,2922.65,E415
416,material416,17612.24,2922.65,E416
417,material417,17612.24,2922.65,E417
418,material418,17612.24,2922.65,E418
419,material419,17612.24,2922.65,E419
420,material420,17612.24,2922.65,E420
421,material421,17612.24,2922.65,E421
422,material422,17612.24,2922.65,E422
423,material423,17612.24,2922.65,E423
424,material424,17612.24,2922.65,E424
425,material425,17612.24,2922.65,E425
426,material426,17612.24,2922.65,E426
427,material427,17612.24,2922.65,E427
428,material428,17612.24,2922.65,E428
429,material429,17612.24,2922.65,E429
430,material430,17612.24,2922.65,E430
431,material431,17612.24,2922.65,E431
432,material432,17612.24,2922.65,E432
433,material433,17612.24,2922.65,E433
434,material434,17612.24,2922.65,E434
435,material435,17612.24,2922.65,E435
436,material436,17612.24,2922.65,E436
437,material437,17612.24,2922.65,E437
438,material438,17612.24,2922.65,E438
439,material439,17612.24,2922.65,E439
440,material440,17612.24,2922.65,E440
441,material441,17612.24,2922.65,E441
442,material442,17612.24,2922.65,E442
443,material443,17612.24,2922.65,E443
444,material444,17612.24,2922.65,E444
445,material445,17612.24,2922.65,E445
446,material446,17612.24,2922.65,E446
447,material447,17612.24,2922.65,E447
448,material448,17612.24,2922.65,E448
449,material449,17612.24,2922.65,E449
450,material450,17612.24,2922.65,E450
451,material451,17612.24,2922.65,E451
452,material452,17612.24,2922.65,E452
453,material453,17612.24,2922.65,E453
454,material454,17612.24,2922.65,E454
455,material455,17612.24,2922.65,E455
456,material456,17612.24,2922.65,E456
457,material457,17612.24,2922.65,E457
458,material458,17612.24,2922.65,E458
459,material459,17612.24,2922.65,E459
460,material460,17612.24,2922.65,E460
461,material461,17612.24,2922.65,E461
462,material462,17612.24,2922.65,E462
463,material463,17612.24,2922.65,E463
464,material464,17612.24,2922.65,E464
465,material465,17612.24,2922.65,E465
466,material466,17612.24,2922.65,E466
467,material467,17612.24,2922.65,E467
468,material468,17612.24,2922.65,E468
469,material469,17612.24,2922.65,E469
470,material470,17612.24,2922.65,E470
471,material471,17612.24,2922.65,E471
472,material472,17612.24,2922.65,E472
473,material473,17612.24,2922.65,E473
474,material474,17612.24,2922.65,E474
475,material475,17612.24,2922.65,E475
476,material476,17612.24,2922.65,E476
477,material477,17612.24,2922.65,E477
478,material478,17612.24,2922.65,E478
479,material479,17612.24,2922.65,E479
480,material480,17612.24,2922.65,E480
481,material481,17612.24,2922.65,E481
482,material482,17612.24,2922.65,E482
483,material483,17612.24,2922.65,E483
484,material484,17612.24,2922.65,E484
485,material485,17612.24,2922.65,E485
486,material486,17612.24,2922.65,E486
487,material487,17612.24,2922.65,E487
488,material488,17612.24,2922.65,E488
489,material489,17612.24,2922.65,E489
490,material490,17612.24,2922.65,E490
491,material491,17612.24,2922.65,E491
492,material492,17612.24,2922.65,E492
493,material493,17612.24,2922.65,E493
494,material494,17612.24,2922.65,E494
495,material495,17612.24,2922.65,E495
496,material496,17612.24,2922.65,E496
497,material497,17612.24,2922.65,E497
498,material498,17612.24,2922.65,E498
499,material499,17612.24,2922.65,E499
500,material500,17612.24,2922.65,E500
501,material501,17612.24,2922.65,E501
502,material502,17612.24,2922.65,E502
503,material503,17612.24,2922.65,E503
504,material504,17612.24,2922.65,E504
505,material505,17612.24,2922.65,E505
506,material506,17612.24,2922.65,E506
507,material507,17612.24,2922.65,E507
508,material508,17612.24,2922.65,E508
509,material509,17612.24,2922.65,E509
510,material510,17612.24,2922.65,E510
511,material511,17612.24,2922.65,E511
512,material512,17612.24,2922.65,E512
513,material513,17612.24,2922.65,E513
514,material514,17612.24,2922.65,E514
515,material515,17612.24,2922.65,E515
516,material516,17612.24,2922.65,E516
517,material517,17612.24,2922.65,E517
518,material518,17612.24,2922.65,E518
519,material519,17612.24,2922.65,E519
520,material520,17612.24,2922.65,E520
521,material521,17612.24,2922.65,E521
522,material522,17612.24,2922.65,E522
523,material523,17612.24,2922.65,E523
524,material524,17612.24,2922.65,E524
525,material525,17612.24,2922.65,E525
526,material526,17612.24,2922.65,E526
527,material527,17612.24,2922.65,E527
528,material528,17612.24,2922.65,E528
529,material529,17612.24,2922.65,E529
530,material530,17612.24,2922.65,E530
531,material531,17612.24,2922.65,E531
532,material532,17612.24,2922.65,E532
533,material533,17612.24,2922.65,E533
534,material534,17612.24,2922.65,E534
535,material535,17612.24,2922.65,E535
536,material536,17612.24,2922.65,E536
537,material537,17612.24,2922.65,E537
538,material538,17612.24,2922.65,E538
539,material539,17612.24,2922.65,E539
540,material540,17612.24,2922.65,E540
541,material541,17612.24,2922.65,E541
542,material542,17612.24,2922.65,E542
543,material543,17612.24,2922.65,E543
544,material544,17612.24,2922.65,E544
545,material545,17612.24,2922.65,E545
546,material546,17612.24,2922.65,E546
547,material547,17612.24,2922.65,E547
548,material548,17612.24,2922.65,E548
549,material549,17612.24,2922.65,E549
550,material550,17612.24,2922.65,E550
551,material551,17612.24,2922.65,E551
552,material552,17612.24,2922.65,E552
553,material553,17612.24,2922.65,E553
554,material554,17612.24,2922.65,E554
555,material555,17612.24,2922.65,E555
556,material556,17612.24,2922.65,E556
557,material557,17612.24,2922.65,E557
558,material558,17612.24,2922.65,E558
559,material559,17612.24,2922.65,E559
560,material560,17612.24,2922.65,E560
561,material561,17612.24,2922.65,E561
562,material562,17612.24,2922.65,E562
563,material563,17612.24,2922.65,E563
564,material564,17612.24,2922.65,E564
565,material565,17612.24,2922.65,E565
566,material566,17612.24,2922.65,E566
567,material567,17612.24,2922.65,E567
568,material568,17612.24,2922.65,E568
569,material569,17612.24,2922.65,E569
570,material570,17612.24,2922.65,E570
571,material571,17612.24,2922.65,E571
572,material572,17612.24,2922.65,E572
573,material573,17612.24,2922.65,E573
574,material574,17612.24,2922.65,E574
575,material575,17612.24,2922.65,E575
576,material576,17612.24,2922.65,E576
577,material577,17612.24,2922.65,E577
578,material578,17612.24,2922.65,E578
579,material579,17612.24,2922.65,E579
580,material580,17612.24,2922.65,E580
581,material581,17612.24,2922.65,E581
582,material582,17612.24,2922.65,E582
583,material583,17612.24,2922.65,E583
584,material584,17612.24,2922.65,E584
585,material585,17612.24,2922.65,E585
586,material586,17612.24,2922.65,E586
587,material587,17612.24,2922.65,E587
588,material588,17612.24,2922.65,E588
589,material589,17612.24,2922.65,E589
590,material590,17612.24,2922.65,E590
591,material591,17612.24,2922.65,E591
592,material592,17612.24,2922.65,E592
593,material593,17612.24,2922.65,E593
594,material594,17612.24,2922.65,E594
595,material595,17612.24,2922.65,E595
596,material596,17612.24,2922.65,E596
597,material597,17612.24,2922.65,E597
598,material598,17612.24,2922.65,E598
599,material599,17612.24,2922.65,E599
600,material600,17612.24,2922.65,E600
601,material601,17612.24,2922.65,E601
602,material602,17612.24,2922.65,E602
603,material603,17612.24,2922.65,E603
604,material604,17612.24,2922.65,E604
605,material605,17612.24,2922.65,E605
606,material606,17612.24,2922.65,E606
607,material607,17612.24,2922.65,E607
608,material608,17612.24,2922.65,E608
609,material609,17612.24,2922.65,E609
610,material610,17612.24,2922.65,E610
611,material611,17612.24,2922.65,E611
612,material612,17612.24,2922.65,E612
613,material613,17612.24,2922.65,E613
614,material614,17612.24,2922.65,E614
615,material615,17612.24,2922.65,E615
616,material616,17612.24,2922.65,E616
617,material617,17612.24,2922.65,E617
618,material618,17612.24,2922.65,E618
619,material619,17612.24,2922.65,E619
620,material620,17612.24,2922.65,E620
621,material621,17612.24,2922.65,E621
622,material622,17612.24,2922.65,E622
623,material623,17612.24,2922.65,E623
624,material624,17612.24,2922.65,E624
625,material625,17612.24,2922.65,E625
626,material626,17612.24,2922.65,E626
627,material627,17612.24,2922.65,E627
628,material628,17612.24,2922.65,E628
629,material629,17612.24,2922.65,E629
630,material630,17612.24,2922.65,E630
631,material631,17612.24,2922.65,E631
632,material632,17612.24,2922.65,E632
633,material633,17612.24,2922.65,E633
634,material634,17612.24,2922.65,E634
635,material635,17612.24,2922.65,E635
636,material636,17612.24,2922.65,E636
637,material637,17612.24,2922.65,E637
638,material638,17612.24,2922.65,E638
639,material639,17612.24,2922.65,E639
640,material640,17612.24,2922.65,E640
641,material641,17612.24,2922.65,E641
642,material642,17612.24,2922.65,E642
643,material643,17612.24,2922.65,E643
644,material644,17612.24,2922.65,E644
645,material645,17612.24,2922.65,E645
646,material646,17612.24,2922.65,E646
647,material647,17612.24,2922.65,E647
648,material648,17612.24,2922.65,E648
649,material649,17612.24,2922.65,E649
650,material650,17612.24,2922.65,E650
651,material651,17612.24,2922.65,E651
652,material652,17612.24,2922.65,E652
653,material653,17612.24,2922.65,E653
654,material654,17612.24,2922.65,E654
655,material655,17612.24,2922.65,E655
656,material656,17612.24,2922.65,E656
657,material657,17612.24,2922.65,E657
658,material658,17612.24,2922.65,E658
659,material659,17612.24,2922.65,E659
660,material660,17612.24,2922.65,E660
661,material661,17612.24,2922.65,E661
662,material662,17612.24,2922.65,E662
663,material663,17612.24,2922.65,E663
664,material664,17612.24,2922.65,E664
665,material665,17612.24,2922.65,E665
666,material666,17612.24,2922.65,E666
667,material667,17612.24,2922.65,E667
668,material668,17612.24,2922.65,E668
669,material669,17612.24,2922.65,E669
670,material670,17612.24,2922.65,E670
671,material671,17612.24,2922.65,E671
672,material672,17612.24,2922.65,E672
673,material673,17612.24,2922.65,E673
674,material674,17612.24,2922.65,E674
675,material675,17612.24,2922.65,E675
676,material676,17612.24,2922.65,E676
677,material677,17612.24,2922.65,E677
678,material678,17612.24,2922.65,E678
679,material679,17612.24,2922.65,E679
680,material680,17612.24,2922.65,E680
681,material681,17612.24,2922.65,E681
682,material682,17612.24,2922.65,E682
683,material683,17612.24,2922.65,E683
684,material684,17612.24,2922.65,E684
685,material685,17612.24,2922.65,E685
686,material686,17612.24,2922.65,E686
687,material687,17612.24,2922.65,E687
688,material688,17612.24,2922.65,E688
689,material689,17612.24,2922.65,E689
690,material690,17612.24,2922.65,E690
691,material691,17612.24,2922.65,E691
692,material692,17612.24,2922.65,E692
693,material693,17612.24,2922.65,E693
694,material694,17612.24,2922.65,E694
695,material695,17612.24,2922.65,E695
696,material696,17612.24,2922.65,E696
697,material697,17612.24,2922.65,E697
698,material698,17612.24,2922.65,E698
699,material699,17612.24,2922.65,E699
700,material700,17612.24,2922.65,E700
701,material701,17612.24,2922.65,E701
702,material702,17612.24,2922.65,E702
703,material703,17612.24,2922.65,E703
704,material704,17612.24,2922.65,E704
705,material705,17612.24,2922.65,E705
706,material706,17612.24,2922.65,E706
707,material707,17612.24,2922.65,E707
708,material708,17612.24,2922.65,E708
709,material709,17612.24,2922.65,E709
710,material710,17612.24,2922.65,E710
711,material711,17612.24,2922.65,E711
712,material712,17612.24,2922.65,E712
713,material713,17612.24,2922.65,E713
714,material714,17612.24,2922.65,E714
715,material715,17612.24,2922.65,E715
716,material716,17612.24,2922.65,E716
717,material717,17612.24,2922.65,E717
718,material718,17612.24,2922.65,E718
719,material719,17612.24,2922.65,E719
720,material720,17612.24,2922.65,E720
721,material721,17612.24,2922.65,E721
722,material722,17612.24,2922.65,E722
723,material723,17612.24,2922.65,E723
724,material724,17612.24,2922.65,E724
725,material725,17612.24,2922.65,E725
726,material726,17612.24,2922.65,E726
727,material727,17612.24,2922.65,E727
728,material728,17612.24,2922.65,E728
729,material729,17612.24,2922.65,E729
730,material730,17612.24,2922.65,E730
731,material731,17612.24,2922.65,E731
732,material732,17612.24,2922.65,E732
733,material733,17612.24,2922.65,E733
734,material734,17612.24,2922.65,E734
735,material735,17612.24,2922.65,E735
736,material736,17612.24,2922.65,E736
737,material737,17612.24,2922.65,E737
738,material738,17612.24,2922.65,E738
739,material739,17612.24,2922.65,E739
740,material740,17612.24,2922.65,E740
741,material741,17612.24,2922.65,E741
742,material742,17612.24,2922.65,E742
743,material743,17612.24,2922.65,E743
744,material744,17612.24,2922.65,E744
745,material745,17612.24,2922.65,E745
746,material746,17612.24,2922.65,E746
747,material747,17612.24,2922.65,E747
748,material748,17612.24,2922.65,E748
749,material749,17612.24,2922.65,E749
750,material750,17612.24,2922.65,E750
751,material751,17612.24,2922.65,E751
752,material752,17612.24,2922.65,E752
753,material753,17612.24,2922.65,E753
754,material754,17612.24,2922.65,E754
755,material755,17612.24,2922.65,E755
756,material756,17612.24,2922.65,E756
757,material757,17612.24,2922.65,E757
758,material758,17612.24,2922.65,E758
759,material759,17612.24,2922.65,E759
760,material760,17612.24,2922.65,E760
761,material761,17612.24,2922.65,E761
762,material762,17612.24,2922.65,E762
763,material763,17612.24,2922.65,E763
764,material764,17612.24,2922.65,E764
765,material765,17612.24,2922.65,E765
766,material766,17612.24,2922.65,E766
767,material767,17612.24,2922.65,E767
768,material768,17612.24,2922.65,E768
769,material769,17612.24,2922.65,E769
770,material770,17612.24,2922.65,E770
771,material771,17612.24,2922.65,E771
772,material772,17612.24,2922.65,E772
773,material773,17612.24,2922.65,E773
774,material774,17612.24,2922.65,E774
775,material775,17612.24,2922.65,E775
776,material776,17612.24,2922.65,E776
777,material777,17612.24,2922.65,E777
778,material778,17612.24,2922.65,E778
779,material779,17612.24,2922.65,E779
780,material780,17612.24,2922.65,E780
781,material781,17612.24,2922.65,E781
782,material782,17612.24,2922.65,E782
783,material783,17612.24,2922.65,E783
784,material784,17612.24,2922.65,E784
785,material785,17612.24,2922.65,E785
786,material786,17612.24,2922.65,E786
787,material787,17612.24,2922.65,E787
788,material788,17612.24,2922.65,E788
789,material789,17612.24,2922.65,E789
790,material790,17612.24,2922.65,E790
791,material791,17612.24,2922.65,E791
792,material792,17612.24,2922.65,E792
793,material793,17612.24,2922.65,E793
794,material794,17612.24,2922.65,E794
795,material795,17612.24,2922.65,E795
796,material796,17612.24,2922.65,E796
797,material797,17612.24,2922.65,E797
798,material798,17612.24,2922.65,E798
799,material799,17612.24,2922.65,E799
800,material800,17612.24,2922.65,E800
801,material801,17612.24,2922.65,E801
802,material802,17612.24,2922.65,E802
803,material803,17612.24,2922.65,E803
804,material804,17612.24,2922.65,E804
805,material805,17612.24,2922.65,E805
806,material806,17612.24,2922.65,E806
807,material807,17612.24,2922.65,E807
808,material808,17612.24,2922.65,E808
809,material809,17612.24,2922.65,E809
810,material810,17612.24,2922.65,E810
811,material811,17612.24,2922.65,E811
812,material812,17612.24,2922.65,E812
813,material813,17612.24,2922.65,E813
814,material814,17612.24,2922.65,E814
815,material815,17612.24,2922.65,E815
816,material816,17612.24,2922.65,E816
817,material817,17612.24,2922.65,E817
818,material818,17612.24,2922.65,E818
819,material819,17612.24,2922.65,E819
820,material820,17612.24,2922.65,E820
821,material821,17612.24,2922.65,E821
822,material822,17612.24,2922.65,E822
823,material823,17612.24,2922.65,E823
824,material824,17612.24,2922.65,E824
825,material825,17612.24,2922.65,E825
826,material826,17612.24,2922.65,E826
827,material827,17612.24,2922.65,E827
828,material828,17612.24,2922.65,E828
829,material829,17612.24,2922.65,E829
830,material830,17612.24,2922.65,E830
831,material831,17612.24,2922.65,E831
832,material832,17612.24,2922.65,E832
833,material833,17612.24,2922.65,E833
834,material834,17612.24,2922.65,E834
835,material835,17612.24,2922.65,E835
836,material836,17612.24,2922.65,E836
837,material837,17612.24,2922.65,E837
838,material838,17612.24,2922.65,E838
839,material839,17612.24,2922.65,E839
840,material840,17612.24,2922.65,E840
841,material841,17612.24,2922.65,E841
842,material842,17612.24,2922.65,E842
843,material843,17612.24,2922.65,E843
844,material844,17612.24,2922.65,E844
845,material845,17612.24,2922.65,E845
846,material846,17612.24,2922.65,E846
847,material847,17612.24,2922.65,E847
848,material848,17612.24,2922.65,E848
849,material849,17612.24,2922.65,E849
850,material850,17612.24,2922.65,E850
851,material851,17612.24,2922.65,E851
852,material852,17612.24,2922.65,E852
853,material853,17612.24,2922.65,E853
854,material854,17612.24,2922.65,E854
855,material855,17612.24,2922.65,E855
856,material856,17612.24,2922.65,E856
857,material857,17612.24,2922.65,E857
858,material858,17612.24,2922.65,E858
859,material859,17612.24,2922.65,E859
860,material860,17612.24,2922.65,E860
861,material861,17612.24,2922.65,E861
862,material862,17612.24,2922.65,E862
863,material863,17612.24,2922.65,E863
864,material864,17612.24,2922.65,E864
865,material865,17612.24,2922.65,E865
866,material866,17612.24,2922.65,E866
867,material867,17612.24,2922.65,E867
868,material868,17612.24,2922.65,E868
869,material869,17612.24,2922.65,E869
870,material870,17612.24,2922.65,E870
871,material871,17612.24,2922.65,E871
872,material872,17612.24,2922.65,E872
873,material873,17612.24,2922.65,E873
874,material874,17612.24,2922.65,E874
875,material875,17612.24,2922.65,E875
876,material876,17612.24,2922.65,E876
877,material877,17612.24,2922.65,E877
878,material878,17612.24,2922.65,E878
879,material879,17612.24,2922.65,E879
880,material880,17612.24,2922.65,E880
881,material881,17612.24,2922.65,E881
882,material882,17612.24,2922.65,E882
883,material883,17612.24,2922.65,E883
884,material884,17612.24,2922.65,E884
885,material885,17612.24,2922.65,E885
886,material886,17612.24,2922.65,E886
887,material887,17612.24,2922.65,E887
888,material888,17612.24,2922.65,E888
889,material889,17612.24,2922.65,E889
890,material890,17612.24,2922.65,E890
891,material891,17612.24,2922.65,E891
892,material892,17612.24,2922.65,E892
893,material893,17612.24,2922.65,E893
894,material894,17612.24,2922.65,E894
895,material895,17612.24,2922.65,E895
896,material896,17612.24,2922.65,E896
897,material897,17612.24,2922.65,E897
898,material898,17612.24,2922.65,E898
899,material899,17612.24,2922.65,E899
900,material900,17612.24,2922.65,E900
901,material901,17612.24,2922.65,E901
902,material902,17612.24,2922.65,E902
903,material903,17612.24,2922.65,E903
904,material904,17612.24,2922.65,E904
905,material905,17612.24,2922.65,E905
906,material906,17612.24,2922.65,E906
907,material907,17612.24,2922.65,E907
908,material908,17612.24,2922.65,E908
909,material909,17612.24,2922.65,E909
910,material910,17612.24,2922.65,E910
911,material911,17612.24,2922.65,E911
912,material912,17612.24,2922.65,E912
913,material913,17612.24,2922.65,E913
914,material914,17612.24,2922.65,E914
915,material915,17612.24,2922.65,E915
916,material916,17612.24,2922.65,E916
917,material917,17612.24,2922.65,E917
918,material918,17612.24,2922.65,E918
919,material919,17612.24,2922.65,E919
920,material920,17612.24,2922.65,E920
921,material921,17612.24,2922.65,E921
922,material922,17612.24,2922.65,E922
923,material923,17612.24,2922.65,E923
924,material924,17612.24,2922.65,E924
925,material925,17612.24,2922.65,E925
926,material926,17612.24,2922.65,E926
927,material927,17612.24,2922.65,E927
928,material928,17612.24,2922.65,E928
929,material929,17612.24,2922.65,E929
930,material930,17612.24,2922.65,E930
931,material931,17612.24,2922.65,E931
932,material932,17612.24,2922.65,E932
933,material933,17612.24,2922.65,E933
934,material934,17612.24,2922.65,E934
935,material935,17612.24,2922.65,E935
936,material936,17612.24,2922.65,E936
937,material937,17612.24,2922.65,E937
938,material938,17612.24,2922.65,E938
939,material939,17612.24,2922.65,E939
940,material940,17612.24,2922.65,E940
941,material941,17612.24,2922.65,E941
942,material942,17612.24,2922.65,E942
943,material943,17612.24,2922.65,E943
944,material944,17612.24,2922.65,E944
945,material945,17612.24,2922.65,E945
946,material946,17612.24,2922.65,E946
947,material947,17612.24,2922.65,E947
948,material948,17612.24,2922.65,E948
949,material949,17612.24,2922.65,E949
950,material950,17612.24,2922.65,E950
951,material951,17612.24,2922.65,E951
952,material952,17612.24,2922.65,E952
953,material953,17612.24,2922.65,E953
954,material954,17612.24,2922.65,E954
955,material955,17612.24,2922.65,E955
956,material956,17612.24,2922.65,E956
957,material957,17612.24,2922.65,E957
958,material958,17612.24,2922.65,E958
959,material959,17612.24,2922.65,E959
960,material960,17612.24,2922.65,E960
961,material961,17612.24,2922.65,E961
962,material962,17612.24,2922.65,E962
963,material963,17612.24,2922.65,E963
964,material964,17612.24,2922.65,E964
965,material965,17612.24,2922.65,E965
966,material966,17612.24,2922.65,E966
967,material967,17612.24,2922.65,E967
968,material968,17612.24,2922.65,E968
969,material969,17612.24,2922.65,E969
970,material970,17612.24,2922.65,E970
971,material971,17612.24,2922.65,E971
972,material972,17612.24,2922.65,E972
973,material973,17612.24,2922.65,E973
974,material974,17612.24,2922.65,E974
975,material975,17612.24,2922.65,E975
976,material976,17612.24,2922.65,E976
977,material977,17612.24,2922.65,E977
978,material978,17612.24,2922.65,E978
979,material979,17612.24,2922.65,E979
980,material980,17612.24,2922.65,E980
981,material981,17612.24,2922.65,E981
982,material982,17612.24,2922.65,E982
983,material983,17612.24,2922.65,E983
984,material984,17612.24,2922.65,E984
985,material985,17612.24,2922.65,E985
986,material986,17612.24,2922.65,E986
987,material987,17612.24,2922.65,E987
988,material988,17612.24,2922.65,E988
989,material989,17612.24,2922.65,E989
990,material990,17612.24,2922.65,E990
991,material991,17612.24,2922.65,E991
992,material992,17612.24,2922.65,E992
993,material993,17612.24,2922.65,E993
994,material994,17612.24,2922.65,E994
995,material995,17612.24,2922.65,E995
996,material996,17612.24,2922.65,E996
997,material997,17612.24,2922.65,E997
998,material998,17612.24,2922.65,E998
999,material999,17612.24,2922.65,E999
1000,material1000,17612.24,2922.65,E1000
1001,material1001,17612.24,2922.65,E1
1002,material1002,17612.24,2922.65,E2
1003,material1003,17612.24,2922.65,E3
1004,material1004,17612.24,2922.65,E4
1005,material1005,17612.24,2922.65,E5
1006,material1006,17612.24,2922.65,E6
1007,material1007,17612.24,2922.65,E7
1008,material1008,17612.24,2922.65,E8
1009,material1009,17612.24,2922.65,E9
1010,material1010,17612.24,2922.65,E10
1011,material1011,17612.24,2922.65,E11
1012,material1012,17612.24,2922.65,E12
1013,material1013,17612.24,2922.65,E13
1014,material1014,17612.24,2922.65,E14
1015,material1015,17612.24,2922.65,E15
1016,material1016,17612.24,2922.65,E16
1017,material1017,17612.24,2922.65,E17
1018,material1018,17612.24,2922.65,E18
1019,material1019,17612.24,2922.65,E19
1020,material1020,17612.24,2922.65,E20
1021,material1021,17612.24,2922.65,E21
1022,material1022,17612.24,2922.65,E22
1023,material1023,17612.24,2922.65,E23
1024,material1024,17612.24,2922.65,E24
1025,material1025,17612.24,2922.65,E25
1026,material1026,17612.24,2922.65,E26
1027,material1027,17612.24,2922.65,E27
1028,material1028,17612.24,2922.65,E28
1029,material1029,17612.24,2922.65,E29
1030,material1030,17612.24,2922.65,E30
1031,material1031,17612.24,2922.65,E31
1032,material1032,17612.24,2922.65,E32
1033,material1033,17612.24,2922.65,E33
1034,material1034,17612.24,2922.65,E34
1035,material1035,17612.24,2922.65,E35
1036,material1036,17612.24,2922.65,E36
1037,material1037,17612.24,2922.65,E37
1038,material1038,17612.24,2922.65,E38
1039,material1039,17612.24,2922.65,E39
1040,material1040,17612.24,2922.65,E40
1041,material1041,17612.24,2922.65,E41
1042,material1042,17612.24,2922.65,E42
1043,material1043,17612.24,2922.65,E43
1044,material1044,17612.24,2922.65,E44
1045,material1045,17612.24,2922.65,E45
1046,material1046,17612.24,2922.65,E46
1047,material1047,17612.24,2922.65,E47
1048,material1048,17612.24,2922.65,E48
1049,material1049,17612.24,2922.65,E49
1050,material1050,17612.24,2922.65,E50
1051,material1051,17612.24,2922.65,E51
1052,material1052,17612.24,2922.65,E52
1053,material1053,17612.24,2922.65,E53
1054,material1054,17612.24,2922.65,E54
1055,material1055,17612.24,2922.65,E55
1056,material1056,17612.24,2922.65,E56
1057,material1057,17612.24,2922.65,E57
1058,material1058,17612.24,2922.65,E58
1059,material1059,17612.24,2922.65,E59
1060,material1060,17612.24,2922.65,E60
1061,material1061,17612.24,2922.65,E61
1062,material1062,17612.24,2922.65,E62
1063,material1063,17612.24,2922.65,E63
1064,material1064,17612.24,2922.65,E64
1065,material1065,17612.24,2922.65,E65
1066,material1066,17612.24,2922.65,E66
1067,material1067,17612.24,2922.65,E67
1068,material1068,17612.24,2922.65,E68
1069,material1069,17612.24,2922.65,E69
1070,material1070,17612.24,2922.65,E70
1071,material1071,17612.24,2922.65,E71
1072,material1072,17612.24,2922.65,E72
1073,material1073,17612.24,2922.65,E73
1074,material1074,17612.24,2922.65,E74
1075,material1075,17612.24,2922.65,E75
1076,material1076,17612.24,2922.65,E76
1077,material1077,17612.24,2922.65,E77
1078,material1078,17612.24,2922.65,E78
1079,material1079,17612.24,2922.65,E79
1080,material1080,17612.24,2922.65,E80
1081,material1081,17612.24,2922.65,E81
1082,material1082,17612.24,2922.65,E82
1083,material1083,17612.24,2922.65,E83
1084,material1084,17612.24,2922.65,E84
1085,material1085,17612.24,2922.65,E85
1086,material1086,17612.24,2922.65,E86
1087,material1087,17612.24,2922.65,E87
1088,material1088,17612.24,2922.65,E88
1089,material1089,17612.24,2922.65,E89
1090,material1090,17612.24,2922.65,E90
1091,material1091,17612.24,2922.65,E91
1092,material1092,17612.24,2922.65,E92
1093,material1093,17612.24,2922.65,E93
1094,material1094,17612.24,2922.65,E94
1095,material1095,17612.24,2922.65,E95
1096,material1096,17612.24,2922.65,E96
1097,material1097,17612.24,2922.65,E97
1098,material1098,17612.24,2922.65,E98
1099,material1099,17612.24,2922.65,E99
1100,material1100,17612.24,2922.65,E100
1101,material1101,17612.24,2922.65,E101
1102,material1102,17612.24,2922.65,E102
1103,material1103,17612.24,2922.65,E103
1104,material1104,17612.24,2922.65,E104
1105,material1105,17612.24,2922.65,E105
1106,material1106,17612.24,2922.65,E106
1107,material1107,17612.24,2922.65,E107
1108,material1108,17612.24,2922.65,E108
1109,material1109,17612.24,2922.65,E109
1110,material1110,17612.24,2922.65,E110
1111,material1111,17612.24,2922.65,E111
1112,material1112,17612.24,2922.65,E112
1113,material1113,17612.24,2922.65,E113
1114,material1114,17612.24,2922.65,E114
1115,material1115,17612.24,2922.65,E115
1116,material1116,17612.24,2922.65,E116
1117,material1117,17612.24,2922.65,E117
1118,material1118,17612.24,2922.65,E118
1119,material1119,17612.24,2922.65,E119
1120,material1120,17612.24,2922.65,E120
1121,material1121,17612.24,2922.65,E121
1122,material1122,17612.24,2922.65,E122
1123,material1123,17612.24,2922.65,E123
1124,material1124,17612.24,2922.65,E124
1125,material1125,17612.24,2922.65,E125
1126,material1126,17612.24,2922.65,E126
1127,material1127,17612.24,2922.65,E127
1128,material1128,17612.24,2922.65,E128
1129,material1129,17612.24,2922.65,E129
1130,material1130,17612.24,2922.65,E130
1131,material1131,17612.24,2922.65,E131
1132,material1132,17612.24,2922.65,E132
1133,material1133,17612.24,2922.65,E133
1134,material1134,17612.24,2922.65,E134
1135,material1135,17612.24,2922.65,E135
1136,material1136,17612.24,2922.65,E136
1137,material1137,17612.24,2922.65,E137
1138,material1138,17612.24,2922.65,E138
1139,material1139,17612.24,2922.65,E139
1140,material1140,17612.24,2922.65,E140
1141,material1141,17612.24,2922.65,E141
1142,material1142,17612.24,2922.65,E142
1143,material1143,17612.24,2922.65,E143
1144,material1144,17612.24,2922.65,E144
1145,material1145,17612.24,2922.65,E145
1146,material1146,17612.24,2922.65,E146
1147,material1147,17612.24,2922.65,E147
1148,material1148,17612.24,2922.65,E148
1149,material1149,17612.24,2922.65,E149
1150,material1150,17612.24,2922.65,E150
1151,material1151,17612.24,2922.65,E151
1152,material1152,17612.24,2922.65,E152
1153,material1153,17612.24,2922.65,E153
1154,material1154,17612.24,2922.65,E154
1155,material1155,17612.24,2922.65,E155
1156,material1156,17612.24,2922.65,E156
1157,material1157,17612.24,2922.65,E157
1158,material1158,17612.24,2922.65,E158
1159,material1159,17612.24,2922.65,E159
1160,material1160,17612.24,2922.65,E160
1161,material1161,17612.24,2922.65,E161
1162,material1162,17612.24,2922.65,E162
1163,material1163,17612.24,2922.65,E163
1164,material1164,17612.24,2922.65,E164
1165,material1165,17612.24,2922.65,E165
1166,material1166,17612.24,2922.65,E166
1167,material1167,17612.24,2922.65,E167
1168,material1168,17612.24,2922.65,E168
1169,material1169,17612.24,2922.65,E169
1170,material1170,17612.24,2922.65,E170
1171,material1171,17612.24,2922.65,E171
1172,material1172,17612.24,2922.65,E172
1173,material1173,17612.24,2922.65,E173
1174,material1174,17612.24,2922.65,E174
1175,material1175,17612.24,2922.65,E175
1176,material1176,17612.24,2922.65,E176
1177,material1177,17612.24,2922.65,E177
1178,material1178,17612.24,2922.65,E178
1179,material1179,17612.24,2922.65,E179
1180,material1180,17612.24,2922.65,E180
1181,material1181,17612.24,2922.65,E181
1182,material1182,17612.24,2922.65,E182
1183,material1183,17612.24,2922.65,E183
1184,material1184,17612.24,2922.65,E184
1185,material1185,17612.24,2922.65,E185
1186,material1186,17612.24,2922.65,E186
1187,material1187,17612.24,2922.65,E187
1188,material1188,17612.24,2922.65,E188
1189,material1189,17612.24,2922.65,E189
1190,material1190,17612.24,2922.65,E190
1191,material1191,17612.24,2922.65,E191
1192,material1192,17612.24,2922.65,E192
1193,material1193,17612.24,2922.65,E193
1194,material1194,17612.24,2922.65,E194
1195,material1195,17612.24,2922.65,E195
1196,material1196,17612.24,2922.65,E196
1197,material1197,17612.24,2922.65,E197
1198,material1198,17612.24,2922.65,E198
1199,material1199,17612.24,2922.65,E199
1200,material1200,17612.24,2922.65,E200
1201,material1201,17612.24,2922.65,E201
1202,material1202,17612.24,2922.65,E202
1203,material1203,17612.24,2922.65,E203
1204,material1204,17612.24,2922.65,E204
1205,material1205,17612.24,2922.65,E205
1206,material1206,17612.24,2922.65,E206
1207,material1207,17612.24,2922.65,E207
1208,material1208,17612.24,2922.65,E208
1209,material1209,17612.24,2922.65,E209
1210,material1210,17612.24,2922.65,E210
1211,material1211,17612.24,2922.65,E211
1212,material1212,17612.24,2922.65,E212
1213,material1213,17612.24,2922.65,E213
1214,material1214,17612.24,2922.65,E214
1215,material1215,17612.24,2922.65,E215
1216,material1216,17612.24,2922.65,E216
1217,material1217,17612.24,2922.65,E217
1218,material1218,17612.24,2922.65,E218
1219,material1219,17612.24,2922.65,E219
1220,material1220,17612.24,2922.65,E220
1221,material1221,17612.24,2922.65,E221
1222,material1222,17612.24,2922.65,E222
1223,material1223,17612.24,2922.65,E223
1224,material1224,17612.24,2922.65,E224
1225,material1225,17612.24,2922.65,E225
1226,material1226,17612.24,2922.65,E226
1227,material1227,17612.24,2922.65,E227
1228,material1228,17612.24,2922.65,E228
1229,material1229,17612.24,2922.65,E229
1230,material1230,17612.24,2922.65,E230
1231,material1231,17612.24,2922.65,E231
1232,material1232,17612.24,2922.65,E232
1233,material1233,17612.24,2922.65,E233
1234,material1234,17612.24,2922.65,E234
1235,material1235,17612.24,2922.65,E235
1236,material1236,17612.24,2922.65,E236
1237,material1237,17612.24,2922.65,E237
1238,material1238,17612.24,2922.65,E238
1239,material1239,17612.24,2922.65,E239
1240,material1240,17612.24,2922.65,E240
1241,material1241,17612.24,2922.65,E241
1242,material1242,17612.24,2922.65,E242
1243,material1243,17612.24,2922.65,E243
1244,material1244,17612.24,2922.65,E244
1245,material1245,17612.24,2922.65,E245
1246,material1246,17612.24,2922.65,E246
1247,material1247,17612.24,2922.65,E247
1248,material1248,17612.24,2922.65,E248
1249,material1249,17612.24,2922.65,E249
1250,material1250,17612.24,2922.65,E250
1251,material1251,17612.24,2922.65,E251
1252,material1252,17612.24,2922.65,E252
1253,material1253,17612.24,2922.65,E253
1254,material1254,17612.24,2922.65,E254
1255,material1255,17612.24,2922.65,E255
1256,material1256,17612.24,2922.65,E256
1257,material1257,17612.24,2922.65,E257
1258,material1258,17612.24,2922.65,E258
1259,material1259,17612.24,2922.65,E259
1260,material1260,17612.24,2922.65,E260
1261,material1261,17612.24,2922.65,E261
1262,material1262,17612.24,2922.65,E262
1263,material1263,17612.24,2922.65,E263
1264,material1264,17612.24,2922.65,E264
1265,material1265,17612.24,2922.65,E265
1266,material1266,17612.24,2922.65,E266
1267,material1267,17612.24,2922.65,E267
1268,material1268,17612.24,2922.65,E268
1269,material1269,17612.24,2922.65,E269
1270,material1270,17612.24,2922.65,E270
1271,material1271,17612.24,2922.65,E271
1272,material1272,17612.24,2922.65,E272
1273,material1273,17612.24,2922.65,E273
1274,material1274,17612.24,2922.65,E274
1275,material1275,17612.24,2922.65,E275
1276,material1276,17612.24,2922.65,E276
1277,material1277,17612.24,2922.65,E277
1278,material1278,17612.24,2922.65,E278
1279,material1279,17612.24,2922.65,E279
1280,material1280,17612.24,2922.65,E280
1281,material1281,17612.24,2922.65,E281
1282,material1282,17612.24,2922.65,E282
1283,material1283,17612.24,2922.65,E283
1284,material1284,17612.24,2922.65,E284
1285,material1285,17612.24,2922.65,E285
1286,material1286,17612.24,2922.65,E286
1287,material1287,17612.24,2922.65,E287
1288,material1288,17612.24,2922.65,E288
1289,material1289,17612.24,2922.65,E289
1290,material1290,17612.24,2922.65,E290
1291,material1291,17612.24,2922.65,E291
1292,material1292,17612.24,2922.65,E292
1293,material1293,17612.24,2922.65,E293
1294,material1294,17612.24,2922.65,E294
1295,material1295,17612.24,2922.65,E295
1296,material1296,17612.24,2922.65,E296
1297,material1297,17612.24,2922.65,E297
1298,material1298,17612.24,2922.65,E298
1299,material1299,17612.24,2922.65,E299
1300,material1300,17612.24,2922.65,E300
1301,material1301,17612.24,2922.65,E301
1302,material1302,17612.24,2922.65,E302
1303,material1303,17612.24,2922.65,E303
1304,material1304,17612.24,2922.65,E304
1305,material1305,17612.24,2922.65,E305
1306,material1306,17612.24,2922.65,E306
1307,material1307,17612.24,2922.65,E307
1308,material1308,17612.24,2922.65,E308
1309,material1309,17612.24,2922.65,E309
1310,material1310,17612.24,2922.65,E310
1311,material1311,17612.24,2922.65,E311
1312,material1312,17612.24,2922.65,E312
1313,material1313,17612.24,2922.65,E313
1314,material1314,17612.24,2922.65,E314
1315,material1315,17612.24,2922.65,E315
1316,material1316,17612.24,2922.65,E316
1317,material1317,17612.24,2922.65,E317
1318,material1318,17612.24,2922.65,E318
1319,material1319,17612.24,2922.65,E319
1320,material1320,17612.24,2922.65,E320
1321,material1321,17612.24,2922.65,E321
1322,material1322,17612.24,2922.65,E322
1323,material1323,17612.24,2922.65,E323
1324,material1324,17612.24,2922.65,E324
1325,material1325,17612.24,2922.65,E325
1326,material1326,17612.24,2922.65,E326
1327,material1327,17612.24,2922.65,E327
1328,material1328,17612.24,2922.65,E328
1329,material1329,17612.24,2922.65,E329
1330,material1330,17612.24,2922.65,E330
1331,material1331,17612.24,2922.65,E331
1332,material1332,17612.24,2922.65,E332
1333,material1333,17612.24,2922.65,E333
1334,material1334,17612.24,2922.65,E334
1335,material1335,17612.24,2922.65,E335
1336,material1336,17612.24,2922.65,E336
1337,material1337,17612.24,2922.65,E337
1338,material1338,17612.24,2922.65,E338
1339,material1339,17612.24,2922.65,E339
1340,material1340,17612.24,2922.65,E340
1341,material1341,17612.24,2922.65,E341
1342,material1342,17612.24,2922.65,E342
1343,material1343,17612.24,2922.65,E343
1344,material1344,17612.24,2922.65,E344
1345,material1345,17612.24,2922.65,E345
1346,material1346,17612.24,2922.65,E346
1347,material1347,17612.24,2922.65,E347
1348,material1348,17612.24,2922.65,E348
1349,material1349,17612.24,2922.65,E349
1350,material1350,17612.24,2922.65,E350
1351,material1351,17612.24,2922.65,E351
1352,material1352,17612.24,2922.65,E352
1353,material1353,17612.24,2922.65,E353
1354,material1354,17612.24,2922.65,E354
1355,material1355,17612.24,2922.65,E355
1356,material1356,17612.24,2922.65,E356
1357,material1357,17612.24,2922.65,E357
1358,material1358,17612.24,2922.65,E358
1359,material1359,17612.24,2922.65,E359
1360,material1360,17612.24,2922.65,E360
1361,material1361,17612.24,2922.65,E361
1362,material1362,17612.24,2922.65,E362
1363,material1363,17612.24,2922.65,E363
1364,material1364,17612.24,2922.65,E364
1365,material1365,17612.24,2922.65,E365
1366,material1366,17612.24,2922.65,E366
1367,material1367,17612.24,2922.65,E367
1368,material1368,17612.24,2922.65,E368
1369,material1369,17612.24,2922.65,E369
1370,material1370,17612.24,2922.65,E370
1371,material1371,17612.24,2922.65,E371
1372,material1372,17612.24,2922.65,E372
1373,material1373,17612.24,2922.65,E373
1374,material1374,17612.24,2922.65,E374
1375,material1375,17612.24,2922.65,E375
1376,material1376,17612.24,2922.65,E376
1377,material1377,17612.24,2922.65,E377
1378,material1378,17612.24,2922.65,E378
1379,material1379,17612.24,2922.65,E379
1380,material1380,17612.24,2922.65,E380
1381,material1381,17612.24,2922.65,E381
1382,material1382,17612.24,2922.65,E382
1383,material1383,17612.24,2922.65,E383
1384,material1384,17612.24,2922.65,E384
1385,material1385,17612.24,2922.65,E385
1386,material1386,17612.24,2922.65,E386
1387,material1387,17612.24,2922.65,E387
1388,material1388,17612.24,2922.65,E388
1389,material1389,17612.24,2922.65,E389
1390,material1390,17612.24,2922.65,E390
1391,material1391,17612.24,2922.65,E391
1392,material1392,17612.24,2922.65,E392
1393,material1393,17612.24,2922.65,E393
1394,material1394,17612.24,2922.65,E394
1395,material1395,17612.24,2922.65,E395
1396,material1396,17612.24,2922.65,E396
1397,material1397,17612.24,2922.65,E397
1398,material1398,17612.24,2922.65,E398
1399,material1399,17612.24,2922.65,E399
1400,material1400,17612.24,2922.65,E400
1401,material1401,17612.24,2922.65,E401
1402,material1402,17612.24,2922.65,E402
1403,material1403,17612.24,2922.65,E403
1404,material1404,17612.24,2922.65,E404
1405,material1405,17612.24,2922.65,E405
1406,material1406,17612.24,2922.65,E406
1407,material1407,17612.24,2922.65,E407
1408,material1408,17612.24,2922.65,E408
1409,material1409,17612.24,2922.65,E409
1410,material1410,17612.24,2922.65,E410
1411,material1411,17612.24,2922.65,E411
1412,material1412,17612.24,2922.65,E412
1413,material1413,17612.24,2922.65,E413
1414,material1414,17612.24,2922.65,E414
1415,material1415,17612.24,2922.65,E415
1416,material1416,17612.24,2922.65,E416
1417,material1417,17612.24,2922.65,E417
1418,material1418,17612.24,2922.65,E418
1419,material1419,17612.24,2922.65,E419
1420,material1420,17612.24,2922.65,E420
1421,material1421,17612.24,2922.65,E421
1422,material1422,17612.24,2922.65,E422
1423,material1423,17612.24,2922.65,E423
1424,material1424,17612.24,2922.65,E424
1425,material1425,17612.24,2922.65,E425
1426,material1426,17612.24,2922.65,E426
1427,material1427,17612.24,2922.65,E427
1428,material1428,17612.24,2922.65,E428
1429,material1429,17612.24,2922.65,E429
1430,material1430,17612.24,2922.65,E430
1431,material1431,17612.24,2922.65,E431
1432,material1432,17612.24,2922.65,E432
1433,material1433,17612.24,2922.65,E433
1434,material1434,17612.24,2922.65,E434
1435,material1435,17612.24,2922.65,E435
1436,material1436,17612.24,2922.65,E436
1437,material1437,17612.24,2922.65,E437
1438,material1438,17612.24,2922.65,E438
1439,material1439,17612.24,2922.65,E439
1440,material1440,17612.24,2922.65,E440
1441,material1441,17612.24,2922.65,E441
1442,material1442,17612.24,2922.65,E442
1443,material1443,17612.24,2922.65,E443
1444,material1444,17612.24,2922.65,E444
1445,material1445,17612.24,2922.65,E445
1446,material1446,17612.24,2922.65,E446
1447,material1447,17612.24,2922.65,E447
1448,material1448,17612.24,2922.65,E448
1449,material1449,17612.24,2922.65,E449
1450,material1450,17612.24,2922.65,E450
1451,material1451,17612.24,2922.65,E451
1452,material1452,17612.24,2922.65,E452
1453,material1453,17612.24,2922.65,E453
1454,material1454,17612.24,2922.65,E454
1455,material1455,17612.24,2922.65,E455
1456,material1456,17612.24,2922.65,E456
1457,material1457,17612.24,2922.65,E457
1458,material1458,17612.24,2922.65,E458
1459,material1459,17612.24,2922.65,E459
1460,material1460,17612.24,2922.65,E460
1461,material1461,17612.24,2922.65,E461
1462,material1462,17612.24,2922.65,E462
1463,material1463,17612.24,2922.65,E463
1464,material1464,17612.24,2922.65,E464
1465,material1465,17612.24,2922.65,E465
1466,material1466,17612.24,2922.65,E466
1467,material1467,17612.24,2922.65,E467
1468,material1468,17612.24,2922.65,E468
1469,material1469,17612.24,2922.65,E469
1470,material1470,17612.24,2922.65,E470
1471,material1471,17612.24,2922.65,E471
1472,material1472,17612.24,2922.65,E472
1473,material1473,17612.24,2922.65,E473
1474,material1474,17612.24,2922.65,E474
1475,material1475,17612.24,2922.65,E475
1476,material1476,17612.24,2922.65,E476
1477,material1477,17612.24,2922.65,E477
1478,material1478,17612.24,2922.65,E478
1479,material1479,17612.24,2922.65,E479
1480,material1480,17612.24,2922.65,E480
1481,material1481,17612.24,2922.65,E481
1482,material1482,17612.24,2922.65,E482
1483,material1483,17612.24,2922.65,E483
1484,material1484,17612.24,2922.65,E484
1485,material1485,17612.24,2922.65,E485
1486,material1486,17612.24,2922.65,E486
1487,material1487,17612.24,2922.65,E487
1488,material1488,17612.24,2922.65,E488
1489,material1489,17612.24,2922.65,E489
1490,material1490,17612.24,2922.65,E490
1491,material1491,17612.24,2922.65,E491
1492,material1492,17612.24,2922.65,E492
1493,material1493,17612.24,2922.65,E493
1494,material1494,17612.24,2922.65,E494
1495,material1495,17612.24,2922.65,E495
1496,material1496,17612.24,2922.65,E496
1497,material1497,17612.24,2922.65,E497
1498,material1498,17612.24,2922.65,E498
1499,material1499,17612.24,2922.65,E499
1500,material1500,17612.24,2922.65,E500
1501,material1501,17612.24,2922.65,E501
1502,material1502,17612.24,2922.65,E502
1503,material1503,17612.24,2922.65,E503
1504,material1504,17612.24,2922.65,E504
1505,material1505,17612.24,2922.65,E505
1506,material1506,17612.24,2922.65,E506
1507,material1507,17612.24,2922.65,E507
1508,material1508,17612.24,2922.65,E508
1509,material1509,17612.24,2922.65,E509
1510,material1510,17612.24,2922.65,E510
1511,material1511,17612.24,2922.65,E511
1512,material1512,17612.24,2922.65,E512
1513,material1513,17612.24,2922.65,E513
1514,material1514,17612.24,2922.65,E514
1515,material1515,17612.24,2922.65,E515
1516,material1516,17612.24,2922.65,E516
1517,material1517,17612.24,2922.65,E517
1518,material1518,17612.24,2922.65,E518
1519,material1519,17612.24,2922.65,E519
1520,material1520,17612.24,2922.65,E520
1521,material1521,17612.24,2922.65,E521
1522,material1522,17612.24,2922.65,E522
1523,material1523,17612.24,2922.65,E523
1524,material1524,17612.24,2922.65,E524
1525,material1525,17612.24,2922.65,E525
1526,material1526,17612.24,2922.65,E526
1527,material1527,17612.24,2922.65,E527
1528,material1528,17612.24,2922.65,E528
1529,material1529,17612.24,2922.65,E529
1530,material1530,17612.24,2922.65,E530
1531,material1531,17612.24,2922.65,E531
1532,material1532,17612.24,2922.65,E532
1533,material1533,17612.24,2922.65,E533
1534,material1534,17612.24,2922.65,E534
1535,material1535,17612.24,2922.65,E535
1536,material1536,17612.24,2922.65,E536
1537,material1537,17612.24,2922.65,E537
1538,material1538,17612.24,2922.65,E538
1539,material1539,17612.24,2922.65,E539
1540,material1540,17612.24,2922.65,E540
1541,material1541,17612.24,2922.65,E541
1542,material1542,17612.24,2922.65,E542
1543,material1543,17612.24,2922.65,E543
1544,material1544,17612.24,2922.65,E544
1545,material1545,17612.24,2922.65,E545
1546,material1546,17612.24,2922.65,E546
1547,material1547,17612.24,2922.65,E547
1548,material1548,17612.24,2922.65,E548
1549,material1549,17612.24,2922.65,E549
1550,material1550,17612.24,2922.65,E550
1551,material1551,17612.24,2922.65,E551
1552,material1552,17612.24,2922.65,E552
1553,material1553,17612.24,2922.65,E553
1554,material1554,17612.24,2922.65,E554
1555,material1555,17612.24,2922.65,E555
1556,material1556,17612.24,2922.65,E556
1557,material1557,17612.24,2922.65,E557
1558,material1558,17612.24,2922.65,E558
1559,material1559,17612.24,2922.65,E559
1560,material1560,17612.24,2922.65,E560
1561,material1561,17612.24,2922.65,E561
1562,material1562,17612.24,2922.65,E562
1563,material1563,17612.24,2922.65,E563
1564,material1564,17612.24,2922.65,E564
1565,material1565,17612.24,2922.65,E565
1566,material1566,17612.24,2922.65,E566
1567,material1567,17612.24,2922.65,E567
1568,material1568,17612.24,2922.65,E568
1569,material1569,17612.24,2922.65,E569
1570,material1570,17612.24,2922.65,E570
1571,material1571,17612.24,2922.65,E571
1572,material1572,17612.24,2922.65,E572
1573,material1573,17612.24,2922.65,E573
1574,material1574,17612.24,2922.65,E574
1575,material1575,17612.24,2922.65,E575
1576,material1576,17612.24,2922.65,E576
1577,material1577,17612.24,2922.65,E577
1578,material1578,17612.24,2922.65,E578
1579,material1579,17612.24,2922.65,E579
1580,material1580,17612.24,2922.65,E580
1581,material1581,17612.24,2922.65,E581
1582,material1582,17612.24,2922.65,E582
1583,material1583,17612.24,2922.65,E583
1584,material1584,17612.24,2922.65,E584
1585,material1585,17612.24,2922.65,E585
1586,material1586,17612.24,2922.65,E586
1587,material1587,17612.24,2922.65,E587
1588,material1588,17612.24,2922.65,E588
1589,material1589,17612.24,2922.65,E589
1590,material1590,17612.24,2922.65,E590
1591,material1591,17612.24,2922.65,E591
1592,material1592,17612.24,2922.65,E592
1593,material1593,17612.24,2922.65,E593
1594,material1594,17612.24,2922.65,E594
1595,material1595,17612.24,2922.65,E595
1596,material1596,17612.24,2922.65,E596
1597,material1597,17612.24,2922.65,E597
1598,material1598,17612.24,2922.65,E598
1599,material1599,17612.24,2922.65,E599
1600,material1600,17612.24,2922.65,E600
1601,material1601,17612.24,2922.65,E601
1602,material1602,17612.24,2922.65,E602
1603,material1603,17612.24,2922.65,E603
1604,material1604,17612.24,2922.65,E604
1605,material1605,17612.24,2922.65,E605
1606,material1606,17612.24,2922.65,E606
1607,material1607,17612.24,2922.65,E607
1608,material1608,17612.24,2922.65,E608
1609,material1609,17612.24,2922.65,E609
1610,material1610,17612.24,2922.65,E610
1611,material1611,17612.24,2922.65,E611
1612,material1612,17612.24,2922.65,E612
1613,material1613,17612.24,2922.65,E613
1614,material1614,17612.24,2922.65,E614
1615,material1615,17612.24,2922.65,E615
1616,material1616,17612.24,2922.65,E616
1617,material1617,17612.24,2922.65,E617
1618,material1618,17612.24,2922.65,E618
1619,material1619,17612.24,2922.65,E619
1620,material1620,17612.24,2922.65,E620
1621,material1621,17612.24,2922.65,E621
1622,material1622,17612.24,2922.65,E622
1623,material1623,17612.24,2922.65,E623
1624,material1624,17612.24,2922.65,E624
1625,material1625,17612.24,2922.65,E625
1626,material1626,17612.24,2922.65,E626
1627,material1627,17612.24,2922.65,E627
1628,material1628,17612.24,2922.65,E628
1629,material1629,17612.24,2922.65,E629
1630,material1630,17612.24,2922.65,E630
1631,material1631,17612.24,2922.65,E631
1632,material1632,17612.24,2922.65,E632
1633,material1633,17612.24,2922.65,E633
1634,material1634,17612.24,2922.65,E634
1635,material1635,17612.24,2922.65,E635
1636,material1636,17612.24,2922.65,E636
1637,material1637,17612.24,2922.65,E637
1638,material1638,17612.24,2922.65,E638
1639,material1639,17612.24,2922.65,E639
1640,material1640,17612.24,2922.65,E640
1641,material1641,17612.24,2922.65,E641
1642,material1642,17612.24,2922.65,E642
1643,material1643,17612.24,2922.65,E643
1644,material1644,17612.24,2922.65,E644
1645,material1645,17612.24,2922.65,E645
1646,material1646,17612.24,2922.65,E646
1647,material1647,17612.24,2922.65,E647
1648,material1648,17612.24,2922.65,E648
1649,material1649,17612.24,2922.65,E649
1650,material1650,17612.24,2922.65,E650
1651,material1651,17612.24,2922.65,E651
1652,material1652,17612.24,2922.65,E652
1653,material1653,17612.24,2922.65,E653
1654,material1654,17612.24,2922.65,E654
1655,material1655,17612.24,2922.65,E655
1656,material1656,17612.24,2922.65,E656
1657,material1657,17612.24,2922.65,E657
1658,material1658,17612.24,2922.65,E658
1659,material1659,17612.24,2922.65,E659
1660,material1660,17612.24,2922.65,E660
1661,material1661,17612.24,2922.65,E661
1662,material1662,17612.24,2922.65,E662
1663,material1663,17612.24,2922.65,E663
1664,material1664,17612.24,2922.65,E664
1665,material1665,17612.24,2922.65,E665
1666,material1666,17612.24,2922.65,E666
1667,material1667,17612.24,2922.65,E667
1668,material1668,17612.24,2922.65,E668
1669,material1669,17612.24,2922.65,E669
1670,material1670,17612.24,2922.65,E670
1671,material1671,17612.24,2922.65,E671
1672,material1672,17612.24,2922.65,E672
1673,material1673,17612.24,2922.65,E673
1674,material1674,17612.24,2922.65,E674
1675,material1675,17612.24,2922.65,E675
1676,material1676,17612.24,2922.65,E676
1677,material1677,17612.24,2922.65,E677
1678,material1678,17612.24,2922.65,E678
1679,material1679,17612.24,2922.65,E679
1680,material1680,17612.24,2922.65,E680
1681,material1681,17612.24,2922.65,E681
1682,material1682,17612.24,2922.65,E682
1683,material1683,17612.24,2922.65,E683
1684,material1684,17612.24,2922.65,E684
1685,material1685,17612.24,2922.65,E685
1686,material1686,17612.24,2922.65,E686
1687,material1687,17612.24,2922.65,E687
1688,material1688,17612.24,2922.65,E688
1689,material1689,17612.24,2922.65,E689
1690,material1690,17612.24,2922.65,E690
1691,material1691,17612.24,2922.65,E691
1692,material1692,17612.24,2922.65,E692
1693,material1693,17612.24,2922.65,E693
1694,material1694,17612.24,2922.65,E694
1695,material1695,17612.24,2922.65,E695
1696,material1696,17612.24,2922.65,E696
1697,material1697,17612.24,2922.65,E697
1698,material1698,17612.24,2922.65,E698
1699,material1699,17612.24,2922.65,E699
1700,material1700,17612.24,2922.65,E700
1701,material1701,17612.24,2922.65,E701
1702,material1702,17612.24,2922.65,E702
1703,material1703,17612.24,2922.65,E703
1704,material1704,17612.24,2922.65,E704
1705,material1705,17612.24,2922.65,E705
1706,material1706,17612.24,2922.65,E706
1707,material1707,17612.24,2922.65,E707
1708,material1708,17612.24,2922.65,E708
1709,material1709,17612.24,2922.65,E709
1710,material1710,17612.24,2922.65,E710
1711,material1711,17612.24,2922.65,E711
1712,material1712,17612.24,2922.65,E712
1713,material1713,17612.24,2922.65,E713
1714,material1714,17612.24,2922.65,E714
1715,material1715,17612.24,2922.65,E715
1716,material1716,17612.24,2922.65,E716
1717,material1717,17612.24,2922.65,E717
1718,material1718,17612.24,2922.65,E718
1719,material1719,17612.24,2922.65,E719
1720,material1720,17612.24,2922.65,E720
1721,material1721,17612.24,2922.65,E721
1722,material1722,17612.24,2922.65,E722
1723,material1723,17612.24,2922.65,E723
1724,material1724,17612.24,2922.65,E724
1725,material1725,17612.24,2922.65,E725
1726,material1726,17612.24,2922.65,E726
1727,material1727,17612.24,2922.65,E727
1728,material1728,17612.24,2922.65,E728
1729,material1729,17612.24,2922.65,E729
1730,material1730,17612.24,2922.65,E730
1731,material1731,17612.24,2922.65,E731
1732,material1732,17612.24,2922.65,E732
1733,material1733,17612.24,2922.65,E733
1734,material1734,17612.24,2922.65,E734
1735,material1735,17612.24,2922.65,E735
1736,material1736,17612.24,2922.65,E736
1737,material1737,17612.24,2922.65,E737
1738,material1738,17612.24,2922.65,E738
1739,material1739,17612.24,2922.65,E739
1740,material1740,17612.24,2922.65,E740
1741,material1741,17612.24,2922.65,E741
1742,material1742,17612.24,2922.65,E742
1743,material1743,17612.24,2922.65,E743
1744,material1744,17612.24,2922.65,E744
1745,material1745,17612.24,2922.65,E745
1746,material1746,17612.24,2922.65,E746
1747,material1747,17612.24,2922.65,E747
1748,material1748,17612.24,2922.65,E748
1749,material1749,17612.24,2922.65,E749
1750,material1750,17612.24,2922.65,E750
1751,material1751,17612.24,2922.65,E751
1752,material1752,17612.24,2922.65,E752
1753,material1753,17612.24,2922.65,E753
1754,material1754,17612.24,2922.65,E754
1755,material1755,17612.24,2922.65,E755
1756,material1756,17612.24,2922.65,E756
1757,material1757,17612.24,2922.65,E757
1758,material1758,17612.24,2922.65,E758
1759,material1759,17612.24,2922.65,E759
1760,material1760,17612.24,2922.65,E760
1761,material1761,17612.24,2922.65,E761
1762,material1762,17612.24,2922.65,E762
1763,material1763,17612.24,2922.65,E763
1764,material1764,17612.24,2922.65,E764
1765,material1765,17612.24,2922.65,E765
1766,material1766,17612.24,2922.65,E766
1767,material1767,17612.24,2922.65,E767
1768,material1768,17612.24,2922.65,E768
1769,material1769,17612.24,2922.65,E769
1770,material1770,17612.24,2922.65,E770
1771,material1771,17612.24,2922.65,E771
1772,material1772,17612.24,2922.65,E772
1773,material1773,17612.24,2922.65,E773
1774,material1774,17612.24,2922.65,E774
1775,material1775,17612.24,2922.65,E775
1776,material1776,17612.24,2922.65,E776
1777,material1777,17612.24,2922.65,E777
1778,material1778,17612.24,2922.65,E778
1779,material1779,17612.24,2922.65,E779
1780,material1780,17612.24,2922.65,E780
1781,material1781,17612.24,2922.65,E781
1782,material1782,17612.24,2922.65,E782
1783,material1783,17612.24,2922.65,E783
1784,material1784,17612.24,2922.65,E784
1785,material1785,17612.24,2922.65,E785
1786,material1786,17612.24,2922.65,E786
1787,material1787,17612.24,2922.65,E787
1788,material1788,17612.24,2922.65,E788
1789,material1789,17612.24,2922.65,E789
1790,material1790,17612.24,2922.65,E790
1791,material1791,17612.24,2922.65,E791
1792,material1792,17612.24,2922.65,E792
1793,material1793,17612.24,2922.65,E793
1794,material1794,17612.24,2922.65,E794
1795,material1795,17612.24,2922.65,E795
1796,material1796,17612.24,2922.65,E796
1797,material1797,17612.24,2922.65,E797
1798,material1798,17612.24,2922.65,E798
1799,material1799,17612.24,2922.65,E799
1800,material1800,17612.24,2922.65,E800
1801,material1801,17612.24,2922.65,E801
1802,material1802,17612.24,2922.65,E802
1803,material1803,17612.24,2922.65,E803
1804,material1804,17612.24,2922.65,E804
1805,material1805,17612.24,2922.65,E805
1806,material1806,17612.24,2922.65,E806
1807,material1807,17612.24,2922.65,E807
1808,material1808,17612.24,2922.65,E808
1809,material1809,17612.24,2922.65,E809
1810,material1810,17612.24,2922.65,E810
1811,material1811,17612.24,2922.65,E811
1812,material1812,17612.24,2922.65,E812
1813,material1813,17612.24,2922.65,E813
1814,material1814,17612.24,2922.65,E814
1815,material1815,17612.24,2922.65,E815
1816,material1816,17612.24,2922.65,E816
1817,material1817,17612.24,2922.65,E817
1818,material1818,17612.24,2922.65,E818
1819,material1819,17612.24,2922.65,E819
1820,material1820,17612.24,2922.65,E820
1821,material1821,17612.24,2922.65,E821
1822,material1822,17612.24,2922.65,E822
1823,material1823,17612.24,2922.65,E823
1824,material1824,17612.24,2922.65,E824
1825,material1825,17612.24,2922.65,E825
1826,material1826,17612.24,2922.65,E826
1827,material1827,17612.24,2922.65,E827
1828,material1828,17612.24,2922.65,E828
1829,material1829,17612.24,2922.65,E829
1830,material1830,17612.24,2922.65,E830
1831,material1831,17612.24,2922.65,E831
1832,material1832,17612.24,2922.65,E832
1833,material1833,17612.24,2922.65,E833
1834,material1834,17612.24,2922.65,E834
1835,material1835,17612.24,2922.65,E835
1836,material1836,17612.24,2922.65,E836
1837,material1837,17612.24,2922.65,E837
1838,material1838,17612.24,2922.65,E838
1839,material1839,17612.24,2922.65,E839
1840,material1840,17612.24,2922.65,E840
1841,material1841,17612.24,2922.65,E841
1842,material1842,17612.24,2922.65,E842
1843,material1843,17612.24,2922.65,E843
1844,material1844,17612.24,2922.65,E844
1845,material1845,17612.24,2922.65,E845
1846,material1846,17612.24,2922.65,E846
1847,material1847,17612.24,2922.65,E847
1848,material1848,17612.24,2922.65,E848
1849,material1849,17612.24,2922.65,E849
1850,material1850,17612.24,2922.65,E850
1851,material1851,17612.24,2922.65,E851
1852,material1852,17612.24,2922.65,E852
1853,material1853,17612.24,2922.65,E853
1854,material1854,17612.24,2922.65,E854
1855,material1855,17612.24,2922.65,E855
1856,material1856,17612.24,2922.65,E856
1857,material1857,17612.24,2922.65,E857
1858,material1858,17612.24,2922.65,E858
1859,material1859,17612.24,2922.65,E859
1860,material1860,17612.24,2922.65,E860
1861,material1861,17612.24,2922.65,E861
1862,material1862,17612.24,2922.65,E862
1863,material1863,17612.24,2922.65,E863
1864,material1864,17612.24,2922.65,E864
1865,material1865,17612.24,2922.65,E865
1866,material1866,17612.24,2922.65,E866
1867,material1867,17612.24,2922.65,E867
1868,material1868,17612.24,2922.65,E868
1869,material1869,17612.24,2922.65,E869
1870,material1870,17612.24,2922.65,E870
1871,material1871,17612.24,2922.65,E871
1872,material1872,17612.24,2922.65,E872
1873,material1873,17612.24,2922.65,E873
1874,material1874,17612.24,2922.65,E874
1875,material1875,17612.24,2922.65,E875
1876,material1876,17612.24,2922.65,E876
1877,material1877,17612.24,2922.65,E877
1878,material1878,17612.24,2922.65,E878
1879,material1879,17612.24,2922.65,E879
1880,material1880,17612.24,2922.65,E880
1881,material1881,17612.24,2922.65,E881
1882,material1882,17612.24,2922.65,E882
1883,material1883,17612.24,2922.65,E883
1884,material1884,17612.24,2922.65,E884
1885,material1885,17612.24,2922.65,E885
1886,material1886,17612.24,2922.65,E886
1887,material1887,17612.24,2922.65,E887
1888,material1888,17612.24,2922.65,E888
1889,material1889,17612.24,2922.65,E889
1890,material1890,17612.24,2922.65,E890
1891,material1891,17612.24,2922.65,E891
1892,material1892,17612.24,2922.65,E892
1893,material1893,17612.24,2922.65,E893
1894,material1894,17612.24,2922.65,E894
1895,material1895,17612.24,2922.65,E895
1896,material1896,17612.24,2922.65,E896
1897,material1897,17612.24,2922.65,E897
1898,material1898,17612.24,2922.65,E898
1899,material1899,17612.24,2922.65,E899
1900,material1900,17612.24,2922.65,E900
1901,material1901,17612.24,2922.65,E901
1902,material1902,17612.24,2922.65,E902
1903,material1903,17612.24,2922.65,E903
1904,material1904,17612.24,2922.65,E904
1905,material1905,17612.24,2922.65,E905
1906,material1906,17612.24,2922.65,E906
1907,material1907,17612.24,2922.65,E907
1908,material1908,17612.24,2922.65,E908
1909,material1909,17612.24,2922.65,E909
1910,material1910,17612.24,2922.65,E910
1911,material1911,17612.24,2922.65,E911
1912,material1912,17612.24,2922.65,E912
1913,material1913,17612.24,2922.65,E913
1914,material1914,17612.24,2922.65,E914
1915,material1915,17612.24,2922.65,E915
1916,material1916,17612.24,2922.65,E916
1917,material1917,17612.24,2922.65,E917
1918,material1918,17612.24,2922.65,E918
1919,material1919,17612.24,2922.65,E919
1920,material1920,17612.24,2922.65,E920
1921,material1921,17612.24,2922.65,E921
1922,material1922,17612.24,2922.65,E922
1923,material1923,17612.24,2922.65,E923
1924,material1924,17612.24,2922.65,E924
1925,material1925,17612.24,2922.65,E925
1926,material1926,17612.24,2922.65,E926
1927,material1927,17612.24,2922.65,E927
1928,material1928,17612.24,2922.65,E928
1929,material1929,17612.24,2922.65,E929
1930,material1930,17612.24,2922.65,E930
1931,material1931,17612.24,2922.65,E931
1932,material1932,17612.24,2922.65,E932
1933,material1933,17612.24,2922.65,E933
1934,material1934,17612.24,2922.65,E934
1935,material1935,17612.24,2922.65,E935
1936,material1936,17612.24,2922.65,E936
1937,material1937,17612.24,2922.65,E937
1938,material1938,17612.24,2922.65,E938
1939,material1939,17612.24,2922.65,E939
1940,material1940,17612.24,2922.65,E940
1941,material1941,17612.24,2922.65,E941
1942,material1942,17612.24,2922.65,E942
1943,material1943,17612.24,2922.65,E943
1944,material1944,17612.24,2922.65,E944
1945,material1945,17612.24,2922.65,E945
1946,material1946,17612.24,2922.65,E946
1947,material1947,17612.24,2922.65,E947
1948,material1948,17612.24,2922.65,E948
1949,material1949,17612.24,2922.65,E949
1950,material1950,17612.24,2922.65,E950
1951,material1951,17612.24,2922.65,E951
1952,material1952,17612.24,2922.65,E952
1953,material1953,17612.24,2922.65,E953
1954,material1954,17612.24,2922.65,E954
1955,material1955,17612.24,2922.65,E955
1956,material1956,17612.24,2922.65,E956
1957,material1957,17612.24,2922.65,E957
1958,material1958,17612.24,2922.65,E958
1959,material1959,17612.24,2922.65,E959
1960,material1960,17612.24,2922.65,E960
1961,material1961,17612.24,2922.65,E961
1962,material1962,17612.24,2922.65,E962
1963,material1963,17612.24,2922.65,E963
1964,material1964,17612.24,2922.65,E964
1965,material1965,17612.24,2922.65,E965
1966,material1966,17612.24,2922.65,E966
1967,material1967,17612.24,2922.65,E967
1968,material1968,17612.24,2922.65,E968
1969,material1969,17612.24,2922.65,E969
1970,material1970,17612.24,2922.65,E970
1971,material1971,17612.24,2922.65,E971
1972,material1972,17612.24,2922.65,E972
1973,material1973,17612.24,2922.65,E973
1974,material1974,17612.24,2922.65,E974
1975,material1975,17612.24,2922.65,E975
1976,material1976,17612.24,2922.65,E976
1977,material1977,17612.24,2922.65,E977
1978,material1978,17612.24,2922.65,E978
1979,material1979,17612.24,2922.65,E979
1980,material1980,17612.24,2922.65,E980
1981,material1981,17612.24,2922.65,E981
1982,material1982,17612.24,2922.65,E982
1983,material1983,17612.24,2922.65,E983
1984,material1984,17612.24,2922.65,E984
1985,material1985,17612.24,2922.65,E985
1986,material1986,17612.24,2922.65,E986
1987,material1987,17612.24,2922.65,E987
1988,material1988,17612.24,2922.65,E988
1989,material1989,17612.24,2922.65,E989
1990,material1990,17612.24,2922.65,E990
1991,material1991,17612.24,2922.65,E991
1992,material1992,17612.24,2922.65,E992
1993,material1993,17612.24,2922.65,E993
1994,material1994,17612.24,2922.65,E994
1995,material1995,17612.24,2922.65,E995
1996,material1996,17612.24,2922.65,E996
1997,material1997,17612.24,2922.65,E997
1998,material1998,17612.24,2922.65,E998
1999,material1999,17612.24,2922.65,E999
2000,material2000,17612.24,2922.65,E1000
