codigo,idC,tidC,nombre
p-00000005,2000000001,ce,Lorelei
p-00000006,2000000002,ce,Gael
p-00000007,2000000003,ce,Berrie
p-00000008,2000000004,ce,Malorie
p-00000009,2000000005,ce,Kaylyn
p-00000010,2000000006,ce,Maribelle
p-00000011,2000000007,ce,Elysee
p-00000012,2000000008,ce,Olympia
p-00000013,2000000009,ce,Elora
p-00000014,2000000010,ce,Jasmina
p-00000015,2000000011,ce,Winonah
p-00000016,2000000012,ce,Berta
p-00000017,2000000013,ce,Tara
p-00000018,2000000014,ce,Glenn
p-00000019,2000000015,ce,Sande
p-00000020,2000000016,ce,Lucilia
p-00000021,2000000017,ce,Joycelin
p-00000022,2000000018,ce,Violet
p-00000023,2000000019,ce,Shirley
p-00000024,2000000020,ce,Lenna
p-00000025,2000000021,ce,Marney
p-00000026,2000000022,ce,Winny
p-00000027,2000000023,ce,Milicent
p-00000028,2000000024,ce,Jewel
p-00000029,2000000025,ce,Inessa
p-00000030,2000000026,ce,Kial
p-00000031,2000000027,ce,Neilla
p-00000032,2000000028,ce,Robina
p-00000033,2000000029,ce,Klarrisa
p-00000034,2000000030,ce,Marsiella
p-00000035,2000000031,ce,Consuelo
p-00000036,2000000032,ce,Malina
p-00000037,2000000033,ce,Wilmette
p-00000038,2000000034,ce,Wanda
p-00000039,2000000035,ce,Helenka
p-00000040,2000000036,ce,Yoshiko
p-00000041,2000000037,ce,Jannelle
p-00000042,2000000038,ce,Ottilie
p-00000043,2000000039,ce,Francisca
p-00000044,2000000040,ce,Waly
p-00000045,2000000041,ce,Luise
p-00000046,2000000042,ce,Phyllys
p-00000047,2000000043,ce,Elsey
p-00000048,2000000044,ce,Marguerite
p-00000049,2000000045,ce,Lexy
p-00000050,2000000046,ce,Amberly
p-00000051,2000000047,ce,Silvie
p-00000052,2000000048,ce,Pearla
p-00000053,2000000049,ce,Tracey
p-00000054,2000000050,ce,Delcina
p-00000055,2000000051,ce,Thalia
p-00000056,2000000052,ce,Eda
p-00000057,2000000053,ce,Lynnett
p-00000058,2000000054,ce,Jeana
p-00000059,2000000055,ce,Ashlee
p-00000060,2000000056,ce,Cinda
p-00000061,2000000057,ce,Irita
p-00000062,2000000058,ce,Danell
p-00000063,2000000059,ce,Glynnis
p-00000064,2000000060,ce,Tiphanie
p-00000065,2000000061,ce,Ida
p-00000066,2000000062,ce,Teri
p-00000067,2000000063,ce,Jehanna
p-00000068,2000000064,ce,Arline
p-00000069,2000000065,ce,Angel
p-00000070,2000000066,ce,Kippie
p-00000071,2000000067,ce,Berthe
p-00000072,2000000068,ce,Isabeau
p-00000073,2000000069,ce,Wilie
p-00000074,2000000070,ce,Heath
p-00000075,2000000071,ce,Olympie
p-00000076,2000000072,ce,Bab
p-00000077,2000000073,ce,Tiertza
p-00000078,2000000074,ce,Nichol
p-00000079,2000000075,ce,Jackquelin
p-00000080,2000000076,ce,Korney
p-00000081,2000000077,ce,Shalne
p-00000082,2000000078,ce,Jeniece
p-00000083,2000000079,ce,Maurine
p-00000084,2000000080,ce,Ceciley
p-00000085,2000000081,ce,Sileas
p-00000086,2000000082,ce,Noreen
p-00000087,2000000083,ce,Shandra
p-00000088,2000000084,ce,Roch
p-00000089,2000000085,ce,Kaye
p-00000090,2000000086,ce,Randi
p-00000091,2000000087,ce,Lizabeth
p-00000092,2000000088,ce,Sarette
p-00000093,2000000089,ce,Leda
p-00000094,2000000090,ce,Audie
p-00000095,2000000091,ce,Nisse
p-00000096,2000000092,ce,Darelle
p-00000097,2000000093,ce,Salli
p-00000098,2000000094,ce,Celinda
p-00000099,2000000095,ce,Blondell
p-00000100,2000000096,ce,Tierney
p-00000101,2000000097,ce,Kiersten
p-00000102,2000000098,ce,Marylou
p-00000103,2000000099,ce,Ardath
p-00000104,2000000100,ce,Patricia
p-00000105,2000000101,ce,Darby
p-00000106,2000000102,ce,Jo ann
p-00000107,2000000103,ce,Judye
p-00000108,2000000104,ce,Lauralee
p-00000109,2000000105,ce,Aridatha
p-00000110,2000000106,ce,Nicholle
p-00000111,2000000107,ce,Kassi
p-00000112,2000000108,ce,Alfie
p-00000113,2000000109,ce,Cherianne
p-00000114,2000000110,ce,Feodora
p-00000115,2000000111,ce,Florry
p-00000116,2000000112,ce,Edin
p-00000117,2000000113,ce,Corrine
p-00000118,2000000114,ce,Nelli
p-00000119,2000000115,ce,Ebba
p-00000120,2000000116,ce,Janine
p-00000121,2000000117,ce,Philippe
p-00000122,2000000118,ce,Dierdre
p-00000123,2000000119,ce,Kitty
p-00000124,2000000120,ce,Deny
p-00000125,2000000121,ce,Persis
p-00000126,2000000122,ce,Madalyn
p-00000127,2000000123,ce,Electra
p-00000128,2000000124,ce,Melessa
p-00000129,2000000125,ce,Hortense
p-00000130,2000000126,ce,Austine
p-00000131,2000000127,ce,Carmencita
p-00000132,2000000128,ce,Jodi
p-00000133,2000000129,ce,Stella
p-00000134,2000000130,ce,Raye
p-00000135,2000000131,ce,Janenna
p-00000136,2000000132,ce,Othilia
p-00000137,2000000133,ce,Angy
p-00000138,2000000134,ce,Lori
p-00000139,2000000135,ce,Pen
p-00000140,2000000136,ce,Freddi
p-00000141,2000000137,ce,Cissy
p-00000142,2000000138,ce,Concordia
p-00000143,2000000139,ce,Maressa
p-00000144,2000000140,ce,Babb
p-00000145,2000000141,ce,Carine
p-00000146,2000000142,ce,Corabel
p-00000147,2000000143,ce,Arlen
p-00000148,2000000144,ce,Lind
p-00000149,2000000145,ce,Ruthe
p-00000150,2000000146,ce,Benedikta
p-00000151,2000000147,ce,Abbi
p-00000152,2000000148,ce,Morena
p-00000153,2000000149,ce,Janie
p-00000154,2000000150,ce,Trudy
p-00000155,2000000151,ce,Lauretta
p-00000156,2000000152,ce,Abra
p-00000157,2000000153,ce,Bird
p-00000158,2000000154,ce,Althea
p-00000159,2000000155,ce,Celina
p-00000160,2000000156,ce,Charlena
p-00000161,2000000157,ce,Jordana
p-00000162,2000000158,ce,Enrika
p-00000163,2000000159,ce,Minny
p-00000164,2000000160,ce,Wally
p-00000165,2000000161,ce,Diannne
p-00000166,2000000162,ce,Jewell
p-00000167,2000000163,ce,Paloma
p-00000168,2000000164,ce,Lynett
p-00000169,2000000165,ce,Olympie
p-00000170,2000000166,ce,Jenifer
p-00000171,2000000167,ce,Diane-marie
p-00000172,2000000168,ce,Liv
p-00000173,2000000169,ce,Bobby
p-00000174,2000000170,ce,Lorilyn
p-00000175,2000000171,ce,Leyla
p-00000176,2000000172,ce,Erminia
p-00000177,2000000173,ce,Whitney
p-00000178,2000000174,ce,Claudina
p-00000179,2000000175,ce,Alina
p-00000180,2000000176,ce,Bridget
p-00000181,2000000177,ce,Zarla
p-00000182,2000000178,ce,Claudina
p-00000183,2000000179,ce,Delphinia
p-00000184,2000000180,ce,Annelise
p-00000185,2000000181,ce,Gilberte
p-00000186,2000000182,ce,Melanie
p-00000187,2000000183,ce,Ira
p-00000188,2000000184,ce,Philippine
p-00000189,2000000185,ce,Rosabelle
p-00000190,2000000186,ce,Junie
p-00000191,2000000187,ce,Janeva
p-00000192,2000000188,ce,Kimberli
p-00000193,2000000189,ce,Lorita
p-00000194,2000000190,ce,Harmony
p-00000195,2000000191,ce,Cheri
p-00000196,2000000192,ce,Crissie
p-00000197,2000000193,ce,Margy
p-00000198,2000000194,ce,Lenora
p-00000199,2000000195,ce,Jacquelynn
p-00000200,2000000196,ce,Golda
p-00000201,2000000197,ce,Claretta
p-00000202,2000000198,ce,Danika
p-00000203,2000000199,ce,Reena
p-00000204,2000000200,ce,Terese
p-00000205,2000000201,ce,Randie
p-00000206,2000000202,ce,Anstice
p-00000207,2000000203,ce,Rose
p-00000208,2000000204,ce,Berrie
p-00000209,2000000205,ce,Trudie
p-00000210,2000000206,ce,Marissa
p-00000211,2000000207,ce,Constantina
p-00000212,2000000208,ce,Goldy
p-00000213,2000000209,ce,Deborah
p-00000214,2000000210,ce,Janka
p-00000215,2000000211,ce,Elianora
p-00000216,2000000212,ce,Estrellita
p-00000217,2000000213,ce,Kala
p-00000218,2000000214,ce,Odella
p-00000219,2000000215,ce,Kameko
p-00000220,2000000216,ce,Jacintha
p-00000221,2000000217,ce,Dido
p-00000222,2000000218,ce,Raf
p-00000223,2000000219,ce,Margarethe
p-00000224,2000000220,ce,Ellyn
p-00000225,2000000221,ce,Kiley
p-00000226,2000000222,ce,Nert
p-00000227,2000000223,ce,Kalila
p-00000228,2000000224,ce,Tine
p-00000229,2000000225,ce,Lianna
p-00000230,2000000226,ce,Cristionna
p-00000231,2000000227,ce,Gerda
p-00000232,2000000228,ce,Babbie
p-00000233,2000000229,ce,Raquel
p-00000234,2000000230,ce,Saba
p-00000235,2000000231,ce,Briny
p-00000236,2000000232,ce,Maurita
p-00000237,2000000233,ce,Damara
p-00000238,2000000234,ce,Marrilee
p-00000239,2000000235,ce,Ada
p-00000240,2000000236,ce,Gwennie
p-00000241,2000000237,ce,Inesita
p-00000242,2000000238,ce,Lucienne
p-00000243,2000000239,ce,Miriam
p-00000244,2000000240,ce,Flo
p-00000245,2000000241,ce,Janaye
p-00000246,2000000242,ce,Marcella
p-00000247,2000000243,ce,Ulrica
p-00000248,2000000244,ce,Vivienne
p-00000249,2000000245,ce,Cherry
p-00000250,2000000246,ce,Dacey
p-00000251,2000000247,ce,Annora
p-00000252,2000000248,ce,Dian
p-00000253,2000000249,ce,Dacy
p-00000254,2000000250,ce,Natalee
p-00000255,2000000251,ce,Clarinda
p-00000256,2000000252,ce,Minnaminnie
p-00000257,2000000253,ce,Olivia
p-00000258,2000000254,ce,Jermaine
p-00000259,2000000255,ce,Sabra
p-00000260,2000000256,ce,Chloette
p-00000261,2000000257,ce,Elisabeth
p-00000262,2000000258,ce,Kissee
p-00000263,2000000259,ce,Jerry
p-00000264,2000000260,ce,Ally
p-00000265,2000000261,ce,Doreen
p-00000266,2000000262,ce,Chery
p-00000267,2000000263,ce,Rania
p-00000268,2000000264,ce,Annmarie
p-00000269,2000000265,ce,Leeann
p-00000270,2000000266,ce,Nikolia
p-00000271,2000000267,ce,Dawn
p-00000272,2000000268,ce,Ursula
p-00000273,2000000269,ce,Dru
p-00000274,2000000270,ce,Annabel
p-00000275,2000000271,ce,Laurette
p-00000276,2000000272,ce,Susanetta
p-00000277,2000000273,ce,Venus
p-00000278,2000000274,ce,Beatrice
p-00000279,2000000275,ce,Marga
p-00000280,2000000276,ce,Marcie
p-00000281,2000000277,ce,Elsy
p-00000282,2000000278,ce,Charlean
p-00000283,2000000279,ce,Daloris
p-00000284,2000000280,ce,Susan
p-00000285,2000000281,ce,Emmalynn
p-00000286,2000000282,ce,Gracia
p-00000287,2000000283,ce,Kirbee
p-00000288,2000000284,ce,Maria
p-00000289,2000000285,ce,Adorne
p-00000290,2000000286,ce,Blakeley
p-00000291,2000000287,ce,Gretal
p-00000292,2000000288,ce,Ludovika
p-00000293,2000000289,ce,Minette
p-00000294,2000000290,ce,Chrissie
p-00000295,2000000291,ce,Barbee
p-00000296,2000000292,ce,Joeann
p-00000297,2000000293,ce,Carly
p-00000298,2000000294,ce,Hettie
p-00000299,2000000295,ce,Teri
p-00000300,2000000296,ce,Penny
p-00000301,2000000297,ce,Rubina
p-00000302,2000000298,ce,Josi
p-00000303,2000000299,ce,Deeanne
p-00000304,2000000300,ce,Caressa
p-00000305,2000000301,ce,Vivie
p-00000306,2000000302,ce,Carlynne
p-00000307,2000000303,ce,Davina
p-00000308,2000000304,ce,Abbey
p-00000309,2000000305,ce,Eran
p-00000310,2000000306,ce,Janna
p-00000311,2000000307,ce,Ezmeralda
p-00000312,2000000308,ce,Karita
p-00000313,2000000309,ce,Carmella
p-00000314,2000000310,ce,Rosamond
p-00000315,2000000311,ce,Rebecka
p-00000316,2000000312,ce,Dyanne
p-00000317,2000000313,ce,Maia
p-00000318,2000000314,ce,Siusan
p-00000319,2000000315,ce,Lyndsey
p-00000320,2000000316,ce,Margeaux
p-00000321,2000000317,ce,Alina
p-00000322,2000000318,ce,Britteny
p-00000323,2000000319,ce,Dru
p-00000324,2000000320,ce,Tilda
p-00000325,2000000321,ce,Linnet
p-00000326,2000000322,ce,Kirstin
p-00000327,2000000323,ce,Genni
p-00000328,2000000324,ce,Wandis
p-00000329,2000000325,ce,Maggi
p-00000330,2000000326,ce,Yolanda
p-00000331,2000000327,ce,Heidi
p-00000332,2000000328,ce,Denice
p-00000333,2000000329,ce,Noella
p-00000334,2000000330,ce,Eden
p-00000335,2000000331,ce,Danielle
p-00000336,2000000332,ce,Lorelei
p-00000337,2000000333,ce,Guenna
p-00000338,2000000334,ce,Grazia
p-00000339,2000000335,ce,Reine
p-00000340,2000000336,ce,Lexy
p-00000341,2000000337,ce,Herminia
p-00000342,2000000338,ce,Brenn
p-00000343,2000000339,ce,Norina
p-00000344,2000000340,ce,Cherri
p-00000345,2000000341,ce,Ariela
p-00000346,2000000342,ce,Vivie
p-00000347,2000000343,ce,Ingeberg
p-00000348,2000000344,ce,Adriena
p-00000349,2000000345,ce,Courtney
p-00000350,2000000346,ce,Mei
p-00000351,2000000347,ce,Anastassia
p-00000352,2000000348,ce,Diann
p-00000353,2000000349,ce,Joannes
p-00000354,2000000350,ce,Letty
p-00000355,2000000351,ce,Lanni
p-00000356,2000000352,ce,Evangelin
p-00000357,2000000353,ce,Annecorinne
p-00000358,2000000354,ce,Emmaline
p-00000359,2000000355,ce,Darryl
p-00000360,2000000356,ce,Annelise
p-00000361,2000000357,ce,Candi
p-00000362,2000000358,ce,Deena
p-00000363,2000000359,ce,Isobel
p-00000364,2000000360,ce,Susette
p-00000365,2000000361,ce,Dorris
p-00000366,2000000362,ce,Kath
p-00000367,2000000363,ce,Jackelyn
p-00000368,2000000364,ce,Joell
p-00000369,2000000365,ce,Hildegaard
p-00000370,2000000366,ce,Aggi
p-00000371,2000000367,ce,Gerianna
p-00000372,2000000368,ce,Devin
p-00000373,2000000369,ce,Katy
p-00000374,2000000370,ce,Fredi
p-00000375,2000000371,ce,Zorina
p-00000376,2000000372,ce,Annamarie
p-00000377,2000000373,ce,Alli
p-00000378,2000000374,ce,Gisele
p-00000379,2000000375,ce,Mandy
p-00000380,2000000376,ce,Nanice
p-00000381,2000000377,ce,Em
p-00000382,2000000378,ce,Effie
p-00000383,2000000379,ce,Gertrudis
p-00000384,2000000380,ce,Tine
p-00000385,2000000381,ce,Perry
p-00000386,2000000382,ce,Alta
p-00000387,2000000383,ce,Elbertine
p-00000388,2000000384,ce,Kalinda
p-00000389,2000000385,ce,Alena
p-00000390,2000000386,ce,Sisile
p-00000391,2000000387,ce,Allyce
p-00000392,2000000388,ce,Kailey
p-00000393,2000000389,ce,Hollyanne
p-00000394,2000000390,ce,Malissia
p-00000395,2000000391,ce,Neala
p-00000396,2000000392,ce,Claudine
p-00000397,2000000393,ce,Bonnibelle
p-00000398,2000000394,ce,Brunhilde
p-00000399,2000000395,ce,Karola
p-00000400,2000000396,ce,Cammi
p-00000401,2000000397,ce,Lari
p-00000402,2000000398,ce,Sharleen
p-00000403,2000000399,ce,Iolande
p-00000404,2000000400,ce,Vivi
p-00000405,2000000401,ce,Nan
p-00000406,2000000402,ce,Kirbee
p-00000407,2000000403,ce,Genvieve
p-00000408,2000000404,ce,Daphene
p-00000409,2000000405,ce,Josie
p-00000410,2000000406,ce,Melba
p-00000411,2000000407,ce,Bertha
p-00000412,2000000408,ce,Linnell
p-00000413,2000000409,ce,Chickie
p-00000414,2000000410,ce,Alida
p-00000415,2000000411,ce,Lula
p-00000416,2000000412,ce,Neysa
p-00000417,2000000413,ce,Nerty
p-00000418,2000000414,ce,Isis
p-00000419,2000000415,ce,Lanae
p-00000420,2000000416,ce,Riane
p-00000421,2000000417,ce,Susana
p-00000422,2000000418,ce,Ruthann
p-00000423,2000000419,ce,Vinny
p-00000424,2000000420,ce,Sydelle
p-00000425,2000000421,ce,Nina
p-00000426,2000000422,ce,Rahal
p-00000427,2000000423,ce,Clementia
p-00000428,2000000424,ce,Meridel
p-00000429,2000000425,ce,Paulina
p-00000430,2000000426,ce,Berna
p-00000431,2000000427,ce,Nonie
p-00000432,2000000428,ce,Elsbeth
p-00000433,2000000429,ce,Maria
p-00000434,2000000430,ce,Engracia
p-00000435,2000000431,ce,Mandi
p-00000436,2000000432,ce,Charmian
p-00000437,2000000433,ce,Ilyse
p-00000438,2000000434,ce,Roselin
p-00000439,2000000435,ce,Aimee
p-00000440,2000000436,ce,Ferdinanda
p-00000441,2000000437,ce,Elaina
p-00000442,2000000438,ce,Ranna
p-00000443,2000000439,ce,Velma
p-00000444,2000000440,ce,Kim
p-00000445,2000000441,ce,Noellyn
p-00000446,2000000442,ce,Rozamond
p-00000447,2000000443,ce,Athene
p-00000448,2000000444,ce,Lynna
p-00000449,2000000445,ce,Norina
p-00000450,2000000446,ce,Evie
p-00000451,2000000447,ce,Fanni
p-00000452,2000000448,ce,Alexis
p-00000453,2000000449,ce,Lesly
p-00000454,2000000450,ce,Guillema
p-00000455,2000000451,ce,Allsun
p-00000456,2000000452,ce,Rhianna
p-00000457,2000000453,ce,Rosy
p-00000458,2000000454,ce,Guenna
p-00000459,2000000455,ce,Caren
p-00000460,2000000456,ce,Chelsey
p-00000461,2000000457,ce,Cherish
p-00000462,2000000458,ce,Josey
p-00000463,2000000459,ce,Catina
p-00000464,2000000460,ce,Cesya
p-00000465,2000000461,ce,Mariel
p-00000466,2000000462,ce,Justine
p-00000467,2000000463,ce,Ernaline
p-00000468,2000000464,ce,Fallon
p-00000469,2000000465,ce,Camellia
p-00000470,2000000466,ce,Viole
p-00000471,2000000467,ce,Dulce
p-00000472,2000000468,ce,Catlee
p-00000473,2000000469,ce,Karlene
p-00000474,2000000470,ce,Bethina
p-00000475,2000000471,ce,Ilka
p-00000476,2000000472,ce,Cthrine
p-00000477,2000000473,ce,Kristy
p-00000478,2000000474,ce,Terry
p-00000479,2000000475,ce,Morganica
p-00000480,2000000476,ce,Fedora
p-00000481,2000000477,ce,Dre
p-00000482,2000000478,ce,Kath
p-00000483,2000000479,ce,Rahal
p-00000484,2000000480,ce,Noelle
p-00000485,2000000481,ce,Lanny
p-00000486,2000000482,ce,Pavia
p-00000487,2000000483,ce,Christiana
p-00000488,2000000484,ce,Daisy
p-00000489,2000000485,ce,Aggi
p-00000490,2000000486,ce,Olivette
p-00000491,2000000487,ce,Kaycee
p-00000492,2000000488,ce,Desirae
p-00000493,2000000489,ce,Daryn
p-00000494,2000000490,ce,Rae
p-00000495,2000000491,ce,Cammy
p-00000496,2000000492,ce,Dee
p-00000497,2000000493,ce,Lana
p-00000498,2000000494,ce,Babbie
p-00000499,2000000495,ce,Neysa
p-00000500,2000000496,ce,Barbee
p-00000501,2000000497,ce,Modestia
p-00000502,2000000498,ce,Liliane
p-00000503,2000000499,ce,Melony
p-00000504,2000000500,ce,Cindra
p-00000505,2000000501,ce,Delphinia
p-00000506,2000000502,ce,Hanny
p-00000507,2000000503,ce,Marigold
p-00000508,2000000504,ce,Rebe
p-00000509,2000000505,ce,Fionnula
p-00000510,2000000506,ce,Konstanze
p-00000511,2000000507,ce,Rosalia
p-00000512,2000000508,ce,Heddi
p-00000513,2000000509,ce,Zoe
p-00000514,2000000510,ce,Elianore
p-00000515,2000000511,ce,Anette
p-00000516,2000000512,ce,Magdaia
p-00000517,2000000513,ce,Appolonia
p-00000518,2000000514,ce,Joy
p-00000519,2000000515,ce,Bevvy
p-00000520,2000000516,ce,Marissa
p-00000521,2000000517,ce,Garnette
p-00000522,2000000518,ce,Tildie
p-00000523,2000000519,ce,Demetris
p-00000524,2000000520,ce,Wynn
p-00000525,2000000521,ce,Ginny
p-00000526,2000000522,ce,Gerda
p-00000527,2000000523,ce,Jamima
p-00000528,2000000524,ce,Annissa
p-00000529,2000000525,ce,Coreen
p-00000530,2000000526,ce,Mikaela
p-00000531,2000000527,ce,Delia
p-00000532,2000000528,ce,Gretal
p-00000533,2000000529,ce,Winni
p-00000534,2000000530,ce,Connie
p-00000535,2000000531,ce,Sallyanne
p-00000536,2000000532,ce,Jessa
p-00000537,2000000533,ce,Florry
p-00000538,2000000534,ce,Laura
p-00000539,2000000535,ce,Franciska
p-00000540,2000000536,ce,Clem
p-00000541,2000000537,ce,Missy
p-00000542,2000000538,ce,Bridie
p-00000543,2000000539,ce,Lark
p-00000544,2000000540,ce,Jess
p-00000545,2000000541,ce,Cristie
p-00000546,2000000542,ce,Quintilla
p-00000547,2000000543,ce,Melita
p-00000548,2000000544,ce,Rebbecca
p-00000549,2000000545,ce,Tabbitha
p-00000550,2000000546,ce,Imogen
p-00000551,2000000547,ce,Sonnie
p-00000552,2000000548,ce,Marthena
p-00000553,2000000549,ce,Lotte
p-00000554,2000000550,ce,Esta
p-00000555,2000000551,ce,Willette
p-00000556,2000000552,ce,Henrieta
p-00000557,2000000553,ce,Brynne
p-00000558,2000000554,ce,Mollee
p-00000559,2000000555,ce,Fey
p-00000560,2000000556,ce,Risa
p-00000561,2000000557,ce,Johna
p-00000562,2000000558,ce,Adeline
p-00000563,2000000559,ce,Ludovika
p-00000564,2000000560,ce,Oriana
p-00000565,2000000561,ce,Addi
p-00000566,2000000562,ce,Herta
p-00000567,2000000563,ce,Anna-diana
p-00000568,2000000564,ce,Corey
p-00000569,2000000565,ce,Sharl
p-00000570,2000000566,ce,Stepha
p-00000571,2000000567,ce,Bonita
p-00000572,2000000568,ce,Merola
p-00000573,2000000569,ce,Jolyn
p-00000574,2000000570,ce,Dena
p-00000575,2000000571,ce,Goldia
p-00000576,2000000572,ce,Grace
p-00000577,2000000573,ce,Cristi
p-00000578,2000000574,ce,Lula
p-00000579,2000000575,ce,Gertruda
p-00000580,2000000576,ce,Elke
p-00000581,2000000577,ce,Cairistiona
p-00000582,2000000578,ce,Shelbi
p-00000583,2000000579,ce,Drusilla
p-00000584,2000000580,ce,Melanie
p-00000585,2000000581,ce,Theresita
p-00000586,2000000582,ce,Alfreda
p-00000587,2000000583,ce,Ninnetta
p-00000588,2000000584,ce,Cordelie
p-00000589,2000000585,ce,Benedikta
p-00000590,2000000586,ce,Ginnifer
p-00000591,2000000587,ce,Bettine
p-00000592,2000000588,ce,Margot
p-00000593,2000000589,ce,Ulla
p-00000594,2000000590,ce,Vanessa
p-00000595,2000000591,ce,Latashia
p-00000596,2000000592,ce,Lotti
p-00000597,2000000593,ce,Tawsha
p-00000598,2000000594,ce,Elysha
p-00000599,2000000595,ce,Leslie
p-00000600,2000000596,ce,Mandy
p-00000601,2000000597,ce,Saidee
p-00000602,2000000598,ce,Glennis
p-00000603,2000000599,ce,Leoine
p-00000604,2000000600,ce,Sada
p-00000605,2000000601,ce,Martguerita
p-00000606,2000000602,ce,Ashla
p-00000607,2000000603,ce,Jasmin
p-00000608,2000000604,ce,Ellynn
p-00000609,2000000605,ce,Isadora
p-00000610,2000000606,ce,Janeva
p-00000611,2000000607,ce,Kym
p-00000612,2000000608,ce,Denni
p-00000613,2000000609,ce,Jaquith
p-00000614,2000000610,ce,Sidoney
p-00000615,2000000611,ce,Jorey
p-00000616,2000000612,ce,Christan
p-00000617,2000000613,ce,Melessa
p-00000618,2000000614,ce,Venita
p-00000619,2000000615,ce,Hetty
p-00000620,2000000616,ce,Brittan
p-00000621,2000000617,ce,Marline
p-00000622,2000000618,ce,Zilvia
p-00000623,2000000619,ce,Klara
p-00000624,2000000620,ce,Doe
p-00000625,2000000621,ce,Kaia
p-00000626,2000000622,ce,Flossie
p-00000627,2000000623,ce,Lib
p-00000628,2000000624,ce,Christye
p-00000629,2000000625,ce,Tamma
p-00000630,2000000626,ce,Vivianna
p-00000631,2000000627,ce,Roz
p-00000632,2000000628,ce,Corabella
p-00000633,2000000629,ce,Roana
p-00000634,2000000630,ce,Vere
p-00000635,2000000631,ce,Merilee
p-00000636,2000000632,ce,Lyssa
p-00000637,2000000633,ce,Tish
p-00000638,2000000634,ce,Shell
p-00000639,2000000635,ce,Maitilde
p-00000640,2000000636,ce,Torey
p-00000641,2000000637,ce,Yelena
p-00000642,2000000638,ce,Agata
p-00000643,2000000639,ce,Dale
p-00000644,2000000640,ce,Roseann
p-00000645,2000000641,ce,Kacie
p-00000646,2000000642,ce,Lynda
p-00000647,2000000643,ce,Maure
p-00000648,2000000644,ce,Emili
p-00000649,2000000645,ce,Maxy
p-00000650,2000000646,ce,Babb
p-00000651,2000000647,ce,Blakelee
p-00000652,2000000648,ce,Maribel
p-00000653,2000000649,ce,Britney
p-00000654,2000000650,ce,Alyson
p-00000655,2000000651,ce,Dorotea
p-00000656,2000000652,ce,Guenevere
p-00000657,2000000653,ce,Annalee
p-00000658,2000000654,ce,Wilow
p-00000659,2000000655,ce,Eleanora
p-00000660,2000000656,ce,Ashleigh
p-00000661,2000000657,ce,Tatum
p-00000662,2000000658,ce,Xylia
p-00000663,2000000659,ce,Robinet
p-00000664,2000000660,ce,Debra
p-00000665,2000000661,ce,Michel
p-00000666,2000000662,ce,Andi
p-00000667,2000000663,ce,Jaquith
p-00000668,2000000664,ce,Leeanne
p-00000669,2000000665,ce,Helaine
p-00000670,2000000666,ce,Dulci
p-00000671,2000000667,ce,Deanna
p-00000672,2000000668,ce,Loise
p-00000673,2000000669,ce,Tracey
p-00000674,2000000670,ce,Julieta
p-00000675,2000000671,ce,Halley
p-00000676,2000000672,ce,Sonja
p-00000677,2000000673,ce,Meade
p-00000678,2000000674,ce,Elie
p-00000679,2000000675,ce,Gerri
p-00000680,2000000676,ce,Inge
p-00000681,2000000677,ce,Maureen
p-00000682,2000000678,ce,Kristien
p-00000683,2000000679,ce,Linn
p-00000684,2000000680,ce,Gui
p-00000685,2000000681,ce,Christine
p-00000686,2000000682,ce,Vilhelmina
p-00000687,2000000683,ce,Persis
p-00000688,2000000684,ce,Grethel
p-00000689,2000000685,ce,Inga
p-00000690,2000000686,ce,Jaine
p-00000691,2000000687,ce,Lucila
p-00000692,2000000688,ce,Daphene
p-00000693,2000000689,ce,Carmelina
p-00000694,2000000690,ce,Hyacinthie
p-00000695,2000000691,ce,Marlo
p-00000696,2000000692,ce,Andriette
p-00000697,2000000693,ce,Brier
p-00000698,2000000694,ce,Megen
p-00000699,2000000695,ce,Cynthy
p-00000700,2000000696,ce,Edeline
p-00000701,2000000697,ce,Gabrila
p-00000702,2000000698,ce,Kipp
p-00000703,2000000699,ce,Fionnula
p-00000704,2000000700,ce,Ricca
p-00000705,2000000701,ce,Rozelle
p-00000706,2000000702,ce,Marie-jeanne
p-00000707,2000000703,ce,Dorette
p-00000708,2000000704,ce,Iormina
p-00000709,2000000705,ce,Constancia
p-00000710,2000000706,ce,Hilde
p-00000711,2000000707,ce,Katerine
p-00000712,2000000708,ce,Mollee
p-00000713,2000000709,ce,Ulrika
p-00000714,2000000710,ce,Arabele
p-00000715,2000000711,ce,Erica
p-00000716,2000000712,ce,Rose
p-00000717,2000000713,ce,Quinta
p-00000718,2000000714,ce,Ilene
p-00000719,2000000715,ce,Stacey
p-00000720,2000000716,ce,Stella
p-00000721,2000000717,ce,Elisabet
p-00000722,2000000718,ce,Phillie
p-00000723,2000000719,ce,Caresa
p-00000724,2000000720,ce,Leandra
p-00000725,2000000721,ce,Anitra
p-00000726,2000000722,ce,Layla
p-00000727,2000000723,ce,Letisha
p-00000728,2000000724,ce,Bobbe
p-00000729,2000000725,ce,Ronalda
p-00000730,2000000726,ce,Valida
p-00000731,2000000727,ce,Juieta
p-00000732,2000000728,ce,Lyndel
p-00000733,2000000729,ce,Leona
p-00000734,2000000730,ce,Ingaborg
p-00000735,2000000731,ce,Charin
p-00000736,2000000732,ce,Hyacinth
p-00000737,2000000733,ce,Cathie
p-00000738,2000000734,ce,Goldia
p-00000739,2000000735,ce,Gilberta
p-00000740,2000000736,ce,Kalila
p-00000741,2000000737,ce,Carine
p-00000742,2000000738,ce,Abagail
p-00000743,2000000739,ce,Kare
p-00000744,2000000740,ce,Laverna
p-00000745,2000000741,ce,Sheelagh
p-00000746,2000000742,ce,Venus
p-00000747,2000000743,ce,Rubina
p-00000748,2000000744,ce,Arlyn
p-00000749,2000000745,ce,Lorri
p-00000750,2000000746,ce,Mamie
p-00000751,2000000747,ce,Erma
p-00000752,2000000748,ce,Arliene
p-00000753,2000000749,ce,Stacie
p-00000754,2000000750,ce,Lonnie
p-00000755,2000000751,ce,Lauryn
p-00000756,2000000752,ce,Quinta
p-00000757,2000000753,ce,Maddalena
p-00000758,2000000754,ce,Annabella
p-00000759,2000000755,ce,Ursula
p-00000760,2000000756,ce,Marylinda
p-00000761,2000000757,ce,Yolane
p-00000762,2000000758,ce,Kristal
p-00000763,2000000759,ce,Loralyn
p-00000764,2000000760,ce,Mollie
p-00000765,2000000761,ce,Corrie
p-00000766,2000000762,ce,Irina
p-00000767,2000000763,ce,Hyacintha
p-00000768,2000000764,ce,Dido
p-00000769,2000000765,ce,Marga
p-00000770,2000000766,ce,Ray
p-00000771,2000000767,ce,Julia
p-00000772,2000000768,ce,Sosanna
p-00000773,2000000769,ce,Simona
p-00000774,2000000770,ce,Alexis
p-00000775,2000000771,ce,Lelah
p-00000776,2000000772,ce,Ame
p-00000777,2000000773,ce,Muffin
p-00000778,2000000774,ce,Emelda
p-00000779,2000000775,ce,Fannie
p-00000780,2000000776,ce,Kora
p-00000781,2000000777,ce,Mercedes
p-00000782,2000000778,ce,Irita
p-00000783,2000000779,ce,Brier
p-00000784,2000000780,ce,Nora
p-00000785,2000000781,ce,Augusta
p-00000786,2000000782,ce,Fleur
p-00000787,2000000783,ce,Hailee
p-00000788,2000000784,ce,Naomi
p-00000789,2000000785,ce,Timmy
p-00000790,2000000786,ce,Robbi
p-00000791,2000000787,ce,Micaela
p-00000792,2000000788,ce,Elysia
p-00000793,2000000789,ce,Laurianne
p-00000794,2000000790,ce,Basia
p-00000795,2000000791,ce,Joanie
p-00000796,2000000792,ce,Anissa
p-00000797,2000000793,ce,Carlye
p-00000798,2000000794,ce,Jannel
p-00000799,2000000795,ce,Blisse
p-00000800,2000000796,ce,Merralee
p-00000801,2000000797,ce,Berty
p-00000802,2000000798,ce,Giorgia
p-00000803,2000000799,ce,Janene
p-00000804,2000000800,ce,Dulcinea
p-00000805,2000000801,ce,Damara
p-00000806,2000000802,ce,Bernie
p-00000807,2000000803,ce,Riannon
p-00000808,2000000804,ce,Vivia
p-00000809,2000000805,ce,Ebony
p-00000810,2000000806,ce,Laureen
p-00000811,2000000807,ce,Odilia
p-00000812,2000000808,ce,Reta
p-00000813,2000000809,ce,Claretta
p-00000814,2000000810,ce,Jordanna
p-00000815,2000000811,ce,Ebonee
p-00000816,2000000812,ce,Oralee
p-00000817,2000000813,ce,Tabbi
p-00000818,2000000814,ce,Stafani
p-00000819,2000000815,ce,Celka
p-00000820,2000000816,ce,Selinda
p-00000821,2000000817,ce,Benoite
p-00000822,2000000818,ce,Wynnie
p-00000823,2000000819,ce,Letty
p-00000824,2000000820,ce,Joye
p-00000825,2000000821,ce,Kipp
p-00000826,2000000822,ce,Shana
p-00000827,2000000823,ce,Cornie
p-00000828,2000000824,ce,Petronilla
p-00000829,2000000825,ce,Emmalyn
p-00000830,2000000826,ce,Loralee
p-00000831,2000000827,ce,Malina
p-00000832,2000000828,ce,Salomi
p-00000833,2000000829,ce,Kyle
p-00000834,2000000830,ce,Dominica
p-00000835,2000000831,ce,Cairistiona
p-00000836,2000000832,ce,Elane
p-00000837,2000000833,ce,Eustacia
p-00000838,2000000834,ce,Anne-corinne
p-00000839,2000000835,ce,Bonni
p-00000840,2000000836,ce,Daffi
p-00000841,2000000837,ce,Doroteya
p-00000842,2000000838,ce,Arlana
p-00000843,2000000839,ce,Trixy
p-00000844,2000000840,ce,Angil
p-00000845,2000000841,ce,Rowena
p-00000846,2000000842,ce,Sofia
p-00000847,2000000843,ce,Lenette
p-00000848,2000000844,ce,Blanche
p-00000849,2000000845,ce,Bethina
p-00000850,2000000846,ce,Olivia
p-00000851,2000000847,ce,Reggi
p-00000852,2000000848,ce,Edna
p-00000853,2000000849,ce,Irina
p-00000854,2000000850,ce,Lavinia
p-00000855,2000000851,ce,Lorianna
p-00000856,2000000852,ce,Catherin
p-00000857,2000000853,ce,Rowena
p-00000858,2000000854,ce,Minette
p-00000859,2000000855,ce,Giulietta
p-00000860,2000000856,ce,Linell
p-00000861,2000000857,ce,Giovanna
p-00000862,2000000858,ce,Mirilla
p-00000863,2000000859,ce,Noemi
p-00000864,2000000860,ce,Linea
p-00000865,2000000861,ce,Drona
p-00000866,2000000862,ce,Alane
p-00000867,2000000863,ce,Sidonnie
p-00000868,2000000864,ce,Matty
p-00000869,2000000865,ce,Lainey
p-00000870,2000000866,ce,Consuela
p-00000871,2000000867,ce,Eustacia
p-00000872,2000000868,ce,Nadiya
p-00000873,2000000869,ce,Chantalle
p-00000874,2000000870,ce,Bekki
p-00000875,2000000871,ce,Estel
p-00000876,2000000872,ce,Olly
p-00000877,2000000873,ce,Shanna
p-00000878,2000000874,ce,Edithe
p-00000879,2000000875,ce,Laurice
p-00000880,2000000876,ce,Lynnett
p-00000881,2000000877,ce,Dierdre
p-00000882,2000000878,ce,Morena
p-00000883,2000000879,ce,Reeba
p-00000884,2000000880,ce,Zaneta
p-00000885,2000000881,ce,Lia
p-00000886,2000000882,ce,Elga
p-00000887,2000000883,ce,Ameline
p-00000888,2000000884,ce,Carol
p-00000889,2000000885,ce,Deirdre
p-00000890,2000000886,ce,Carilyn
p-00000891,2000000887,ce,Lorelle
p-00000892,2000000888,ce,Dionne
p-00000893,2000000889,ce,Aggy
p-00000894,2000000890,ce,Goldie
p-00000895,2000000891,ce,Gwendolin
p-00000896,2000000892,ce,Beitris
p-00000897,2000000893,ce,Leese
p-00000898,2000000894,ce,Jenni
p-00000899,2000000895,ce,Lulita
p-00000900,2000000896,ce,Rowe
p-00000901,2000000897,ce,Karrah
p-00000902,2000000898,ce,Kippy
p-00000903,2000000899,ce,Sella
p-00000904,2000000900,ce,Raychel
p-00000905,2000000901,ce,Cathy
p-00000906,2000000902,ce,Anne-marie
p-00000907,2000000903,ce,Ellynn
p-00000908,2000000904,ce,Viola
p-00000909,2000000905,ce,Veronika
p-00000910,2000000906,ce,Carrie
p-00000911,2000000907,ce,Cordelie
p-00000912,2000000908,ce,Gilda
p-00000913,2000000909,ce,Karlen
p-00000914,2000000910,ce,Felipa
p-00000915,2000000911,ce,Nancee
p-00000916,2000000912,ce,Myrle
p-00000917,2000000913,ce,Faith
p-00000918,2000000914,ce,Mamie
p-00000919,2000000915,ce,Tiffi
p-00000920,2000000916,ce,Torrie
p-00000921,2000000917,ce,Seline
p-00000922,2000000918,ce,Marylou
p-00000923,2000000919,ce,Catlee
p-00000924,2000000920,ce,Fifi
p-00000925,2000000921,ce,Bevvy
p-00000926,2000000922,ce,Kevyn
p-00000927,2000000923,ce,Amandie
p-00000928,2000000924,ce,Dulcea
p-00000929,2000000925,ce,Kayle
p-00000930,2000000926,ce,Daphne
p-00000931,2000000927,ce,Helene
p-00000932,2000000928,ce,Zorah
p-00000933,2000000929,ce,Ada
p-00000934,2000000930,ce,Layne
p-00000935,2000000931,ce,Rebekkah
p-00000936,2000000932,ce,Alana
p-00000937,2000000933,ce,Mady
p-00000938,2000000934,ce,Concettina
p-00000939,2000000935,ce,Annis
p-00000940,2000000936,ce,Cathyleen
p-00000941,2000000937,ce,Arline
p-00000942,2000000938,ce,Gui
p-00000943,2000000939,ce,Bekki
p-00000944,2000000940,ce,Allina
p-00000945,2000000941,ce,Kelcey
p-00000946,2000000942,ce,Lauri
p-00000947,2000000943,ce,Pearl
p-00000948,2000000944,ce,Caroljean
p-00000949,2000000945,ce,Fanechka
p-00000950,2000000946,ce,Edna
p-00000951,2000000947,ce,Cele
p-00000952,2000000948,ce,Chrystel
p-00000953,2000000949,ce,Susy
p-00000954,2000000950,ce,Phillie
p-00000955,2000000951,ce,Rivy
p-00000956,2000000952,ce,Lulita
p-00000957,2000000953,ce,Shelley
p-00000958,2000000954,ce,Lurlene
p-00000959,2000000955,ce,Lynnea
p-00000960,2000000956,ce,Anica
p-00000961,2000000957,ce,Maxi
p-00000962,2000000958,ce,Nerte
p-00000963,2000000959,ce,Van
p-00000964,2000000960,ce,Lynn
p-00000965,2000000961,ce,Vivi
p-00000966,2000000962,ce,Toma
p-00000967,2000000963,ce,Adela
p-00000968,2000000964,ce,Darrelle
p-00000969,2000000965,ce,Gipsy
p-00000970,2000000966,ce,Bonnie
p-00000971,2000000967,ce,Mechelle
p-00000972,2000000968,ce,Lyndel
p-00000973,2000000969,ce,Gabbey
p-00000974,2000000970,ce,Ruth
p-00000975,2000000971,ce,Bee
p-00000976,2000000972,ce,Rachel
p-00000977,2000000973,ce,Gale
p-00000978,2000000974,ce,Cosette
p-00000979,2000000975,ce,Charis
p-00000980,2000000976,ce,Othilie
p-00000981,2000000977,ce,Britney
p-00000982,2000000978,ce,Neile
p-00000983,2000000979,ce,Nike
p-00000984,2000000980,ce,Cyndi
p-00000985,2000000981,ce,Tabitha
p-00000986,2000000982,ce,Ashia
p-00000987,2000000983,ce,Leda
p-00000988,2000000984,ce,Dru
p-00000989,2000000985,ce,Jordain
p-00000990,2000000986,ce,Lexie
p-00000991,2000000987,ce,Alika
p-00000992,2000000988,ce,Joyan
p-00000993,2000000989,ce,Lorianna
p-00000994,2000000990,ce,Beatriz
p-00000995,2000000991,ce,Hermina
p-00000996,2000000992,ce,Dominique
p-00000997,2000000993,ce,Joete
p-00000998,2000000994,ce,Hyacinthia
p-00000999,2000000995,ce,Zea
p-00001000,2000000996,ce,Barbi
p-00001001,2000000997,ce,Marie-jeanne
p-00001002,2000000998,ce,Liv
p-00001003,2000000999,ce,Jojo
p-00001004,2000001000,ce,Elsie
p-00001005,2000001001,ce,Clem
p-00001006,2000001002,ce,Kirby
p-00001007,2000001003,ce,Aron
p-00001008,2000001004,ce,Garfield
p-00001009,2000001005,ce,Curtice
p-00001010,2000001006,ce,Vin
p-00001011,2000001007,ce,Nolan
p-00001012,2000001008,ce,Burlie
p-00001013,2000001009,ce,Tirrell
p-00001014,2000001010,ce,Krishna
p-00001015,2000001011,ce,Kiel
p-00001016,2000001012,ce,Clayborn
p-00001017,2000001013,ce,Bryant
p-00001018,2000001014,ce,Bud
p-00001019,2000001015,ce,Temple
p-00001020,2000001016,ce,Murvyn
p-00001021,2000001017,ce,Maynard
p-00001022,2000001018,ce,Clarke
p-00001023,2000001019,ce,Reginald
p-00001024,2000001020,ce,Forester
p-00001025,2000001021,ce,Euell
p-00001026,2000001022,ce,Ernesto
p-00001027,2000001023,ce,Roy
p-00001028,2000001024,ce,Yank
p-00001029,2000001025,ce,Tull
p-00001030,2000001026,ce,Briano
p-00001031,2000001027,ce,Clevie
p-00001032,2000001028,ce,Pascal
p-00001033,2000001029,ce,Luciano
p-00001034,2000001030,ce,Xever
p-00001035,2000001031,ce,Enrique
p-00001036,2000001032,ce,Gearalt
p-00001037,2000001033,ce,Jedd
p-00001038,2000001034,ce,Maynard
p-00001039,2000001035,ce,Jim
p-00001040,2000001036,ce,Calvin
p-00001041,2000001037,ce,Forest
p-00001042,2000001038,ce,Gregorius
p-00001043,2000001039,ce,Dewey
p-00001044,2000001040,ce,Clyde
p-00001045,2000001041,ce,Caldwell
p-00001046,2000001042,ce,Moses
p-00001047,2000001043,ce,Goraud
p-00001048,2000001044,ce,Gaelan
p-00001049,2000001045,ce,Alanson
p-00001050,2000001046,ce,Gaspar
p-00001051,2000001047,ce,Rockwell
p-00001052,2000001048,ce,Patty
p-00001053,2000001049,ce,Marlon
p-00001054,2000001050,ce,Zelig
p-00001055,2000001051,ce,Garner
p-00001056,2000001052,ce,Chickie
p-00001057,2000001053,ce,Dorie
p-00001058,2000001054,ce,Chaddy
p-00001059,2000001055,ce,Vito
p-00001060,2000001056,ce,Bear
p-00001061,2000001057,ce,Cobb
p-00001062,2000001058,ce,Padgett
p-00001063,2000001059,ce,Devlen
p-00001064,2000001060,ce,Nevins
p-00001065,2000001061,ce,Jerrold
p-00001066,2000001062,ce,Roderich
p-00001067,2000001063,ce,Dominique
p-00001068,2000001064,ce,Harvey
p-00001069,2000001065,ce,Warner
p-00001070,2000001066,ce,Aurthur
p-00001071,2000001067,ce,Dagny
p-00001072,2000001068,ce,Land
p-00001073,2000001069,ce,Perkin
p-00001074,2000001070,ce,Padraic
p-00001075,2000001071,ce,Noach
p-00001076,2000001072,ce,Hobey
p-00001077,2000001073,ce,Cliff
p-00001078,2000001074,ce,Todd
p-00001079,2000001075,ce,Alfy
p-00001080,2000001076,ce,Nicolas
p-00001081,2000001077,ce,Meredith
p-00001082,2000001078,ce,Jerome
p-00001083,2000001079,ce,Horatius
p-00001084,2000001080,ce,Boyd
p-00001085,2000001081,ce,Briggs
p-00001086,2000001082,ce,Brok
p-00001087,2000001083,ce,Holmes
p-00001088,2000001084,ce,Fairlie
p-00001089,2000001085,ce,Roley
p-00001090,2000001086,ce,Beck
p-00001091,2000001087,ce,Gilburt
p-00001092,2000001088,ce,Demetri
p-00001093,2000001089,ce,Leupold
p-00001094,2000001090,ce,Lewiss
p-00001095,2000001091,ce,Reggie
p-00001096,2000001092,ce,Hillery
p-00001097,2000001093,ce,Avictor
p-00001098,2000001094,ce,Timmie
p-00001099,2000001095,ce,Edgardo
p-00001100,2000001096,ce,Llywellyn
p-00001101,2000001097,ce,Andreas
p-00001102,2000001098,ce,Burr
p-00001103,2000001099,ce,Alexandro
p-00001104,2000001100,ce,Sollie
p-00001105,2000001101,ce,Artus
p-00001106,2000001102,ce,Roddie
p-00001107,2000001103,ce,Archer
p-00001108,2000001104,ce,Shane
p-00001109,2000001105,ce,Dallis
p-00001110,2000001106,ce,Lambert
p-00001111,2000001107,ce,Corrie
p-00001112,2000001108,ce,Aaron
p-00001113,2000001109,ce,Arch
p-00001114,2000001110,ce,Luther
p-00001115,2000001111,ce,Garreth
p-00001116,2000001112,ce,Harland
p-00001117,2000001113,ce,Desi
p-00001118,2000001114,ce,Reagan
p-00001119,2000001115,ce,Woodrow
p-00001120,2000001116,ce,Jakie
p-00001121,2000001117,ce,Hubie
p-00001122,2000001118,ce,Uriah
p-00001123,2000001119,ce,Julio
p-00001124,2000001120,ce,Garvy
p-00001125,2000001121,ce,Isador
p-00001126,2000001122,ce,Joshua
p-00001127,2000001123,ce,Cary
p-00001128,2000001124,ce,Dael
p-00001129,2000001125,ce,Phillipe
p-00001130,2000001126,ce,Ty
p-00001131,2000001127,ce,Werner
p-00001132,2000001128,ce,Perry
p-00001133,2000001129,ce,Jonas
p-00001134,2000001130,ce,Gregor
p-00001135,2000001131,ce,Elia
p-00001136,2000001132,ce,Godard
p-00001137,2000001133,ce,Bobbie
p-00001138,2000001134,ce,Quinlan
p-00001139,2000001135,ce,Gamaliel
p-00001140,2000001136,ce,Gordon
p-00001141,2000001137,ce,Gonzales
p-00001142,2000001138,ce,Halsey
p-00001143,2000001139,ce,Griffith
p-00001144,2000001140,ce,Galvan
p-00001145,2000001141,ce,Silvio
p-00001146,2000001142,ce,Royal
p-00001147,2000001143,ce,Dolph
p-00001148,2000001144,ce,Beltran
p-00001149,2000001145,ce,Vincenz
p-00001150,2000001146,ce,Georgy
p-00001151,2000001147,ce,Martyn
p-00001152,2000001148,ce,Chancey
p-00001153,2000001149,ce,Joseito
p-00001154,2000001150,ce,Elliott
p-00001155,2000001151,ce,Paulie
p-00001156,2000001152,ce,Erroll
p-00001157,2000001153,ce,Lindy
p-00001158,2000001154,ce,Dewey
p-00001159,2000001155,ce,Enrique
p-00001160,2000001156,ce,Lovell
p-00001161,2000001157,ce,Danny
p-00001162,2000001158,ce,Rutledge
p-00001163,2000001159,ce,Porter
p-00001164,2000001160,ce,Ferris
p-00001165,2000001161,ce,Goddard
p-00001166,2000001162,ce,Gamaliel
p-00001167,2000001163,ce,Alfy
p-00001168,2000001164,ce,Westbrooke
p-00001169,2000001165,ce,Bren
p-00001170,2000001166,ce,Kaiser
p-00001171,2000001167,ce,Raimund
p-00001172,2000001168,ce,Issiah
p-00001173,2000001169,ce,Maxim
p-00001174,2000001170,ce,Lem
p-00001175,2000001171,ce,Mycah
p-00001176,2000001172,ce,Daven
p-00001177,2000001173,ce,Nicol
p-00001178,2000001174,ce,Major
p-00001179,2000001175,ce,Hallsy
p-00001180,2000001176,ce,Merell
p-00001181,2000001177,ce,Hans
p-00001182,2000001178,ce,Ewan
p-00001183,2000001179,ce,Irvin
p-00001184,2000001180,ce,Wye
p-00001185,2000001181,ce,Alf
p-00001186,2000001182,ce,Nickolas
p-00001187,2000001183,ce,Danny
p-00001188,2000001184,ce,Ricoriki
p-00001189,2000001185,ce,Pascale
p-00001190,2000001186,ce,Fritz
p-00001191,2000001187,ce,Cleveland
p-00001192,2000001188,ce,Mayer
p-00001193,2000001189,ce,Kean
p-00001194,2000001190,ce,Pierce
p-00001195,2000001191,ce,Carver
p-00001196,2000001192,ce,Anton
p-00001197,2000001193,ce,Tymothy
p-00001198,2000001194,ce,Sansone
p-00001199,2000001195,ce,Padgett
p-00001200,2000001196,ce,Chevy
p-00001201,2000001197,ce,Arny
p-00001202,2000001198,ce,Ripley
p-00001203,2000001199,ce,Derk
p-00001204,2000001200,ce,Hallsy
p-00001205,2000001201,ce,Verney
p-00001206,2000001202,ce,Dewey
p-00001207,2000001203,ce,Peter
p-00001208,2000001204,ce,Barnebas
p-00001209,2000001205,ce,Ingar
p-00001210,2000001206,ce,Kevin
p-00001211,2000001207,ce,Wright
p-00001212,2000001208,ce,Christos
p-00001213,2000001209,ce,Vick
p-00001214,2000001210,ce,Pennie
p-00001215,2000001211,ce,Alva
p-00001216,2000001212,ce,Nil
p-00001217,2000001213,ce,Lyell
p-00001218,2000001214,ce,Beniamino
p-00001219,2000001215,ce,Laurie
p-00001220,2000001216,ce,Killian
p-00001221,2000001217,ce,Linus
p-00001222,2000001218,ce,Saunderson
p-00001223,2000001219,ce,Paolo
p-00001224,2000001220,ce,Erl
p-00001225,2000001221,ce,North
p-00001226,2000001222,ce,Hubey
p-00001227,2000001223,ce,Mikol
p-00001228,2000001224,ce,Cass
p-00001229,2000001225,ce,Neron
p-00001230,2000001226,ce,Ximenes
p-00001231,2000001227,ce,Lothario
p-00001232,2000001228,ce,Patric
p-00001233,2000001229,ce,Orv
p-00001234,2000001230,ce,Packston
p-00001235,2000001231,ce,Ravi
p-00001236,2000001232,ce,Jeffy
p-00001237,2000001233,ce,Myrvyn
p-00001238,2000001234,ce,Sigfrid
p-00001239,2000001235,ce,Birch
p-00001240,2000001236,ce,Barnett
p-00001241,2000001237,ce,Henry
p-00001242,2000001238,ce,Wolfy
p-00001243,2000001239,ce,Barret
p-00001244,2000001240,ce,Job
p-00001245,2000001241,ce,Murvyn
p-00001246,2000001242,ce,Clayborne
p-00001247,2000001243,ce,Cass
p-00001248,2000001244,ce,Carce
p-00001249,2000001245,ce,Aymer
p-00001250,2000001246,ce,Leonerd
p-00001251,2000001247,ce,Marty
p-00001252,2000001248,ce,Ogden
p-00001253,2000001249,ce,Patton
p-00001254,2000001250,ce,Merell
p-00001255,2000001251,ce,Bail
p-00001256,2000001252,ce,Herculie
p-00001257,2000001253,ce,Nikki
p-00001258,2000001254,ce,Rancell
p-00001259,2000001255,ce,Dougie
p-00001260,2000001256,ce,Chancey
p-00001261,2000001257,ce,Brooke
p-00001262,2000001258,ce,Ronald
p-00001263,2000001259,ce,Alfons
p-00001264,2000001260,ce,Bailey
p-00001265,2000001261,ce,Brook
p-00001266,2000001262,ce,Matthiew
p-00001267,2000001263,ce,Timotheus
p-00001268,2000001264,ce,Isaiah
p-00001269,2000001265,ce,Grange
p-00001270,2000001266,ce,Derrik
p-00001271,2000001267,ce,Stuart
p-00001272,2000001268,ce,Clemmie
p-00001273,2000001269,ce,Andrew
p-00001274,2000001270,ce,Miguel
p-00001275,2000001271,ce,Nappy
p-00001276,2000001272,ce,Paco
p-00001277,2000001273,ce,Feliks
p-00001278,2000001274,ce,Moritz
p-00001279,2000001275,ce,Shepperd
p-00001280,2000001276,ce,Bendix
p-00001281,2000001277,ce,Dorey
p-00001282,2000001278,ce,Jerome
p-00001283,2000001279,ce,Earl
p-00001284,2000001280,ce,Gare
p-00001285,2000001281,ce,Charlton
p-00001286,2000001282,ce,Skippy
p-00001287,2000001283,ce,Ezechiel
p-00001288,2000001284,ce,Whitman
p-00001289,2000001285,ce,Judah
p-00001290,2000001286,ce,Arlen
p-00001291,2000001287,ce,Anselm
p-00001292,2000001288,ce,Lazaro
p-00001293,2000001289,ce,Broderick
p-00001294,2000001290,ce,Kerry
p-00001295,2000001291,ce,Nehemiah
p-00001296,2000001292,ce,Sigfrid
p-00001297,2000001293,ce,Antons
p-00001298,2000001294,ce,Filbert
p-00001299,2000001295,ce,Findley
p-00001300,2000001296,ce,Saunderson
p-00001301,2000001297,ce,Cash
p-00001302,2000001298,ce,Gabi
p-00001303,2000001299,ce,Abie
p-00001304,2000001300,ce,Garek
p-00001305,2000001301,ce,Marcos
p-00001306,2000001302,ce,Georg
p-00001307,2000001303,ce,Torry
p-00001308,2000001304,ce,Ernie
p-00001309,2000001305,ce,Eli
p-00001310,2000001306,ce,Kirby
p-00001311,2000001307,ce,Valentine
p-00001312,2000001308,ce,Holt
p-00001313,2000001309,ce,Hector
p-00001314,2000001310,ce,Vin
p-00001315,2000001311,ce,Lewes
p-00001316,2000001312,ce,Ulberto
p-00001317,2000001313,ce,Edlin
p-00001318,2000001314,ce,Dur
p-00001319,2000001315,ce,Claiborn
p-00001320,2000001316,ce,Staford
p-00001321,2000001317,ce,Garrek
p-00001322,2000001318,ce,Raff
p-00001323,2000001319,ce,Lazaro
p-00001324,2000001320,ce,Moe
p-00001325,2000001321,ce,Rossie
p-00001326,2000001322,ce,Biron
p-00001327,2000001323,ce,Fernando
p-00001328,2000001324,ce,Hermann
p-00001329,2000001325,ce,Dell
p-00001330,2000001326,ce,Briggs
p-00001331,2000001327,ce,Lionello
p-00001332,2000001328,ce,Ogden
p-00001333,2000001329,ce,Stan
p-00001334,2000001330,ce,Jerrie
p-00001335,2000001331,ce,Alvis
p-00001336,2000001332,ce,Ario
p-00001337,2000001333,ce,Barry
p-00001338,2000001334,ce,Moritz
p-00001339,2000001335,ce,Weylin
p-00001340,2000001336,ce,Iver
p-00001341,2000001337,ce,Wyatan
p-00001342,2000001338,ce,Merv
p-00001343,2000001339,ce,Niko
p-00001344,2000001340,ce,Ezri
p-00001345,2000001341,ce,Georgy
p-00001346,2000001342,ce,Bink
p-00001347,2000001343,ce,Marven
p-00001348,2000001344,ce,Noland
p-00001349,2000001345,ce,Darwin
p-00001350,2000001346,ce,Rene
p-00001351,2000001347,ce,Torry
p-00001352,2000001348,ce,Vasili
p-00001353,2000001349,ce,Kyle
p-00001354,2000001350,ce,Calv
p-00001355,2000001351,ce,Vincent
p-00001356,2000001352,ce,Baird
p-00001357,2000001353,ce,Luis
p-00001358,2000001354,ce,Jarib
p-00001359,2000001355,ce,Willie
p-00001360,2000001356,ce,Lowe
p-00001361,2000001357,ce,Christophe
p-00001362,2000001358,ce,Verney
p-00001363,2000001359,ce,Baily
p-00001364,2000001360,ce,Angie
p-00001365,2000001361,ce,Bran
p-00001366,2000001362,ce,Skippie
p-00001367,2000001363,ce,Powell
p-00001368,2000001364,ce,Kennedy
p-00001369,2000001365,ce,Matthus
p-00001370,2000001366,ce,Adam
p-00001371,2000001367,ce,Ira
p-00001372,2000001368,ce,Boonie
p-00001373,2000001369,ce,Warden
p-00001374,2000001370,ce,Ambros
p-00001375,2000001371,ce,Welbie
p-00001376,2000001372,ce,Arri
p-00001377,2000001373,ce,Bealle
p-00001378,2000001374,ce,Bancroft
p-00001379,2000001375,ce,Clementius
p-00001380,2000001376,ce,Ryon
p-00001381,2000001377,ce,Constantine
p-00001382,2000001378,ce,Wilmar
p-00001383,2000001379,ce,Tann
p-00001384,2000001380,ce,Papageno
p-00001385,2000001381,ce,Worden
p-00001386,2000001382,ce,Kienan
p-00001387,2000001383,ce,Damon
p-00001388,2000001384,ce,Rad
p-00001389,2000001385,ce,Lisle
p-00001390,2000001386,ce,Pernell
p-00001391,2000001387,ce,Lutero
p-00001392,2000001388,ce,Maurie
p-00001393,2000001389,ce,Stanleigh
p-00001394,2000001390,ce,Glen
p-00001395,2000001391,ce,Guntar
p-00001396,2000001392,ce,Kiley
p-00001397,2000001393,ce,Curcio
p-00001398,2000001394,ce,Early
p-00001399,2000001395,ce,Cobby
p-00001400,2000001396,ce,Lon
p-00001401,2000001397,ce,Avram
p-00001402,2000001398,ce,Forbes
p-00001403,2000001399,ce,Hube
p-00001404,2000001400,ce,Silvain
p-00001405,2000001401,ce,North
p-00001406,2000001402,ce,Alvin
p-00001407,2000001403,ce,Jeno
p-00001408,2000001404,ce,Taylor
p-00001409,2000001405,ce,Farly
p-00001410,2000001406,ce,Boone
p-00001411,2000001407,ce,Jeffry
p-00001412,2000001408,ce,Frederic
p-00001413,2000001409,ce,Oren
p-00001414,2000001410,ce,Shelley
p-00001415,2000001411,ce,Gustaf
p-00001416,2000001412,ce,Neddy
p-00001417,2000001413,ce,Udall
p-00001418,2000001414,ce,Ethelred
p-00001419,2000001415,ce,Flin
p-00001420,2000001416,ce,Horatio
p-00001421,2000001417,ce,Gawain
p-00001422,2000001418,ce,Alvin
p-00001423,2000001419,ce,Archibald
p-00001424,2000001420,ce,Hamil
p-00001425,2000001421,ce,Malchy
p-00001426,2000001422,ce,Corbet
p-00001427,2000001423,ce,Mateo
p-00001428,2000001424,ce,Thedrick
p-00001429,2000001425,ce,Henrik
p-00001430,2000001426,ce,Dov
p-00001431,2000001427,ce,Ezri
p-00001432,2000001428,ce,Farlee
p-00001433,2000001429,ce,Hughie
p-00001434,2000001430,ce,Laurence
p-00001435,2000001431,ce,Palmer
p-00001436,2000001432,ce,Wolfgang
p-00001437,2000001433,ce,Ogdon
p-00001438,2000001434,ce,Moritz
p-00001439,2000001435,ce,Hobie
p-00001440,2000001436,ce,Michail
p-00001441,2000001437,ce,Win
p-00001442,2000001438,ce,Wittie
p-00001443,2000001439,ce,Joshia
p-00001444,2000001440,ce,Rem
p-00001445,2000001441,ce,Sutton
p-00001446,2000001442,ce,Ingar
p-00001447,2000001443,ce,Griffie
p-00001448,2000001444,ce,Egbert
p-00001449,2000001445,ce,Hewett
p-00001450,2000001446,ce,Art
p-00001451,2000001447,ce,Hilliard
p-00001452,2000001448,ce,Mischa
p-00001453,2000001449,ce,Tris
p-00001454,2000001450,ce,Jake
p-00001455,2000001451,ce,Tracey
p-00001456,2000001452,ce,Bucky
p-00001457,2000001453,ce,Leland
p-00001458,2000001454,ce,Akim
p-00001459,2000001455,ce,Olenolin
p-00001460,2000001456,ce,Kahaleel
p-00001461,2000001457,ce,Guido
p-00001462,2000001458,ce,Burt
p-00001463,2000001459,ce,Durward
p-00001464,2000001460,ce,Rudolph
p-00001465,2000001461,ce,Aluino
p-00001466,2000001462,ce,Hubert
p-00001467,2000001463,ce,Jo
p-00001468,2000001464,ce,Teddie
p-00001469,2000001465,ce,Bjorn
p-00001470,2000001466,ce,Zebulen
p-00001471,2000001467,ce,Ronny
p-00001472,2000001468,ce,Vanya
p-00001473,2000001469,ce,Raviv
p-00001474,2000001470,ce,Drew
p-00001475,2000001471,ce,Torrey
p-00001476,2000001472,ce,Malcolm
p-00001477,2000001473,ce,Dmitri
p-00001478,2000001474,ce,Westleigh
p-00001479,2000001475,ce,Darryl
p-00001480,2000001476,ce,Karim
p-00001481,2000001477,ce,Patric
p-00001482,2000001478,ce,Timotheus
p-00001483,2000001479,ce,Gregorio
p-00001484,2000001480,ce,Borg
p-00001485,2000001481,ce,Matthaeus
p-00001486,2000001482,ce,Rooney
p-00001487,2000001483,ce,Octavius
p-00001488,2000001484,ce,Cullen
p-00001489,2000001485,ce,Andrej
p-00001490,2000001486,ce,Constantin
p-00001491,2000001487,ce,Buddie
p-00001492,2000001488,ce,Gibby
p-00001493,2000001489,ce,Monte
p-00001494,2000001490,ce,Claudell
p-00001495,2000001491,ce,Isidore
p-00001496,2000001492,ce,Jefferson
p-00001497,2000001493,ce,Tanny
p-00001498,2000001494,ce,Wilfrid
p-00001499,2000001495,ce,Antoni
p-00001500,2000001496,ce,Khalil
p-00001501,2000001497,ce,Byrom
p-00001502,2000001498,ce,Zaccaria
p-00001503,2000001499,ce,Humfried
p-00001504,2000001500,ce,Tim
p-00001505,2000001501,ce,Dewain
p-00001506,2000001502,ce,Herrick
p-00001507,2000001503,ce,Broddie
p-00001508,2000001504,ce,Jorgan
p-00001509,2000001505,ce,Fonsie
p-00001510,2000001506,ce,Zeb
p-00001511,2000001507,ce,Timmy
p-00001512,2000001508,ce,Arny
p-00001513,2000001509,ce,Marven
p-00001514,2000001510,ce,Myrvyn
p-00001515,2000001511,ce,Jens
p-00001516,2000001512,ce,Adolphus
p-00001517,2000001513,ce,Glendon
p-00001518,2000001514,ce,Laughton
p-00001519,2000001515,ce,Gideon
p-00001520,2000001516,ce,Addy
p-00001521,2000001517,ce,Jayson
p-00001522,2000001518,ce,Hamel
p-00001523,2000001519,ce,Edan
p-00001524,2000001520,ce,Sid
p-00001525,2000001521,ce,Hugo
p-00001526,2000001522,ce,Anatole
p-00001527,2000001523,ce,Donovan
p-00001528,2000001524,ce,Parnell
p-00001529,2000001525,ce,Lisle
p-00001530,2000001526,ce,Clint
p-00001531,2000001527,ce,Welch
p-00001532,2000001528,ce,Trstram
p-00001533,2000001529,ce,Freddy
p-00001534,2000001530,ce,Mano
p-00001535,2000001531,ce,Gardy
p-00001536,2000001532,ce,Bordy
p-00001537,2000001533,ce,Gabriel
p-00001538,2000001534,ce,Kristoffer
p-00001539,2000001535,ce,Raimondo
p-00001540,2000001536,ce,Onfroi
p-00001541,2000001537,ce,Dave
p-00001542,2000001538,ce,Aron
p-00001543,2000001539,ce,Renaud
p-00001544,2000001540,ce,Arnaldo
p-00001545,2000001541,ce,Tybalt
p-00001546,2000001542,ce,Tristam
p-00001547,2000001543,ce,Rubin
p-00001548,2000001544,ce,Cos
p-00001549,2000001545,ce,Casar
p-00001550,2000001546,ce,Augustus
p-00001551,2000001547,ce,Sergent
p-00001552,2000001548,ce,Juan
p-00001553,2000001549,ce,Huntlee
p-00001554,2000001550,ce,Syd
p-00001555,2000001551,ce,Kaspar
p-00001556,2000001552,ce,Silas
p-00001557,2000001553,ce,Trip
p-00001558,2000001554,ce,Alphonse
p-00001559,2000001555,ce,Andonis
p-00001560,2000001556,ce,Lance
p-00001561,2000001557,ce,Davidson
p-00001562,2000001558,ce,Rik
p-00001563,2000001559,ce,Tuck
p-00001564,2000001560,ce,Alic
p-00001565,2000001561,ce,Baron
p-00001566,2000001562,ce,Vito
p-00001567,2000001563,ce,Nobie
p-00001568,2000001564,ce,Daren
p-00001569,2000001565,ce,Obie
p-00001570,2000001566,ce,Kory
p-00001571,2000001567,ce,Frank
p-00001572,2000001568,ce,Arlin
p-00001573,2000001569,ce,Lindy
p-00001574,2000001570,ce,Tye
p-00001575,2000001571,ce,Aldo
p-00001576,2000001572,ce,Muffin
p-00001577,2000001573,ce,North
p-00001578,2000001574,ce,Archibald
p-00001579,2000001575,ce,Barr
p-00001580,2000001576,ce,Dickie
p-00001581,2000001577,ce,Tucker
p-00001582,2000001578,ce,Lucho
p-00001583,2000001579,ce,Ernest
p-00001584,2000001580,ce,Kippy
p-00001585,2000001581,ce,Saw
p-00001586,2000001582,ce,Toddie
p-00001587,2000001583,ce,Courtney
p-00001588,2000001584,ce,Eugenio
p-00001589,2000001585,ce,Thoma
p-00001590,2000001586,ce,Winfred
p-00001591,2000001587,ce,Gaultiero
p-00001592,2000001588,ce,Thorsten
p-00001593,2000001589,ce,Tuck
p-00001594,2000001590,ce,Franzen
p-00001595,2000001591,ce,Nilson
p-00001596,2000001592,ce,Raimund
p-00001597,2000001593,ce,Chalmers
p-00001598,2000001594,ce,Vinson
p-00001599,2000001595,ce,Mortie
p-00001600,2000001596,ce,Gunther
p-00001601,2000001597,ce,Maxy
p-00001602,2000001598,ce,Gunar
p-00001603,2000001599,ce,Nealson
p-00001604,2000001600,ce,Rem
p-00001605,2000001601,ce,Andrej
p-00001606,2000001602,ce,Joshia
p-00001607,2000001603,ce,Giacopo
p-00001608,2000001604,ce,Delmore
p-00001609,2000001605,ce,Noby
p-00001610,2000001606,ce,Had
p-00001611,2000001607,ce,Silas
p-00001612,2000001608,ce,Dickie
p-00001613,2000001609,ce,Gasper
p-00001614,2000001610,ce,Brody
p-00001615,2000001611,ce,Alfonso
p-00001616,2000001612,ce,Matias
p-00001617,2000001613,ce,Mattias
p-00001618,2000001614,ce,Con
p-00001619,2000001615,ce,Tomaso
p-00001620,2000001616,ce,Had
p-00001621,2000001617,ce,Francis
p-00001622,2000001618,ce,Merrill
p-00001623,2000001619,ce,Sawyer
p-00001624,2000001620,ce,Vaughan
p-00001625,2000001621,ce,Gil
p-00001626,2000001622,ce,Rafi
p-00001627,2000001623,ce,Corny
p-00001628,2000001624,ce,Purcell
p-00001629,2000001625,ce,Ax
p-00001630,2000001626,ce,Nicky
p-00001631,2000001627,ce,Hymie
p-00001632,2000001628,ce,Osgood
p-00001633,2000001629,ce,Sergeant
p-00001634,2000001630,ce,Bevin
p-00001635,2000001631,ce,Donal
p-00001636,2000001632,ce,Ari
p-00001637,2000001633,ce,Pascal
p-00001638,2000001634,ce,Allan
p-00001639,2000001635,ce,Monti
p-00001640,2000001636,ce,Ronnie
p-00001641,2000001637,ce,Prescott
p-00001642,2000001638,ce,Sebastien
p-00001643,2000001639,ce,Markus
p-00001644,2000001640,ce,Vincent
p-00001645,2000001641,ce,Hillard
p-00001646,2000001642,ce,Tucky
p-00001647,2000001643,ce,Thedrick
p-00001648,2000001644,ce,Ely
p-00001649,2000001645,ce,Augie
p-00001650,2000001646,ce,Coleman
p-00001651,2000001647,ce,Nicholas
p-00001652,2000001648,ce,Ogdan
p-00001653,2000001649,ce,Ferdie
p-00001654,2000001650,ce,Dallon
p-00001655,2000001651,ce,Bo
p-00001656,2000001652,ce,Ganny
p-00001657,2000001653,ce,Lewiss
p-00001658,2000001654,ce,Orv
p-00001659,2000001655,ce,Sutton
p-00001660,2000001656,ce,Mylo
p-00001661,2000001657,ce,Garry
p-00001662,2000001658,ce,Abner
p-00001663,2000001659,ce,Chalmers
p-00001664,2000001660,ce,Aluin
p-00001665,2000001661,ce,Karney
p-00001666,2000001662,ce,Sanderson
p-00001667,2000001663,ce,Barry
p-00001668,2000001664,ce,Tobias
p-00001669,2000001665,ce,Anson
p-00001670,2000001666,ce,Durante
p-00001671,2000001667,ce,Mitch
p-00001672,2000001668,ce,Eward
p-00001673,2000001669,ce,Orbadiah
p-00001674,2000001670,ce,Hewett
p-00001675,2000001671,ce,Winifield
p-00001676,2000001672,ce,Hartwell
p-00001677,2000001673,ce,Norby
p-00001678,2000001674,ce,Matthias
p-00001679,2000001675,ce,Joshuah
p-00001680,2000001676,ce,Yul
p-00001681,2000001677,ce,Enrique
p-00001682,2000001678,ce,Joe
p-00001683,2000001679,ce,Jessey
p-00001684,2000001680,ce,Juan
p-00001685,2000001681,ce,Olvan
p-00001686,2000001682,ce,Mickey
p-00001687,2000001683,ce,Jorgan
p-00001688,2000001684,ce,Dene
p-00001689,2000001685,ce,Packston
p-00001690,2000001686,ce,Jim
p-00001691,2000001687,ce,Kerk
p-00001692,2000001688,ce,Corbet
p-00001693,2000001689,ce,Cameron
p-00001694,2000001690,ce,Kenon
p-00001695,2000001691,ce,Neils
p-00001696,2000001692,ce,Abner
p-00001697,2000001693,ce,Jackson
p-00001698,2000001694,ce,Ricardo
p-00001699,2000001695,ce,Brodie
p-00001700,2000001696,ce,Hammad
p-00001701,2000001697,ce,Fidel
p-00001702,2000001698,ce,Haslett
p-00001703,2000001699,ce,Ambrosio
p-00001704,2000001700,ce,Godwin
p-00001705,2000001701,ce,Augy
p-00001706,2000001702,ce,Norbie
p-00001707,2000001703,ce,Way
p-00001708,2000001704,ce,Obadiah
p-00001709,2000001705,ce,Mikel
p-00001710,2000001706,ce,Hendrik
p-00001711,2000001707,ce,Antonin
p-00001712,2000001708,ce,Jess
p-00001713,2000001709,ce,Carrol
p-00001714,2000001710,ce,Parrnell
p-00001715,2000001711,ce,Normie
p-00001716,2000001712,ce,Heinrik
p-00001717,2000001713,ce,Creigh
p-00001718,2000001714,ce,Say
p-00001719,2000001715,ce,Micheal
p-00001720,2000001716,ce,Wally
p-00001721,2000001717,ce,Byran
p-00001722,2000001718,ce,Franny
p-00001723,2000001719,ce,Brock
p-00001724,2000001720,ce,Mayer
p-00001725,2000001721,ce,Kipp
p-00001726,2000001722,ce,Zack
p-00001727,2000001723,ce,Daren
p-00001728,2000001724,ce,Averil
p-00001729,2000001725,ce,Bernard
p-00001730,2000001726,ce,Gannon
p-00001731,2000001727,ce,Zebadiah
p-00001732,2000001728,ce,Wade
p-00001733,2000001729,ce,Durant
p-00001734,2000001730,ce,Tibold
p-00001735,2000001731,ce,Monte
p-00001736,2000001732,ce,Bryce
p-00001737,2000001733,ce,Hunt
p-00001738,2000001734,ce,Bevin
p-00001739,2000001735,ce,Mohammed
p-00001740,2000001736,ce,Frederic
p-00001741,2000001737,ce,Binky
p-00001742,2000001738,ce,Fidole
p-00001743,2000001739,ce,Gilburt
p-00001744,2000001740,ce,Delainey
p-00001745,2000001741,ce,Russ
p-00001746,2000001742,ce,Temp
p-00001747,2000001743,ce,Linn
p-00001748,2000001744,ce,Christoffer
p-00001749,2000001745,ce,Lydon
p-00001750,2000001746,ce,Hilary
p-00001751,2000001747,ce,Deane
p-00001752,2000001748,ce,Felike
p-00001753,2000001749,ce,Duncan
p-00001754,2000001750,ce,Piotr
p-00001755,2000001751,ce,Bevin
p-00001756,2000001752,ce,Frederigo
p-00001757,2000001753,ce,Raoul
p-00001758,2000001754,ce,Marion
p-00001759,2000001755,ce,Jesus
p-00001760,2000001756,ce,Clayborn
p-00001761,2000001757,ce,Fabien
p-00001762,2000001758,ce,Maddy
p-00001763,2000001759,ce,Raymund
p-00001764,2000001760,ce,Yuma
p-00001765,2000001761,ce,Farleigh
p-00001766,2000001762,ce,Tally
p-00001767,2000001763,ce,Lorant
p-00001768,2000001764,ce,Archy
p-00001769,2000001765,ce,Zeb
p-00001770,2000001766,ce,Garrik
p-00001771,2000001767,ce,Portie
p-00001772,2000001768,ce,Dominik
p-00001773,2000001769,ce,Elisha
p-00001774,2000001770,ce,Rickie
p-00001775,2000001771,ce,Nickie
p-00001776,2000001772,ce,Maison
p-00001777,2000001773,ce,Dom
p-00001778,2000001774,ce,Gary
p-00001779,2000001775,ce,Meredeth
p-00001780,2000001776,ce,Darrick
p-00001781,2000001777,ce,Kendrick
p-00001782,2000001778,ce,Lindon
p-00001783,2000001779,ce,Hy
p-00001784,2000001780,ce,Marcus
p-00001785,2000001781,ce,Kristos
p-00001786,2000001782,ce,Ashby
p-00001787,2000001783,ce,Dallis
p-00001788,2000001784,ce,Ram
p-00001789,2000001785,ce,Corey
p-00001790,2000001786,ce,Dominic
p-00001791,2000001787,ce,Rollo
p-00001792,2000001788,ce,Russell
p-00001793,2000001789,ce,Marlon
p-00001794,2000001790,ce,Shanan
p-00001795,2000001791,ce,Gery
p-00001796,2000001792,ce,Rickard
p-00001797,2000001793,ce,Ramsey
p-00001798,2000001794,ce,Jerri
p-00001799,2000001795,ce,Dietrich
p-00001800,2000001796,ce,Obadiah
p-00001801,2000001797,ce,Aldin
p-00001802,2000001798,ce,Gorden
p-00001803,2000001799,ce,Randall
p-00001804,2000001800,ce,Huntley
p-00001805,2000001801,ce,Hillyer
p-00001806,2000001802,ce,Aldwin
p-00001807,2000001803,ce,Errick
p-00001808,2000001804,ce,Erastus
p-00001809,2000001805,ce,Titus
p-00001810,2000001806,ce,Benjamen
p-00001811,2000001807,ce,Mathias
p-00001812,2000001808,ce,Gar
p-00001813,2000001809,ce,Freddie
p-00001814,2000001810,ce,Stephanus
p-00001815,2000001811,ce,Dunc
p-00001816,2000001812,ce,Hillier
p-00001817,2000001813,ce,Lou
p-00001818,2000001814,ce,Johny
p-00001819,2000001815,ce,Farrell
p-00001820,2000001816,ce,Kele
p-00001821,2000001817,ce,Kristofor
p-00001822,2000001818,ce,Myrwyn
p-00001823,2000001819,ce,Dagny
p-00001824,2000001820,ce,Fielding
p-00001825,2000001821,ce,Alonso
p-00001826,2000001822,ce,Burk
p-00001827,2000001823,ce,Kerby
p-00001828,2000001824,ce,Aube
p-00001829,2000001825,ce,Alwyn
p-00001830,2000001826,ce,Isaiah
p-00001831,2000001827,ce,Wang
p-00001832,2000001828,ce,Xavier
p-00001833,2000001829,ce,Donovan
p-00001834,2000001830,ce,Sigmund
p-00001835,2000001831,ce,Orville
p-00001836,2000001832,ce,Huntington
p-00001837,2000001833,ce,Chrisy
p-00001838,2000001834,ce,Sebastien
p-00001839,2000001835,ce,Hilary
p-00001840,2000001836,ce,Nealon
p-00001841,2000001837,ce,Lombard
p-00001842,2000001838,ce,Ty
p-00001843,2000001839,ce,Craig
p-00001844,2000001840,ce,Way
p-00001845,2000001841,ce,Leopold
p-00001846,2000001842,ce,Quent
p-00001847,2000001843,ce,Jamal
p-00001848,2000001844,ce,Hendrick
p-00001849,2000001845,ce,Hyatt
p-00001850,2000001846,ce,Kenny
p-00001851,2000001847,ce,Nehemiah
p-00001852,2000001848,ce,Valdemar
p-00001853,2000001849,ce,Patrick
p-00001854,2000001850,ce,Renaud
p-00001855,2000001851,ce,Menard
p-00001856,2000001852,ce,Grover
p-00001857,2000001853,ce,Dunn
p-00001858,2000001854,ce,Inglebert
p-00001859,2000001855,ce,Gualterio
p-00001860,2000001856,ce,Alic
p-00001861,2000001857,ce,Howard
p-00001862,2000001858,ce,Renato
p-00001863,2000001859,ce,Hersh
p-00001864,2000001860,ce,Heinrick
p-00001865,2000001861,ce,Devin
p-00001866,2000001862,ce,Randie
p-00001867,2000001863,ce,Bryce
p-00001868,2000001864,ce,Dunc
p-00001869,2000001865,ce,Shelden
p-00001870,2000001866,ce,Braden
p-00001871,2000001867,ce,Victoir
p-00001872,2000001868,ce,Clemente
p-00001873,2000001869,ce,Roderich
p-00001874,2000001870,ce,Foster
p-00001875,2000001871,ce,Silvester
p-00001876,2000001872,ce,Durand
p-00001877,2000001873,ce,Tammie
p-00001878,2000001874,ce,Ancell
p-00001879,2000001875,ce,Dag
p-00001880,2000001876,ce,Thorn
p-00001881,2000001877,ce,Roger
p-00001882,2000001878,ce,Quentin
p-00001883,2000001879,ce,Mycah
p-00001884,2000001880,ce,Bartholemy
p-00001885,2000001881,ce,Shelley
p-00001886,2000001882,ce,Skipp
p-00001887,2000001883,ce,Jethro
p-00001888,2000001884,ce,Robb
p-00001889,2000001885,ce,Enoch
p-00001890,2000001886,ce,Rafaello
p-00001891,2000001887,ce,Andreas
p-00001892,2000001888,ce,Whitney
p-00001893,2000001889,ce,Lazaro
p-00001894,2000001890,ce,Jackson
p-00001895,2000001891,ce,Hadley
p-00001896,2000001892,ce,Goddart
p-00001897,2000001893,ce,Marion
p-00001898,2000001894,ce,Baron
p-00001899,2000001895,ce,Maurice
p-00001900,2000001896,ce,Gerald
p-00001901,2000001897,ce,Brigham
p-00001902,2000001898,ce,Donn
p-00001903,2000001899,ce,Rabi
p-00001904,2000001900,ce,Mord
p-00001905,2000001901,ce,Rutherford
p-00001906,2000001902,ce,Lionel
p-00001907,2000001903,ce,Edik
p-00001908,2000001904,ce,Sancho
p-00001909,2000001905,ce,Carney
p-00001910,2000001906,ce,Bond
p-00001911,2000001907,ce,Ramon
p-00001912,2000001908,ce,Sheffie
p-00001913,2000001909,ce,Izaak
p-00001914,2000001910,ce,Bevon
p-00001915,2000001911,ce,Alvy
p-00001916,2000001912,ce,Gary
p-00001917,2000001913,ce,Burgess
p-00001918,2000001914,ce,Wally
p-00001919,2000001915,ce,Luce
p-00001920,2000001916,ce,Jed
p-00001921,2000001917,ce,Murray
p-00001922,2000001918,ce,Shae
p-00001923,2000001919,ce,Gram
p-00001924,2000001920,ce,Tracey
p-00001925,2000001921,ce,Gerry
p-00001926,2000001922,ce,Mitchel
p-00001927,2000001923,ce,Mal
p-00001928,2000001924,ce,Isidore
p-00001929,2000001925,ce,Dag
p-00001930,2000001926,ce,Maurie
p-00001931,2000001927,ce,Jamill
p-00001932,2000001928,ce,Juan
p-00001933,2000001929,ce,Marlin
p-00001934,2000001930,ce,Stavros
p-00001935,2000001931,ce,Julio
p-00001936,2000001932,ce,Earl
p-00001937,2000001933,ce,Jayson
p-00001938,2000001934,ce,Stanwood
p-00001939,2000001935,ce,Ruben
p-00001940,2000001936,ce,Eduard
p-00001941,2000001937,ce,Graeme
p-00001942,2000001938,ce,Alvie
p-00001943,2000001939,ce,Lambert
p-00001944,2000001940,ce,Son
p-00001945,2000001941,ce,Ermanno
p-00001946,2000001942,ce,Quillan
p-00001947,2000001943,ce,Humfried
p-00001948,2000001944,ce,Kristoforo
p-00001949,2000001945,ce,Mike
p-00001950,2000001946,ce,Marlon
p-00001951,2000001947,ce,Pierre
p-00001952,2000001948,ce,Lyle
p-00001953,2000001949,ce,Crawford
p-00001954,2000001950,ce,Mozes
p-00001955,2000001951,ce,Pembroke
p-00001956,2000001952,ce,Fidole
p-00001957,2000001953,ce,Beniamino
p-00001958,2000001954,ce,Winn
p-00001959,2000001955,ce,Tades
p-00001960,2000001956,ce,Bald
p-00001961,2000001957,ce,Andrus
p-00001962,2000001958,ce,Wilton
p-00001963,2000001959,ce,Tome
p-00001964,2000001960,ce,Svend
p-00001965,2000001961,ce,Tobit
p-00001966,2000001962,ce,Elwyn
p-00001967,2000001963,ce,Ramsay
p-00001968,2000001964,ce,Kennie
p-00001969,2000001965,ce,Thaine
p-00001970,2000001966,ce,Noland
p-00001971,2000001967,ce,Doug
p-00001972,2000001968,ce,Christoper
p-00001973,2000001969,ce,Herschel
p-00001974,2000001970,ce,Adlai
p-00001975,2000001971,ce,Ches
p-00001976,2000001972,ce,Northrup
p-00001977,2000001973,ce,Rooney
p-00001978,2000001974,ce,Aluin
p-00001979,2000001975,ce,Lucien
p-00001980,2000001976,ce,Husein
p-00001981,2000001977,ce,Eugen
p-00001982,2000001978,ce,Garfield
p-00001983,2000001979,ce,Hirsch
p-00001984,2000001980,ce,Domenic
p-00001985,2000001981,ce,Dill
p-00001986,2000001982,ce,Freeland
p-00001987,2000001983,ce,Tome
p-00001988,2000001984,ce,Kliment
p-00001989,2000001985,ce,Kort
p-00001990,2000001986,ce,Shea
p-00001991,2000001987,ce,Cobby
p-00001992,2000001988,ce,Towney
p-00001993,2000001989,ce,Garek
p-00001994,2000001990,ce,Walker
p-00001995,2000001991,ce,Gaylor
p-00001996,2000001992,ce,Stan
p-00001997,2000001993,ce,Nicol
p-00001998,2000001994,ce,Goddart
p-00001999,2000001995,ce,Jim
p-00002000,2000001996,ce,Adrian
p-00002001,2000001997,ce,Wilek
p-00002002,2000001998,ce,Elias
p-00002003,2000001999,ce,Hamil
p-00002004,2000002000,ce,Buddie
