codigo,tarjeta
p-00000005,4444444
p-00000006,4444445
p-00000007,4444446
p-00000008,4444447
p-00000009,4444448
p-00000010,4444449
p-00000011,4444450
p-00000012,4444451
p-00000013,4444452
p-00000014,4444453
p-00000015,4444454
p-00000016,4444455
p-00000017,4444456
p-00000018,4444457
p-00000019,4444458
p-00000020,4444459
p-00000021,4444460
p-00000022,4444461
p-00000023,4444462
p-00000024,4444463
p-00000025,4444464
p-00000026,4444465
p-00000027,4444466
p-00000028,4444467
p-00000029,4444468
p-00000030,4444469
p-00000031,4444470
p-00000032,4444471
p-00000033,4444472
p-00000034,4444473
p-00000035,4444474
p-00000036,4444475
p-00000037,4444476
p-00000038,4444477
p-00000039,4444478
p-00000040,4444479
p-00000041,4444480
p-00000042,4444481
p-00000043,4444482
p-00000044,4444483
p-00000045,4444484
p-00000046,4444485
p-00000047,4444486
p-00000048,4444487
p-00000049,4444488
p-00000050,4444489
p-00000051,4444490
p-00000052,4444491
p-00000053,4444492
p-00000054,4444493
p-00000055,4444494
p-00000056,4444495
p-00000057,4444496
p-00000058,4444497
p-00000059,4444498
p-00000060,4444499
p-00000061,4444500
p-00000062,4444501
p-00000063,4444502
p-00000064,4444503
p-00000065,4444504
p-00000066,4444505
p-00000067,4444506
p-00000068,4444507
p-00000069,4444508
p-00000070,4444509
p-00000071,4444510
p-00000072,4444511
p-00000073,4444512
p-00000074,4444513
p-00000075,4444514
p-00000076,4444515
p-00000077,4444516
p-00000078,4444517
p-00000079,4444518
p-00000080,4444519
p-00000081,4444520
p-00000082,4444521
p-00000083,4444522
p-00000084,4444523
p-00000085,4444524
p-00000086,4444525
p-00000087,4444526
p-00000088,4444527
p-00000089,4444528
p-00000090,4444529
p-00000091,4444530
p-00000092,4444531
p-00000093,4444532
p-00000094,4444533
p-00000095,4444534
p-00000096,4444535
p-00000097,4444536
p-00000098,4444537
p-00000099,4444538
p-00000100,4444539
p-00000101,4444540
p-00000102,4444541
p-00000103,4444542
p-00000104,4444543
p-00000105,4444544
p-00000106,4444545
p-00000107,4444546
p-00000108,4444547
p-00000109,4444548
p-00000110,4444549
p-00000111,4444550
p-00000112,4444551
p-00000113,4444552
p-00000114,4444553
p-00000115,4444554
p-00000116,4444555
p-00000117,4444556
p-00000118,4444557
p-00000119,4444558
p-00000120,4444559
p-00000121,4444560
p-00000122,4444561
p-00000123,4444562
p-00000124,4444563
p-00000125,4444564
p-00000126,4444565
p-00000127,4444566
p-00000128,4444567
p-00000129,4444568
p-00000130,4444569
p-00000131,4444570
p-00000132,4444571
p-00000133,4444572
p-00000134,4444573
p-00000135,4444574
p-00000136,4444575
p-00000137,4444576
p-00000138,4444577
p-00000139,4444578
p-00000140,4444579
p-00000141,4444580
p-00000142,4444581
p-00000143,4444582
p-00000144,4444583
p-00000145,4444584
p-00000146,4444585
p-00000147,4444586
p-00000148,4444587
p-00000149,4444588
p-00000150,4444589
p-00000151,4444590
p-00000152,4444591
p-00000153,4444592
p-00000154,4444593
p-00000155,4444594
p-00000156,4444595
p-00000157,4444596
p-00000158,4444597
p-00000159,4444598
p-00000160,4444599
p-00000161,4444600
p-00000162,4444601
p-00000163,4444602
p-00000164,4444603
p-00000165,4444604
p-00000166,4444605
p-00000167,4444606
p-00000168,4444607
p-00000169,4444608
p-00000170,4444609
p-00000171,4444610
p-00000172,4444611
p-00000173,4444612
p-00000174,4444613
p-00000175,4444614
p-00000176,4444615
p-00000177,4444616
p-00000178,4444617
p-00000179,4444618
p-00000180,4444619
p-00000181,4444620
p-00000182,4444621
p-00000183,4444622
p-00000184,4444623
p-00000185,4444624
p-00000186,4444625
p-00000187,4444626
p-00000188,4444627
p-00000189,4444628
p-00000190,4444629
p-00000191,4444630
p-00000192,4444631
p-00000193,4444632
p-00000194,4444633
p-00000195,4444634
p-00000196,4444635
p-00000197,4444636
p-00000198,4444637
p-00000199,4444638
p-00000200,4444639
p-00000201,4444640
p-00000202,4444641
p-00000203,4444642
p-00000204,4444643
p-00000205,4444644
p-00000206,4444645
p-00000207,4444646
p-00000208,4444647
p-00000209,4444648
p-00000210,4444649
p-00000211,4444650
p-00000212,4444651
p-00000213,4444652
p-00000214,4444653
p-00000215,4444654
p-00000216,4444655
p-00000217,4444656
p-00000218,4444657
p-00000219,4444658
p-00000220,4444659
p-00000221,4444660
p-00000222,4444661
p-00000223,4444662
p-00000224,4444663
p-00000225,4444664
p-00000226,4444665
p-00000227,4444666
p-00000228,4444667
p-00000229,4444668
p-00000230,4444669
p-00000231,4444670
p-00000232,4444671
p-00000233,4444672
p-00000234,4444673
p-00000235,4444674
p-00000236,4444675
p-00000237,4444676
p-00000238,4444677
p-00000239,4444678
p-00000240,4444679
p-00000241,4444680
p-00000242,4444681
p-00000243,4444682
p-00000244,4444683
p-00000245,4444684
p-00000246,4444685
p-00000247,4444686
p-00000248,4444687
p-00000249,4444688
p-00000250,4444689
p-00000251,4444690
p-00000252,4444691
p-00000253,4444692
p-00000254,4444693
p-00000255,4444694
p-00000256,4444695
p-00000257,4444696
p-00000258,4444697
p-00000259,4444698
p-00000260,4444699
p-00000261,4444700
p-00000262,4444701
p-00000263,4444702
p-00000264,4444703
p-00000265,4444704
p-00000266,4444705
p-00000267,4444706
p-00000268,4444707
p-00000269,4444708
p-00000270,4444709
p-00000271,4444710
p-00000272,4444711
p-00000273,4444712
p-00000274,4444713
p-00000275,4444714
p-00000276,4444715
p-00000277,4444716
p-00000278,4444717
p-00000279,4444718
p-00000280,4444719
p-00000281,4444720
p-00000282,4444721
p-00000283,4444722
p-00000284,4444723
p-00000285,4444724
p-00000286,4444725
p-00000287,4444726
p-00000288,4444727
p-00000289,4444728
p-00000290,4444729
p-00000291,4444730
p-00000292,4444731
p-00000293,4444732
p-00000294,4444733
p-00000295,4444734
p-00000296,4444735
p-00000297,4444736
p-00000298,4444737
p-00000299,4444738
p-00000300,4444739
p-00000301,4444740
p-00000302,4444741
p-00000303,4444742
p-00000304,4444743
p-00000305,4444744
p-00000306,4444745
p-00000307,4444746
p-00000308,4444747
p-00000309,4444748
p-00000310,4444749
p-00000311,4444750
p-00000312,4444751
p-00000313,4444752
p-00000314,4444753
p-00000315,4444754
p-00000316,4444755
p-00000317,4444756
p-00000318,4444757
p-00000319,4444758
p-00000320,4444759
p-00000321,4444760
p-00000322,4444761
p-00000323,4444762
p-00000324,4444763
p-00000325,4444764
p-00000326,4444765
p-00000327,4444766
p-00000328,4444767
p-00000329,4444768
p-00000330,4444769
p-00000331,4444770
p-00000332,4444771
p-00000333,4444772
p-00000334,4444773
p-00000335,4444774
p-00000336,4444775
p-00000337,4444776
p-00000338,4444777
p-00000339,4444778
p-00000340,4444779
p-00000341,4444780
p-00000342,4444781
p-00000343,4444782
p-00000344,4444783
p-00000345,4444784
p-00000346,4444785
p-00000347,4444786
p-00000348,4444787
p-00000349,4444788
p-00000350,4444789
p-00000351,4444790
p-00000352,4444791
p-00000353,4444792
p-00000354,4444793
p-00000355,4444794
p-00000356,4444795
p-00000357,4444796
p-00000358,4444797
p-00000359,4444798
p-00000360,4444799
p-00000361,4444800
p-00000362,4444801
p-00000363,4444802
p-00000364,4444803
p-00000365,4444804
p-00000366,4444805
p-00000367,4444806
p-00000368,4444807
p-00000369,4444808
p-00000370,4444809
p-00000371,4444810
p-00000372,4444811
p-00000373,4444812
p-00000374,4444813
p-00000375,4444814
p-00000376,4444815
p-00000377,4444816
p-00000378,4444817
p-00000379,4444818
p-00000380,4444819
p-00000381,4444820
p-00000382,4444821
p-00000383,4444822
p-00000384,4444823
p-00000385,4444824
p-00000386,4444825
p-00000387,4444826
p-00000388,4444827
p-00000389,4444828
p-00000390,4444829
p-00000391,4444830
p-00000392,4444831
p-00000393,4444832
p-00000394,4444833
p-00000395,4444834
p-00000396,4444835
p-00000397,4444836
p-00000398,4444837
p-00000399,4444838
p-00000400,4444839
p-00000401,4444840
p-00000402,4444841
p-00000403,4444842
p-00000404,4444843
p-00000405,4444844
p-00000406,4444845
p-00000407,4444846
p-00000408,4444847
p-00000409,4444848
p-00000410,4444849
p-00000411,4444850
p-00000412,4444851
p-00000413,4444852
p-00000414,4444853
p-00000415,4444854
p-00000416,4444855
p-00000417,4444856
p-00000418,4444857
p-00000419,4444858
p-00000420,4444859
p-00000421,4444860
p-00000422,4444861
p-00000423,4444862
p-00000424,4444863
p-00000425,4444864
p-00000426,4444865
p-00000427,4444866
p-00000428,4444867
p-00000429,4444868
p-00000430,4444869
p-00000431,4444870
p-00000432,4444871
p-00000433,4444872
p-00000434,4444873
p-00000435,4444874
p-00000436,4444875
p-00000437,4444876
p-00000438,4444877
p-00000439,4444878
p-00000440,4444879
p-00000441,4444880
p-00000442,4444881
p-00000443,4444882
p-00000444,4444883
p-00000445,4444884
p-00000446,4444885
p-00000447,4444886
p-00000448,4444887
p-00000449,4444888
p-00000450,4444889
p-00000451,4444890
p-00000452,4444891
p-00000453,4444892
p-00000454,4444893
p-00000455,4444894
p-00000456,4444895
p-00000457,4444896
p-00000458,4444897
p-00000459,4444898
p-00000460,4444899
p-00000461,4444900
p-00000462,4444901
p-00000463,4444902
p-00000464,4444903
p-00000465,4444904
p-00000466,4444905
p-00000467,4444906
p-00000468,4444907
p-00000469,4444908
p-00000470,4444909
p-00000471,4444910
p-00000472,4444911
p-00000473,4444912
p-00000474,4444913
p-00000475,4444914
p-00000476,4444915
p-00000477,4444916
p-00000478,4444917
p-00000479,4444918
p-00000480,4444919
p-00000481,4444920
p-00000482,4444921
p-00000483,4444922
p-00000484,4444923
p-00000485,4444924
p-00000486,4444925
p-00000487,4444926
p-00000488,4444927
p-00000489,4444928
p-00000490,4444929
p-00000491,4444930
p-00000492,4444931
p-00000493,4444932
p-00000494,4444933
p-00000495,4444934
p-00000496,4444935
p-00000497,4444936
p-00000498,4444937
p-00000499,4444938
p-00000500,4444939
p-00000501,4444940
p-00000502,4444941
p-00000503,4444942
p-00000504,4444943
p-00000505,4444944
p-00000506,4444945
p-00000507,4444946
p-00000508,4444947
p-00000509,4444948
p-00000510,4444949
p-00000511,4444950
p-00000512,4444951
p-00000513,4444952
p-00000514,4444953
p-00000515,4444954
p-00000516,4444955
p-00000517,4444956
p-00000518,4444957
p-00000519,4444958
p-00000520,4444959
p-00000521,4444960
p-00000522,4444961
p-00000523,4444962
p-00000524,4444963
p-00000525,4444964
p-00000526,4444965
p-00000527,4444966
p-00000528,4444967
p-00000529,4444968
p-00000530,4444969
p-00000531,4444970
p-00000532,4444971
p-00000533,4444972
p-00000534,4444973
p-00000535,4444974
p-00000536,4444975
p-00000537,4444976
p-00000538,4444977
p-00000539,4444978
p-00000540,4444979
p-00000541,4444980
p-00000542,4444981
p-00000543,4444982
p-00000544,4444983
p-00000545,4444984
p-00000546,4444985
p-00000547,4444986
p-00000548,4444987
p-00000549,4444988
p-00000550,4444989
p-00000551,4444990
p-00000552,4444991
p-00000553,4444992
p-00000554,4444993
p-00000555,4444994
p-00000556,4444995
p-00000557,4444996
p-00000558,4444997
p-00000559,4444998
p-00000560,4444999
p-00000561,4445000
p-00000562,4445001
p-00000563,4445002
p-00000564,4445003
p-00000565,4445004
p-00000566,4445005
p-00000567,4445006
p-00000568,4445007
p-00000569,4445008
p-00000570,4445009
p-00000571,4445010
p-00000572,4445011
p-00000573,4445012
p-00000574,4445013
p-00000575,4445014
p-00000576,4445015
p-00000577,4445016
p-00000578,4445017
p-00000579,4445018
p-00000580,4445019
p-00000581,4445020
p-00000582,4445021
p-00000583,4445022
p-00000584,4445023
p-00000585,4445024
p-00000586,4445025
p-00000587,4445026
p-00000588,4445027
p-00000589,4445028
p-00000590,4445029
p-00000591,4445030
p-00000592,4445031
p-00000593,4445032
p-00000594,4445033
p-00000595,4445034
p-00000596,4445035
p-00000597,4445036
p-00000598,4445037
p-00000599,4445038
p-00000600,4445039
p-00000601,4445040
p-00000602,4445041
p-00000603,4445042
p-00000604,4445043
p-00000605,4445044
p-00000606,4445045
p-00000607,4445046
p-00000608,4445047
p-00000609,4445048
p-00000610,4445049
p-00000611,4445050
p-00000612,4445051
p-00000613,4445052
p-00000614,4445053
p-00000615,4445054
p-00000616,4445055
p-00000617,4445056
p-00000618,4445057
p-00000619,4445058
p-00000620,4445059
p-00000621,4445060
p-00000622,4445061
p-00000623,4445062
p-00000624,4445063
p-00000625,4445064
p-00000626,4445065
p-00000627,4445066
p-00000628,4445067
p-00000629,4445068
p-00000630,4445069
p-00000631,4445070
p-00000632,4445071
p-00000633,4445072
p-00000634,4445073
p-00000635,4445074
p-00000636,4445075
p-00000637,4445076
p-00000638,4445077
p-00000639,4445078
p-00000640,4445079
p-00000641,4445080
p-00000642,4445081
p-00000643,4445082
p-00000644,4445083
p-00000645,4445084
p-00000646,4445085
p-00000647,4445086
p-00000648,4445087
p-00000649,4445088
p-00000650,4445089
p-00000651,4445090
p-00000652,4445091
p-00000653,4445092
p-00000654,4445093
p-00000655,4445094
p-00000656,4445095
p-00000657,4445096
p-00000658,4445097
p-00000659,4445098
p-00000660,4445099
p-00000661,4445100
p-00000662,4445101
p-00000663,4445102
p-00000664,4445103
p-00000665,4445104
p-00000666,4445105
p-00000667,4445106
p-00000668,4445107
p-00000669,4445108
p-00000670,4445109
p-00000671,4445110
p-00000672,4445111
p-00000673,4445112
p-00000674,4445113
p-00000675,4445114
p-00000676,4445115
p-00000677,4445116
p-00000678,4445117
p-00000679,4445118
p-00000680,4445119
p-00000681,4445120
p-00000682,4445121
p-00000683,4445122
p-00000684,4445123
p-00000685,4445124
p-00000686,4445125
p-00000687,4445126
p-00000688,4445127
p-00000689,4445128
p-00000690,4445129
p-00000691,4445130
p-00000692,4445131
p-00000693,4445132
p-00000694,4445133
p-00000695,4445134
p-00000696,4445135
p-00000697,4445136
p-00000698,4445137
p-00000699,4445138
p-00000700,4445139
p-00000701,4445140
p-00000702,4445141
p-00000703,4445142
p-00000704,4445143
p-00000705,4445144
p-00000706,4445145
p-00000707,4445146
p-00000708,4445147
p-00000709,4445148
p-00000710,4445149
p-00000711,4445150
p-00000712,4445151
p-00000713,4445152
p-00000714,4445153
p-00000715,4445154
p-00000716,4445155
p-00000717,4445156
p-00000718,4445157
p-00000719,4445158
p-00000720,4445159
p-00000721,4445160
p-00000722,4445161
p-00000723,4445162
p-00000724,4445163
p-00000725,4445164
p-00000726,4445165
p-00000727,4445166
p-00000728,4445167
p-00000729,4445168
p-00000730,4445169
p-00000731,4445170
p-00000732,4445171
p-00000733,4445172
p-00000734,4445173
p-00000735,4445174
p-00000736,4445175
p-00000737,4445176
p-00000738,4445177
p-00000739,4445178
p-00000740,4445179
p-00000741,4445180
p-00000742,4445181
p-00000743,4445182
p-00000744,4445183
p-00000745,4445184
p-00000746,4445185
p-00000747,4445186
p-00000748,4445187
p-00000749,4445188
p-00000750,4445189
p-00000751,4445190
p-00000752,4445191
p-00000753,4445192
p-00000754,4445193
p-00000755,4445194
p-00000756,4445195
p-00000757,4445196
p-00000758,4445197
p-00000759,4445198
p-00000760,4445199
p-00000761,4445200
p-00000762,4445201
p-00000763,4445202
p-00000764,4445203
p-00000765,4445204
p-00000766,4445205
p-00000767,4445206
p-00000768,4445207
p-00000769,4445208
p-00000770,4445209
p-00000771,4445210
p-00000772,4445211
p-00000773,4445212
p-00000774,4445213
p-00000775,4445214
p-00000776,4445215
p-00000777,4445216
p-00000778,4445217
p-00000779,4445218
p-00000780,4445219
p-00000781,4445220
p-00000782,4445221
p-00000783,4445222
p-00000784,4445223
p-00000785,4445224
p-00000786,4445225
p-00000787,4445226
p-00000788,4445227
p-00000789,4445228
p-00000790,4445229
p-00000791,4445230
p-00000792,4445231
p-00000793,4445232
p-00000794,4445233
p-00000795,4445234
p-00000796,4445235
p-00000797,4445236
p-00000798,4445237
p-00000799,4445238
p-00000800,4445239
p-00000801,4445240
p-00000802,4445241
p-00000803,4445242
p-00000804,4445243
p-00000805,4445244
p-00000806,4445245
p-00000807,4445246
p-00000808,4445247
p-00000809,4445248
p-00000810,4445249
p-00000811,4445250
p-00000812,4445251
p-00000813,4445252
p-00000814,4445253
p-00000815,4445254
p-00000816,4445255
p-00000817,4445256
p-00000818,4445257
p-00000819,4445258
p-00000820,4445259
p-00000821,4445260
p-00000822,4445261
p-00000823,4445262
p-00000824,4445263
p-00000825,4445264
p-00000826,4445265
p-00000827,4445266
p-00000828,4445267
p-00000829,4445268
p-00000830,4445269
p-00000831,4445270
p-00000832,4445271
p-00000833,4445272
p-00000834,4445273
p-00000835,4445274
p-00000836,4445275
p-00000837,4445276
p-00000838,4445277
p-00000839,4445278
p-00000840,4445279
p-00000841,4445280
p-00000842,4445281
p-00000843,4445282
p-00000844,4445283
p-00000845,4445284
p-00000846,4445285
p-00000847,4445286
p-00000848,4445287
p-00000849,4445288
p-00000850,4445289
p-00000851,4445290
p-00000852,4445291
p-00000853,4445292
p-00000854,4445293
p-00000855,4445294
p-00000856,4445295
p-00000857,4445296
p-00000858,4445297
p-00000859,4445298
p-00000860,4445299
p-00000861,4445300
p-00000862,4445301
p-00000863,4445302
p-00000864,4445303
p-00000865,4445304
p-00000866,4445305
p-00000867,4445306
p-00000868,4445307
p-00000869,4445308
p-00000870,4445309
p-00000871,4445310
p-00000872,4445311
p-00000873,4445312
p-00000874,4445313
p-00000875,4445314
p-00000876,4445315
p-00000877,4445316
p-00000878,4445317
p-00000879,4445318
p-00000880,4445319
p-00000881,4445320
p-00000882,4445321
p-00000883,4445322
p-00000884,4445323
p-00000885,4445324
p-00000886,4445325
p-00000887,4445326
p-00000888,4445327
p-00000889,4445328
p-00000890,4445329
p-00000891,4445330
p-00000892,4445331
p-00000893,4445332
p-00000894,4445333
p-00000895,4445334
p-00000896,4445335
p-00000897,4445336
p-00000898,4445337
p-00000899,4445338
p-00000900,4445339
p-00000901,4445340
p-00000902,4445341
p-00000903,4445342
p-00000904,4445343
p-00000905,4445344
p-00000906,4445345
p-00000907,4445346
p-00000908,4445347
p-00000909,4445348
p-00000910,4445349
p-00000911,4445350
p-00000912,4445351
p-00000913,4445352
p-00000914,4445353
p-00000915,4445354
p-00000916,4445355
p-00000917,4445356
p-00000918,4445357
p-00000919,4445358
p-00000920,4445359
p-00000921,4445360
p-00000922,4445361
p-00000923,4445362
p-00000924,4445363
p-00000925,4445364
p-00000926,4445365
p-00000927,4445366
p-00000928,4445367
p-00000929,4445368
p-00000930,4445369
p-00000931,4445370
p-00000932,4445371
p-00000933,4445372
p-00000934,4445373
p-00000935,4445374
p-00000936,4445375
p-00000937,4445376
p-00000938,4445377
p-00000939,4445378
p-00000940,4445379
p-00000941,4445380
p-00000942,4445381
p-00000943,4445382
p-00000944,4445383
p-00000945,4445384
p-00000946,4445385
p-00000947,4445386
p-00000948,4445387
p-00000949,4445388
p-00000950,4445389
p-00000951,4445390
p-00000952,4445391
p-00000953,4445392
p-00000954,4445393
p-00000955,4445394
p-00000956,4445395
p-00000957,4445396
p-00000958,4445397
p-00000959,4445398
p-00000960,4445399
p-00000961,4445400
p-00000962,4445401
p-00000963,4445402
p-00000964,4445403
p-00000965,4445404
p-00000966,4445405
p-00000967,4445406
p-00000968,4445407
p-00000969,4445408
p-00000970,4445409
p-00000971,4445410
p-00000972,4445411
p-00000973,4445412
p-00000974,4445413
p-00000975,4445414
p-00000976,4445415
p-00000977,4445416
p-00000978,4445417
p-00000979,4445418
p-00000980,4445419
p-00000981,4445420
p-00000982,4445421
p-00000983,4445422
p-00000984,4445423
p-00000985,4445424
p-00000986,4445425
p-00000987,4445426
p-00000988,4445427
p-00000989,4445428
p-00000990,4445429
p-00000991,4445430
p-00000992,4445431
p-00000993,4445432
p-00000994,4445433
p-00000995,4445434
p-00000996,4445435
p-00000997,4445436
p-00000998,4445437
p-00000999,4445438
p-00001000,4445439
p-00001001,4445440
p-00001002,4445441
p-00001003,4445442
p-00001004,4445443
p-00001005,4445444
p-00001006,4445445
p-00001007,4445446
p-00001008,4445447
p-00001009,4445448
p-00001010,4445449
p-00001011,4445450
p-00001012,4445451
p-00001013,4445452
p-00001014,4445453
p-00001015,4445454
p-00001016,4445455
p-00001017,4445456
p-00001018,4445457
p-00001019,4445458
p-00001020,4445459
p-00001021,4445460
p-00001022,4445461
p-00001023,4445462
p-00001024,4445463
p-00001025,4445464
p-00001026,4445465
p-00001027,4445466
p-00001028,4445467
p-00001029,4445468
p-00001030,4445469
p-00001031,4445470
p-00001032,4445471
p-00001033,4445472
p-00001034,4445473
p-00001035,4445474
p-00001036,4445475
p-00001037,4445476
p-00001038,4445477
p-00001039,4445478
p-00001040,4445479
p-00001041,4445480
p-00001042,4445481
p-00001043,4445482
p-00001044,4445483
p-00001045,4445484
p-00001046,4445485
p-00001047,4445486
p-00001048,4445487
p-00001049,4445488
p-00001050,4445489
p-00001051,4445490
p-00001052,4445491
p-00001053,4445492
p-00001054,4445493
p-00001055,4445494
p-00001056,4445495
p-00001057,4445496
p-00001058,4445497
p-00001059,4445498
p-00001060,4445499
p-00001061,4445500
p-00001062,4445501
p-00001063,4445502
p-00001064,4445503
p-00001065,4445504
p-00001066,4445505
p-00001067,4445506
p-00001068,4445507
p-00001069,4445508
p-00001070,4445509
p-00001071,4445510
p-00001072,4445511
p-00001073,4445512
p-00001074,4445513
p-00001075,4445514
p-00001076,4445515
p-00001077,4445516
p-00001078,4445517
p-00001079,4445518
p-00001080,4445519
p-00001081,4445520
p-00001082,4445521
p-00001083,4445522
p-00001084,4445523
p-00001085,4445524
p-00001086,4445525
p-00001087,4445526
p-00001088,4445527
p-00001089,4445528
p-00001090,4445529
p-00001091,4445530
p-00001092,4445531
p-00001093,4445532
p-00001094,4445533
p-00001095,4445534
p-00001096,4445535
p-00001097,4445536
p-00001098,4445537
p-00001099,4445538
p-00001100,4445539
p-00001101,4445540
p-00001102,4445541
p-00001103,4445542
p-00001104,4445543
p-00001105,4445544
p-00001106,4445545
p-00001107,4445546
p-00001108,4445547
p-00001109,4445548
p-00001110,4445549
p-00001111,4445550
p-00001112,4445551
p-00001113,4445552
p-00001114,4445553
p-00001115,4445554
p-00001116,4445555
p-00001117,4445556
p-00001118,4445557
p-00001119,4445558
p-00001120,4445559
p-00001121,4445560
p-00001122,4445561
p-00001123,4445562
p-00001124,4445563
p-00001125,4445564
p-00001126,4445565
p-00001127,4445566
p-00001128,4445567
p-00001129,4445568
p-00001130,4445569
p-00001131,4445570
p-00001132,4445571
p-00001133,4445572
p-00001134,4445573
p-00001135,4445574
p-00001136,4445575
p-00001137,4445576
p-00001138,4445577
p-00001139,4445578
p-00001140,4445579
p-00001141,4445580
p-00001142,4445581
p-00001143,4445582
p-00001144,4445583
p-00001145,4445584
p-00001146,4445585
p-00001147,4445586
p-00001148,4445587
p-00001149,4445588
p-00001150,4445589
p-00001151,4445590
p-00001152,4445591
p-00001153,4445592
p-00001154,4445593
p-00001155,4445594
p-00001156,4445595
p-00001157,4445596
p-00001158,4445597
p-00001159,4445598
p-00001160,4445599
p-00001161,4445600
p-00001162,4445601
p-00001163,4445602
p-00001164,4445603
p-00001165,4445604
p-00001166,4445605
p-00001167,4445606
p-00001168,4445607
p-00001169,4445608
p-00001170,4445609
p-00001171,4445610
p-00001172,4445611
p-00001173,4445612
p-00001174,4445613
p-00001175,4445614
p-00001176,4445615
p-00001177,4445616
p-00001178,4445617
p-00001179,4445618
p-00001180,4445619
p-00001181,4445620
p-00001182,4445621
p-00001183,4445622
p-00001184,4445623
p-00001185,4445624
p-00001186,4445625
p-00001187,4445626
p-00001188,4445627
p-00001189,4445628
p-00001190,4445629
p-00001191,4445630
p-00001192,4445631
p-00001193,4445632
p-00001194,4445633
p-00001195,4445634
p-00001196,4445635
p-00001197,4445636
p-00001198,4445637
p-00001199,4445638
p-00001200,4445639
p-00001201,4445640
p-00001202,4445641
p-00001203,4445642
p-00001204,4445643
p-00001205,4445644
p-00001206,4445645
p-00001207,4445646
p-00001208,4445647
p-00001209,4445648
p-00001210,4445649
p-00001211,4445650
p-00001212,4445651
p-00001213,4445652
p-00001214,4445653
p-00001215,4445654
p-00001216,4445655
p-00001217,4445656
p-00001218,4445657
p-00001219,4445658
p-00001220,4445659
p-00001221,4445660
p-00001222,4445661
p-00001223,4445662
p-00001224,4445663
p-00001225,4445664
p-00001226,4445665
p-00001227,4445666
p-00001228,4445667
p-00001229,4445668
p-00001230,4445669
p-00001231,4445670
p-00001232,4445671
p-00001233,4445672
p-00001234,4445673
p-00001235,4445674
p-00001236,4445675
p-00001237,4445676
p-00001238,4445677
p-00001239,4445678
p-00001240,4445679
p-00001241,4445680
p-00001242,4445681
p-00001243,4445682
p-00001244,4445683
p-00001245,4445684
p-00001246,4445685
p-00001247,4445686
p-00001248,4445687
p-00001249,4445688
p-00001250,4445689
p-00001251,4445690
p-00001252,4445691
p-00001253,4445692
p-00001254,4445693
p-00001255,4445694
p-00001256,4445695
p-00001257,4445696
p-00001258,4445697
p-00001259,4445698
p-00001260,4445699
p-00001261,4445700
p-00001262,4445701
p-00001263,4445702
p-00001264,4445703
p-00001265,4445704
p-00001266,4445705
p-00001267,4445706
p-00001268,4445707
p-00001269,4445708
p-00001270,4445709
p-00001271,4445710
p-00001272,4445711
p-00001273,4445712
p-00001274,4445713
p-00001275,4445714
p-00001276,4445715
p-00001277,4445716
p-00001278,4445717
p-00001279,4445718
p-00001280,4445719
p-00001281,4445720
p-00001282,4445721
p-00001283,4445722
p-00001284,4445723
p-00001285,4445724
p-00001286,4445725
p-00001287,4445726
p-00001288,4445727
p-00001289,4445728
p-00001290,4445729
p-00001291,4445730
p-00001292,4445731
p-00001293,4445732
p-00001294,4445733
p-00001295,4445734
p-00001296,4445735
p-00001297,4445736
p-00001298,4445737
p-00001299,4445738
p-00001300,4445739
p-00001301,4445740
p-00001302,4445741
p-00001303,4445742
p-00001304,4445743
p-00001305,4445744
p-00001306,4445745
p-00001307,4445746
p-00001308,4445747
p-00001309,4445748
p-00001310,4445749
p-00001311,4445750
p-00001312,4445751
p-00001313,4445752
p-00001314,4445753
p-00001315,4445754
p-00001316,4445755
p-00001317,4445756
p-00001318,4445757
p-00001319,4445758
p-00001320,4445759
p-00001321,4445760
p-00001322,4445761
p-00001323,4445762
p-00001324,4445763
p-00001325,4445764
p-00001326,4445765
p-00001327,4445766
p-00001328,4445767
p-00001329,4445768
p-00001330,4445769
p-00001331,4445770
p-00001332,4445771
p-00001333,4445772
p-00001334,4445773
p-00001335,4445774
p-00001336,4445775
p-00001337,4445776
p-00001338,4445777
p-00001339,4445778
p-00001340,4445779
p-00001341,4445780
p-00001342,4445781
p-00001343,4445782
p-00001344,4445783
p-00001345,4445784
p-00001346,4445785
p-00001347,4445786
p-00001348,4445787
p-00001349,4445788
p-00001350,4445789
p-00001351,4445790
p-00001352,4445791
p-00001353,4445792
p-00001354,4445793
p-00001355,4445794
p-00001356,4445795
p-00001357,4445796
p-00001358,4445797
p-00001359,4445798
p-00001360,4445799
p-00001361,4445800
p-00001362,4445801
p-00001363,4445802
p-00001364,4445803
p-00001365,4445804
p-00001366,4445805
p-00001367,4445806
p-00001368,4445807
p-00001369,4445808
p-00001370,4445809
p-00001371,4445810
p-00001372,4445811
p-00001373,4445812
p-00001374,4445813
p-00001375,4445814
p-00001376,4445815
p-00001377,4445816
p-00001378,4445817
p-00001379,4445818
p-00001380,4445819
p-00001381,4445820
p-00001382,4445821
p-00001383,4445822
p-00001384,4445823
p-00001385,4445824
p-00001386,4445825
p-00001387,4445826
p-00001388,4445827
p-00001389,4445828
p-00001390,4445829
p-00001391,4445830
p-00001392,4445831
p-00001393,4445832
p-00001394,4445833
p-00001395,4445834
p-00001396,4445835
p-00001397,4445836
p-00001398,4445837
p-00001399,4445838
p-00001400,4445839
p-00001401,4445840
p-00001402,4445841
p-00001403,4445842
p-00001404,4445843
p-00001405,4445844
p-00001406,4445845
p-00001407,4445846
p-00001408,4445847
p-00001409,4445848
p-00001410,4445849
p-00001411,4445850
p-00001412,4445851
p-00001413,4445852
p-00001414,4445853
p-00001415,4445854
p-00001416,4445855
p-00001417,4445856
p-00001418,4445857
p-00001419,4445858
p-00001420,4445859
p-00001421,4445860
p-00001422,4445861
p-00001423,4445862
p-00001424,4445863
p-00001425,4445864
p-00001426,4445865
p-00001427,4445866
p-00001428,4445867
p-00001429,4445868
p-00001430,4445869
p-00001431,4445870
p-00001432,4445871
p-00001433,4445872
p-00001434,4445873
p-00001435,4445874
p-00001436,4445875
p-00001437,4445876
p-00001438,4445877
p-00001439,4445878
p-00001440,4445879
p-00001441,4445880
p-00001442,4445881
p-00001443,4445882
p-00001444,4445883
p-00001445,4445884
p-00001446,4445885
p-00001447,4445886
p-00001448,4445887
p-00001449,4445888
p-00001450,4445889
p-00001451,4445890
p-00001452,4445891
p-00001453,4445892
p-00001454,4445893
p-00001455,4445894
p-00001456,4445895
p-00001457,4445896
p-00001458,4445897
p-00001459,4445898
p-00001460,4445899
p-00001461,4445900
p-00001462,4445901
p-00001463,4445902
p-00001464,4445903
p-00001465,4445904
p-00001466,4445905
p-00001467,4445906
p-00001468,4445907
p-00001469,4445908
p-00001470,4445909
p-00001471,4445910
p-00001472,4445911
p-00001473,4445912
p-00001474,4445913
p-00001475,4445914
p-00001476,4445915
p-00001477,4445916
p-00001478,4445917
p-00001479,4445918
p-00001480,4445919
p-00001481,4445920
p-00001482,4445921
p-00001483,4445922
p-00001484,4445923
p-00001485,4445924
p-00001486,4445925
p-00001487,4445926
p-00001488,4445927
p-00001489,4445928
p-00001490,4445929
p-00001491,4445930
p-00001492,4445931
p-00001493,4445932
p-00001494,4445933
p-00001495,4445934
p-00001496,4445935
p-00001497,4445936
p-00001498,4445937
p-00001499,4445938
p-00001500,4445939
p-00001501,4445940
p-00001502,4445941
p-00001503,4445942
p-00001504,4445943
p-00001505,4445944
p-00001506,4445945
p-00001507,4445946
p-00001508,4445947
p-00001509,4445948
p-00001510,4445949
p-00001511,4445950
p-00001512,4445951
p-00001513,4445952
p-00001514,4445953
p-00001515,4445954
p-00001516,4445955
p-00001517,4445956
p-00001518,4445957
p-00001519,4445958
p-00001520,4445959
p-00001521,4445960
p-00001522,4445961
p-00001523,4445962
p-00001524,4445963
p-00001525,4445964
p-00001526,4445965
p-00001527,4445966
p-00001528,4445967
p-00001529,4445968
p-00001530,4445969
p-00001531,4445970
p-00001532,4445971
p-00001533,4445972
p-00001534,4445973
p-00001535,4445974
p-00001536,4445975
p-00001537,4445976
p-00001538,4445977
p-00001539,4445978
p-00001540,4445979
p-00001541,4445980
p-00001542,4445981
p-00001543,4445982
p-00001544,4445983
p-00001545,4445984
p-00001546,4445985
p-00001547,4445986
p-00001548,4445987
p-00001549,4445988
p-00001550,4445989
p-00001551,4445990
p-00001552,4445991
p-00001553,4445992
p-00001554,4445993
p-00001555,4445994
p-00001556,4445995
p-00001557,4445996
p-00001558,4445997
p-00001559,4445998
p-00001560,4445999
p-00001561,4446000
p-00001562,4446001
p-00001563,4446002
p-00001564,4446003
p-00001565,4446004
p-00001566,4446005
p-00001567,4446006
p-00001568,4446007
p-00001569,4446008
p-00001570,4446009
p-00001571,4446010
p-00001572,4446011
p-00001573,4446012
p-00001574,4446013
p-00001575,4446014
p-00001576,4446015
p-00001577,4446016
p-00001578,4446017
p-00001579,4446018
p-00001580,4446019
p-00001581,4446020
p-00001582,4446021
p-00001583,4446022
p-00001584,4446023
p-00001585,4446024
p-00001586,4446025
p-00001587,4446026
p-00001588,4446027
p-00001589,4446028
p-00001590,4446029
p-00001591,4446030
p-00001592,4446031
p-00001593,4446032
p-00001594,4446033
p-00001595,4446034
p-00001596,4446035
p-00001597,4446036
p-00001598,4446037
p-00001599,4446038
p-00001600,4446039
p-00001601,4446040
p-00001602,4446041
p-00001603,4446042
p-00001604,4446043
p-00001605,4446044
p-00001606,4446045
p-00001607,4446046
p-00001608,4446047
p-00001609,4446048
p-00001610,4446049
p-00001611,4446050
p-00001612,4446051
p-00001613,4446052
p-00001614,4446053
p-00001615,4446054
p-00001616,4446055
p-00001617,4446056
p-00001618,4446057
p-00001619,4446058
p-00001620,4446059
p-00001621,4446060
p-00001622,4446061
p-00001623,4446062
p-00001624,4446063
p-00001625,4446064
p-00001626,4446065
p-00001627,4446066
p-00001628,4446067
p-00001629,4446068
p-00001630,4446069
p-00001631,4446070
p-00001632,4446071
p-00001633,4446072
p-00001634,4446073
p-00001635,4446074
p-00001636,4446075
p-00001637,4446076
p-00001638,4446077
p-00001639,4446078
p-00001640,4446079
p-00001641,4446080
p-00001642,4446081
p-00001643,4446082
p-00001644,4446083
p-00001645,4446084
p-00001646,4446085
p-00001647,4446086
p-00001648,4446087
p-00001649,4446088
p-00001650,4446089
p-00001651,4446090
p-00001652,4446091
p-00001653,4446092
p-00001654,4446093
p-00001655,4446094
p-00001656,4446095
p-00001657,4446096
p-00001658,4446097
p-00001659,4446098
p-00001660,4446099
p-00001661,4446100
p-00001662,4446101
p-00001663,4446102
p-00001664,4446103
p-00001665,4446104
p-00001666,4446105
p-00001667,4446106
p-00001668,4446107
p-00001669,4446108
p-00001670,4446109
p-00001671,4446110
p-00001672,4446111
p-00001673,4446112
p-00001674,4446113
p-00001675,4446114
p-00001676,4446115
p-00001677,4446116
p-00001678,4446117
p-00001679,4446118
p-00001680,4446119
p-00001681,4446120
p-00001682,4446121
p-00001683,4446122
p-00001684,4446123
p-00001685,4446124
p-00001686,4446125
p-00001687,4446126
p-00001688,4446127
p-00001689,4446128
p-00001690,4446129
p-00001691,4446130
p-00001692,4446131
p-00001693,4446132
p-00001694,4446133
p-00001695,4446134
p-00001696,4446135
p-00001697,4446136
p-00001698,4446137
p-00001699,4446138
p-00001700,4446139
p-00001701,4446140
p-00001702,4446141
p-00001703,4446142
p-00001704,4446143
p-00001705,4446144
p-00001706,4446145
p-00001707,4446146
p-00001708,4446147
p-00001709,4446148
p-00001710,4446149
p-00001711,4446150
p-00001712,4446151
p-00001713,4446152
p-00001714,4446153
p-00001715,4446154
p-00001716,4446155
p-00001717,4446156
p-00001718,4446157
p-00001719,4446158
p-00001720,4446159
p-00001721,4446160
p-00001722,4446161
p-00001723,4446162
p-00001724,4446163
p-00001725,4446164
p-00001726,4446165
p-00001727,4446166
p-00001728,4446167
p-00001729,4446168
p-00001730,4446169
p-00001731,4446170
p-00001732,4446171
p-00001733,4446172
p-00001734,4446173
p-00001735,4446174
p-00001736,4446175
p-00001737,4446176
p-00001738,4446177
p-00001739,4446178
p-00001740,4446179
p-00001741,4446180
p-00001742,4446181
p-00001743,4446182
p-00001744,4446183
p-00001745,4446184
p-00001746,4446185
p-00001747,4446186
p-00001748,4446187
p-00001749,4446188
p-00001750,4446189
p-00001751,4446190
p-00001752,4446191
p-00001753,4446192
p-00001754,4446193
p-00001755,4446194
p-00001756,4446195
p-00001757,4446196
p-00001758,4446197
p-00001759,4446198
p-00001760,4446199
p-00001761,4446200
p-00001762,4446201
p-00001763,4446202
p-00001764,4446203
p-00001765,4446204
p-00001766,4446205
p-00001767,4446206
p-00001768,4446207
p-00001769,4446208
p-00001770,4446209
p-00001771,4446210
p-00001772,4446211
p-00001773,4446212
p-00001774,4446213
p-00001775,4446214
p-00001776,4446215
p-00001777,4446216
p-00001778,4446217
p-00001779,4446218
p-00001780,4446219
p-00001781,4446220
p-00001782,4446221
p-00001783,4446222
p-00001784,4446223
p-00001785,4446224
p-00001786,4446225
p-00001787,4446226
p-00001788,4446227
p-00001789,4446228
p-00001790,4446229
p-00001791,4446230
p-00001792,4446231
p-00001793,4446232
p-00001794,4446233
p-00001795,4446234
p-00001796,4446235
p-00001797,4446236
p-00001798,4446237
p-00001799,4446238
p-00001800,4446239
p-00001801,4446240
p-00001802,4446241
p-00001803,4446242
p-00001804,4446243
p-00001805,4446244
p-00001806,4446245
p-00001807,4446246
p-00001808,4446247
p-00001809,4446248
p-00001810,4446249
p-00001811,4446250
p-00001812,4446251
p-00001813,4446252
p-00001814,4446253
p-00001815,4446254
p-00001816,4446255
p-00001817,4446256
p-00001818,4446257
p-00001819,4446258
p-00001820,4446259
p-00001821,4446260
p-00001822,4446261
p-00001823,4446262
p-00001824,4446263
p-00001825,4446264
p-00001826,4446265
p-00001827,4446266
p-00001828,4446267
p-00001829,4446268
p-00001830,4446269
p-00001831,4446270
p-00001832,4446271
p-00001833,4446272
p-00001834,4446273
p-00001835,4446274
p-00001836,4446275
p-00001837,4446276
p-00001838,4446277
p-00001839,4446278
p-00001840,4446279
p-00001841,4446280
p-00001842,4446281
p-00001843,4446282
p-00001844,4446283
p-00001845,4446284
p-00001846,4446285
p-00001847,4446286
p-00001848,4446287
p-00001849,4446288
p-00001850,4446289
p-00001851,4446290
p-00001852,4446291
p-00001853,4446292
p-00001854,4446293
p-00001855,4446294
p-00001856,4446295
p-00001857,4446296
p-00001858,4446297
p-00001859,4446298
p-00001860,4446299
p-00001861,4446300
p-00001862,4446301
p-00001863,4446302
p-00001864,4446303
p-00001865,4446304
p-00001866,4446305
p-00001867,4446306
p-00001868,4446307
p-00001869,4446308
p-00001870,4446309
p-00001871,4446310
p-00001872,4446311
p-00001873,4446312
p-00001874,4446313
p-00001875,4446314
p-00001876,4446315
p-00001877,4446316
p-00001878,4446317
p-00001879,4446318
p-00001880,4446319
p-00001881,4446320
p-00001882,4446321
p-00001883,4446322
p-00001884,4446323
p-00001885,4446324
p-00001886,4446325
p-00001887,4446326
p-00001888,4446327
p-00001889,4446328
p-00001890,4446329
p-00001891,4446330
p-00001892,4446331
p-00001893,4446332
p-00001894,4446333
p-00001895,4446334
p-00001896,4446335
p-00001897,4446336
p-00001898,4446337
p-00001899,4446338
p-00001900,4446339
p-00001901,4446340
p-00001902,4446341
p-00001903,4446342
p-00001904,4446343
p-00001905,4446344
p-00001906,4446345
p-00001907,4446346
p-00001908,4446347
p-00001909,4446348
p-00001910,4446349
p-00001911,4446350
p-00001912,4446351
p-00001913,4446352
p-00001914,4446353
p-00001915,4446354
p-00001916,4446355
p-00001917,4446356
p-00001918,4446357
p-00001919,4446358
p-00001920,4446359
p-00001921,4446360
p-00001922,4446361
p-00001923,4446362
p-00001924,4446363
p-00001925,4446364
p-00001926,4446365
p-00001927,4446366
p-00001928,4446367
p-00001929,4446368
p-00001930,4446369
p-00001931,4446370
p-00001932,4446371
p-00001933,4446372
p-00001934,4446373
p-00001935,4446374
p-00001936,4446375
p-00001937,4446376
p-00001938,4446377
p-00001939,4446378
p-00001940,4446379
p-00001941,4446380
p-00001942,4446381
p-00001943,4446382
p-00001944,4446383
p-00001945,4446384
p-00001946,4446385
p-00001947,4446386
p-00001948,4446387
p-00001949,4446388
p-00001950,4446389
p-00001951,4446390
p-00001952,4446391
p-00001953,4446392
p-00001954,4446393
p-00001955,4446394
p-00001956,4446395
p-00001957,4446396
p-00001958,4446397
p-00001959,4446398
p-00001960,4446399
p-00001961,4446400
p-00001962,4446401
p-00001963,4446402
p-00001964,4446403
p-00001965,4446404
p-00001966,4446405
p-00001967,4446406
p-00001968,4446407
p-00001969,4446408
p-00001970,4446409
p-00001971,4446410
p-00001972,4446411
p-00001973,4446412
p-00001974,4446413
p-00001975,4446414
p-00001976,4446415
p-00001977,4446416
p-00001978,4446417
p-00001979,4446418
p-00001980,4446419
p-00001981,4446420
p-00001982,4446421
p-00001983,4446422
p-00001984,4446423
p-00001985,4446424
p-00001986,4446425
p-00001987,4446426
p-00001988,4446427
p-00001989,4446428
p-00001990,4446429
p-00001991,4446430
p-00001992,4446431
p-00001993,4446432
p-00001994,4446433
p-00001995,4446434
p-00001996,4446435
p-00001997,4446436
p-00001998,4446437
p-00001999,4446438
p-00002000,4446439
p-00002001,4446440
p-00002002,4446441
p-00002003,4446442
p-00002004,4446443
