codigo,tarjeta,vent
SELL-10,4444444,10
SELL-11,4444445,11
SELL-12,4444446,12
SELL-13,4444447,13
SELL-14,4444448,14
SELL-15,4444449,15
SELL-16,4444450,16
SELL-17,4444451,17
SELL-18,4444452,18
SELL-19,4444453,19
SELL-20,4444454,20
SELL-21,4444455,21
SELL-22,4444456,22
SELL-23,4444457,23
SELL-24,4444458,24
SELL-25,4444459,25
SELL-26,4444460,26
SELL-27,4444461,27
SELL-28,4444462,28
SELL-29,4444463,29
SELL-30,4444464,30
SELL-31,4444465,31
SELL-32,4444466,32
SELL-33,4444467,33
SELL-34,4444468,34
SELL-35,4444469,35
SELL-36,4444470,36
SELL-37,4444471,37
SELL-38,4444472,38
SELL-39,4444473,39
SELL-40,4444474,40
SELL-41,4444475,41
SELL-42,4444476,42
SELL-43,4444477,43
SELL-44,4444478,44
SELL-45,4444479,45
SELL-46,4444480,46
SELL-47,4444481,47
SELL-48,4444482,48
SELL-49,4444483,49
SELL-50,4444484,50
SELL-51,4444485,51
SELL-52,4444486,52
SELL-53,4444487,53
SELL-54,4444488,54
SELL-55,4444489,55
SELL-56,4444490,56
SELL-57,4444491,57
SELL-58,4444492,58
SELL-59,4444493,59
SELL-60,4444494,60
SELL-61,4444495,61
SELL-62,4444496,62
SELL-63,4444497,63
SELL-64,4444498,64
SELL-65,4444499,65
SELL-66,4444500,66
SELL-67,4444501,67
SELL-68,4444502,68
SELL-69,4444503,69
SELL-70,4444504,70
SELL-71,4444505,71
SELL-72,4444506,72
SELL-73,4444507,73
SELL-74,4444508,74
SELL-75,4444509,75
SELL-76,4444510,76
SELL-77,4444511,77
SELL-78,4444512,78
SELL-79,4444513,79
SELL-80,4444514,80
SELL-81,4444515,81
SELL-82,4444516,82
SELL-83,4444517,83
SELL-84,4444518,84
SELL-85,4444519,85
SELL-86,4444520,86
SELL-87,4444521,87
SELL-88,4444522,88
SELL-89,4444523,89
SELL-90,4444524,90
SELL-91,4444525,91
SELL-92,4444526,92
SELL-93,4444527,93
SELL-94,4444528,94
SELL-95,4444529,95
SELL-96,4444530,96
SELL-97,4444531,97
SELL-98,4444532,98
SELL-99,4444533,99
SELL-100,4444534,100
SELL-101,4444535,101
SELL-102,4444536,102
SELL-103,4444537,103
SELL-104,4444538,104
SELL-105,4444539,105
SELL-106,4444540,106
SELL-107,4444541,107
SELL-108,4444542,108
SELL-109,4444543,109
SELL-110,4444544,110
SELL-111,4444545,111
SELL-112,4444546,112
SELL-113,4444547,113
SELL-114,4444548,114
SELL-115,4444549,115
SELL-116,4444550,116
SELL-117,4444551,117
SELL-118,4444552,118
SELL-119,4444553,119
SELL-120,4444554,120
SELL-121,4444555,121
SELL-122,4444556,122
SELL-123,4444557,123
SELL-124,4444558,124
SELL-125,4444559,125
SELL-126,4444560,126
SELL-127,4444561,127
SELL-128,4444562,128
SELL-129,4444563,129
SELL-130,4444564,130
SELL-131,4444565,131
SELL-132,4444566,132
SELL-133,4444567,133
SELL-134,4444568,134
SELL-135,4444569,135
SELL-136,4444570,136
SELL-137,4444571,137
SELL-138,4444572,138
SELL-139,4444573,139
SELL-140,4444574,140
SELL-141,4444575,141
SELL-142,4444576,142
SELL-143,4444577,143
SELL-144,4444578,144
SELL-145,4444579,145
SELL-146,4444580,146
SELL-147,4444581,147
SELL-148,4444582,148
SELL-149,4444583,149
SELL-150,4444584,150
SELL-151,4444585,151
SELL-152,4444586,152
SELL-153,4444587,153
SELL-154,4444588,154
SELL-155,4444589,155
SELL-156,4444590,156
SELL-157,4444591,157
SELL-158,4444592,158
SELL-159,4444593,159
SELL-160,4444594,160
SELL-161,4444595,161
SELL-162,4444596,162
SELL-163,4444597,163
SELL-164,4444598,164
SELL-165,4444599,165
SELL-166,4444600,166
SELL-167,4444601,167
SELL-168,4444602,168
SELL-169,4444603,169
SELL-170,4444604,170
SELL-171,4444605,171
SELL-172,4444606,172
SELL-173,4444607,173
SELL-174,4444608,174
SELL-175,4444609,175
SELL-176,4444610,176
SELL-177,4444611,177
SELL-178,4444612,178
SELL-179,4444613,179
SELL-180,4444614,180
SELL-181,4444615,181
SELL-182,4444616,182
SELL-183,4444617,183
SELL-184,4444618,184
SELL-185,4444619,185
SELL-186,4444620,186
SELL-187,4444621,187
SELL-188,4444622,188
SELL-189,4444623,189
SELL-190,4444624,190
SELL-191,4444625,191
SELL-192,4444626,192
SELL-193,4444627,193
SELL-194,4444628,194
SELL-195,4444629,195
SELL-196,4444630,196
SELL-197,4444631,197
SELL-198,4444632,198
SELL-199,4444633,199
SELL-200,4444634,200
SELL-201,4444635,201
SELL-202,4444636,202
SELL-203,4444637,203
SELL-204,4444638,204
SELL-205,4444639,205
SELL-206,4444640,206
SELL-207,4444641,207
SELL-208,4444642,208
SELL-209,4444643,209
SELL-210,4444644,210
SELL-211,4444645,211
SELL-212,4444646,212
SELL-213,4444647,213
SELL-214,4444648,214
SELL-215,4444649,215
SELL-216,4444650,216
SELL-217,4444651,217
SELL-218,4444652,218
SELL-219,4444653,219
SELL-220,4444654,220
SELL-221,4444655,221
SELL-222,4444656,222
SELL-223,4444657,223
SELL-224,4444658,224
SELL-225,4444659,225
SELL-226,4444660,226
SELL-227,4444661,227
SELL-228,4444662,228
SELL-229,4444663,229
SELL-230,4444664,230
SELL-231,4444665,231
SELL-232,4444666,232
SELL-233,4444667,233
SELL-234,4444668,234
SELL-235,4444669,235
SELL-236,4444670,236
SELL-237,4444671,237
SELL-238,4444672,238
SELL-239,4444673,239
SELL-240,4444674,240
SELL-241,4444675,241
SELL-242,4444676,242
SELL-243,4444677,243
SELL-244,4444678,244
SELL-245,4444679,245
SELL-246,4444680,246
SELL-247,4444681,247
SELL-248,4444682,248
SELL-249,4444683,249
SELL-250,4444684,250
SELL-251,4444685,251
SELL-252,4444686,252
SELL-253,4444687,253
SELL-254,4444688,254
SELL-255,4444689,255
SELL-256,4444690,256
SELL-257,4444691,257
SELL-258,4444692,258
SELL-259,4444693,259
SELL-260,4444694,260
SELL-261,4444695,261
SELL-262,4444696,262
SELL-263,4444697,263
SELL-264,4444698,264
SELL-265,4444699,265
SELL-266,4444700,266
SELL-267,4444701,267
SELL-268,4444702,268
SELL-269,4444703,269
SELL-270,4444704,270
SELL-271,4444705,271
SELL-272,4444706,272
SELL-273,4444707,273
SELL-274,4444708,274
SELL-275,4444709,275
SELL-276,4444710,276
SELL-277,4444711,277
SELL-278,4444712,278
SELL-279,4444713,279
SELL-280,4444714,280
SELL-281,4444715,281
SELL-282,4444716,282
SELL-283,4444717,283
SELL-284,4444718,284
SELL-285,4444719,285
SELL-286,4444720,286
SELL-287,4444721,287
SELL-288,4444722,288
SELL-289,4444723,289
SELL-290,4444724,290
SELL-291,4444725,291
SELL-292,4444726,292
SELL-293,4444727,293
SELL-294,4444728,294
SELL-295,4444729,295
SELL-296,4444730,296
SELL-297,4444731,297
SELL-298,4444732,298
SELL-299,4444733,299
SELL-300,4444734,300
SELL-301,4444735,301
SELL-302,4444736,302
SELL-303,4444737,303
SELL-304,4444738,304
SELL-305,4444739,305
SELL-306,4444740,306
SELL-307,4444741,307
SELL-308,4444742,308
SELL-309,4444743,309
SELL-310,4444744,310
SELL-311,4444745,311
SELL-312,4444746,312
SELL-313,4444747,313
SELL-314,4444748,314
SELL-315,4444749,315
SELL-316,4444750,316
SELL-317,4444751,317
SELL-318,4444752,318
SELL-319,4444753,319
SELL-320,4444754,320
SELL-321,4444755,321
SELL-322,4444756,322
SELL-323,4444757,323
SELL-324,4444758,324
SELL-325,4444759,325
SELL-326,4444760,326
SELL-327,4444761,327
SELL-328,4444762,328
SELL-329,4444763,329
SELL-330,4444764,330
SELL-331,4444765,331
SELL-332,4444766,332
SELL-333,4444767,333
SELL-334,4444768,334
SELL-335,4444769,335
SELL-336,4444770,336
SELL-337,4444771,337
SELL-338,4444772,338
SELL-339,4444773,339
SELL-340,4444774,340
SELL-341,4444775,341
SELL-342,4444776,342
SELL-343,4444777,343
SELL-344,4444778,344
SELL-345,4444779,345
SELL-346,4444780,346
SELL-347,4444781,347
SELL-348,4444782,348
SELL-349,4444783,349
SELL-350,4444784,350
SELL-351,4444785,351
SELL-352,4444786,352
SELL-353,4444787,353
SELL-354,4444788,354
SELL-355,4444789,355
SELL-356,4444790,356
SELL-357,4444791,357
SELL-358,4444792,358
SELL-359,4444793,359
SELL-360,4444794,360
SELL-361,4444795,361
SELL-362,4444796,362
SELL-363,4444797,363
SELL-364,4444798,364
SELL-365,4444799,365
SELL-366,4444800,366
SELL-367,4444801,367
SELL-368,4444802,368
SELL-369,4444803,369
SELL-370,4444804,370
SELL-371,4444805,371
SELL-372,4444806,372
SELL-373,4444807,373
SELL-374,4444808,374
SELL-375,4444809,375
SELL-376,4444810,376
SELL-377,4444811,377
SELL-378,4444812,378
SELL-379,4444813,379
SELL-380,4444814,380
SELL-381,4444815,381
SELL-382,4444816,382
SELL-383,4444817,383
SELL-384,4444818,384
SELL-385,4444819,385
SELL-386,4444820,386
SELL-387,4444821,387
SELL-388,4444822,388
SELL-389,4444823,389
SELL-390,4444824,390
SELL-391,4444825,391
SELL-392,4444826,392
SELL-393,4444827,393
SELL-394,4444828,394
SELL-395,4444829,395
SELL-396,4444830,396
SELL-397,4444831,397
SELL-398,4444832,398
SELL-399,4444833,399
SELL-400,4444834,400
SELL-401,4444835,401
SELL-402,4444836,402
SELL-403,4444837,403
SELL-404,4444838,404
SELL-405,4444839,405
SELL-406,4444840,406
SELL-407,4444841,407
SELL-408,4444842,408
SELL-409,4444843,409
SELL-410,4444844,410
SELL-411,4444845,411
SELL-412,4444846,412
SELL-413,4444847,413
SELL-414,4444848,414
SELL-415,4444849,415
SELL-416,4444850,416
SELL-417,4444851,417
SELL-418,4444852,418
SELL-419,4444853,419
SELL-420,4444854,420
SELL-421,4444855,421
SELL-422,4444856,422
SELL-423,4444857,423
SELL-424,4444858,424
SELL-425,4444859,425
SELL-426,4444860,426
SELL-427,4444861,427
SELL-428,4444862,428
SELL-429,4444863,429
SELL-430,4444864,430
SELL-431,4444865,431
SELL-432,4444866,432
SELL-433,4444867,433
SELL-434,4444868,434
SELL-435,4444869,435
SELL-436,4444870,436
SELL-437,4444871,437
SELL-438,4444872,438
SELL-439,4444873,439
SELL-440,4444874,440
SELL-441,4444875,441
SELL-442,4444876,442
SELL-443,4444877,443
SELL-444,4444878,444
SELL-445,4444879,445
SELL-446,4444880,446
SELL-447,4444881,447
SELL-448,4444882,448
SELL-449,4444883,449
SELL-450,4444884,450
SELL-451,4444885,451
SELL-452,4444886,452
SELL-453,4444887,453
SELL-454,4444888,454
SELL-455,4444889,455
SELL-456,4444890,456
SELL-457,4444891,457
SELL-458,4444892,458
SELL-459,4444893,459
SELL-460,4444894,460
SELL-461,4444895,461
SELL-462,4444896,462
SELL-463,4444897,463
SELL-464,4444898,464
SELL-465,4444899,465
SELL-466,4444900,466
SELL-467,4444901,467
SELL-468,4444902,468
SELL-469,4444903,469
SELL-470,4444904,470
SELL-471,4444905,471
SELL-472,4444906,472
SELL-473,4444907,473
SELL-474,4444908,474
SELL-475,4444909,475
SELL-476,4444910,476
SELL-477,4444911,477
SELL-478,4444912,478
SELL-479,4444913,479
SELL-480,4444914,480
SELL-481,4444915,481
SELL-482,4444916,482
SELL-483,4444917,483
SELL-484,4444918,484
SELL-485,4444919,485
SELL-486,4444920,486
SELL-487,4444921,487
SELL-488,4444922,488
SELL-489,4444923,489
SELL-490,4444924,490
SELL-491,4444925,491
SELL-492,4444926,492
SELL-493,4444927,493
SELL-494,4444928,494
SELL-495,4444929,495
SELL-496,4444930,496
SELL-497,4444931,497
SELL-498,4444932,498
SELL-499,4444933,499
SELL-500,4444934,500
SELL-501,4444935,501
SELL-502,4444936,502
SELL-503,4444937,503
SELL-504,4444938,504
SELL-505,4444939,505
SELL-506,4444940,506
SELL-507,4444941,507
SELL-508,4444942,508
SELL-509,4444943,509
SELL-510,4444944,510
SELL-511,4444945,511
SELL-512,4444946,512
SELL-513,4444947,513
SELL-514,4444948,514
SELL-515,4444949,515
SELL-516,4444950,516
SELL-517,4444951,517
SELL-518,4444952,518
SELL-519,4444953,519
SELL-520,4444954,520
SELL-521,4444955,521
SELL-522,4444956,522
SELL-523,4444957,523
SELL-524,4444958,524
SELL-525,4444959,525
SELL-526,4444960,526
SELL-527,4444961,527
SELL-528,4444962,528
SELL-529,4444963,529
SELL-530,4444964,530
SELL-531,4444965,531
SELL-532,4444966,532
SELL-533,4444967,533
SELL-534,4444968,534
SELL-535,4444969,535
SELL-536,4444970,536
SELL-537,4444971,537
SELL-538,4444972,538
SELL-539,4444973,539
SELL-540,4444974,540
SELL-541,4444975,541
SELL-542,4444976,542
SELL-543,4444977,543
SELL-544,4444978,544
SELL-545,4444979,545
SELL-546,4444980,546
SELL-547,4444981,547
SELL-548,4444982,548
SELL-549,4444983,549
SELL-550,4444984,550
SELL-551,4444985,551
SELL-552,4444986,552
SELL-553,4444987,553
SELL-554,4444988,554
SELL-555,4444989,555
SELL-556,4444990,556
SELL-557,4444991,557
SELL-558,4444992,558
SELL-559,4444993,559
SELL-560,4444994,560
SELL-561,4444995,561
SELL-562,4444996,562
SELL-563,4444997,563
SELL-564,4444998,564
SELL-565,4444999,565
SELL-566,4445000,566
SELL-567,4445001,567
SELL-568,4445002,568
SELL-569,4445003,569
SELL-570,4445004,570
SELL-571,4445005,571
SELL-572,4445006,572
SELL-573,4445007,573
SELL-574,4445008,574
SELL-575,4445009,575
SELL-576,4445010,576
SELL-577,4445011,577
SELL-578,4445012,578
SELL-579,4445013,579
SELL-580,4445014,580
SELL-581,4445015,581
SELL-582,4445016,582
SELL-583,4445017,583
SELL-584,4445018,584
SELL-585,4445019,585
SELL-586,4445020,586
SELL-587,4445021,587
SELL-588,4445022,588
SELL-589,4445023,589
SELL-590,4445024,590
SELL-591,4445025,591
SELL-592,4445026,592
SELL-593,4445027,593
SELL-594,4445028,594
SELL-595,4445029,595
SELL-596,4445030,596
SELL-597,4445031,597
SELL-598,4445032,598
SELL-599,4445033,599
SELL-600,4445034,600
SELL-601,4445035,601
SELL-602,4445036,602
SELL-603,4445037,603
SELL-604,4445038,604
SELL-605,4445039,605
SELL-606,4445040,606
SELL-607,4445041,607
SELL-608,4445042,608
SELL-609,4445043,609
SELL-610,4445044,610
SELL-611,4445045,611
SELL-612,4445046,612
SELL-613,4445047,613
SELL-614,4445048,614
SELL-615,4445049,615
SELL-616,4445050,616
SELL-617,4445051,617
SELL-618,4445052,618
SELL-619,4445053,619
SELL-620,4445054,620
SELL-621,4445055,621
SELL-622,4445056,622
SELL-623,4445057,623
SELL-624,4445058,624
SELL-625,4445059,625
SELL-626,4445060,626
SELL-627,4445061,627
SELL-628,4445062,628
SELL-629,4445063,629
SELL-630,4445064,630
SELL-631,4445065,631
SELL-632,4445066,632
SELL-633,4445067,633
SELL-634,4445068,634
SELL-635,4445069,635
SELL-636,4445070,636
SELL-637,4445071,637
SELL-638,4445072,638
SELL-639,4445073,639
SELL-640,4445074,640
SELL-641,4445075,641
SELL-642,4445076,642
SELL-643,4445077,643
SELL-644,4445078,644
SELL-645,4445079,645
SELL-646,4445080,646
SELL-647,4445081,647
SELL-648,4445082,648
SELL-649,4445083,649
SELL-650,4445084,650
SELL-651,4445085,651
SELL-652,4445086,652
SELL-653,4445087,653
SELL-654,4445088,654
SELL-655,4445089,655
SELL-656,4445090,656
SELL-657,4445091,657
SELL-658,4445092,658
SELL-659,4445093,659
SELL-660,4445094,660
SELL-661,4445095,661
SELL-662,4445096,662
SELL-663,4445097,663
SELL-664,4445098,664
SELL-665,4445099,665
SELL-666,4445100,666
SELL-667,4445101,667
SELL-668,4445102,668
SELL-669,4445103,669
SELL-670,4445104,670
SELL-671,4445105,671
SELL-672,4445106,672
SELL-673,4445107,673
SELL-674,4445108,674
SELL-675,4445109,675
SELL-676,4445110,676
SELL-677,4445111,677
SELL-678,4445112,678
SELL-679,4445113,679
SELL-680,4445114,680
SELL-681,4445115,681
SELL-682,4445116,682
SELL-683,4445117,683
SELL-684,4445118,684
SELL-685,4445119,685
SELL-686,4445120,686
SELL-687,4445121,687
SELL-688,4445122,688
SELL-689,4445123,689
SELL-690,4445124,690
SELL-691,4445125,691
SELL-692,4445126,692
SELL-693,4445127,693
SELL-694,4445128,694
SELL-695,4445129,695
SELL-696,4445130,696
SELL-697,4445131,697
SELL-698,4445132,698
SELL-699,4445133,699
SELL-700,4445134,700
SELL-701,4445135,701
SELL-702,4445136,702
SELL-703,4445137,703
SELL-704,4445138,704
SELL-705,4445139,705
SELL-706,4445140,706
SELL-707,4445141,707
SELL-708,4445142,708
SELL-709,4445143,709
SELL-710,4445144,710
SELL-711,4445145,711
SELL-712,4445146,712
SELL-713,4445147,713
SELL-714,4445148,714
SELL-715,4445149,715
SELL-716,4445150,716
SELL-717,4445151,717
SELL-718,4445152,718
SELL-719,4445153,719
SELL-720,4445154,720
SELL-721,4445155,721
SELL-722,4445156,722
SELL-723,4445157,723
SELL-724,4445158,724
SELL-725,4445159,725
SELL-726,4445160,726
SELL-727,4445161,727
SELL-728,4445162,728
SELL-729,4445163,729
SELL-730,4445164,730
SELL-731,4445165,731
SELL-732,4445166,732
SELL-733,4445167,733
SELL-734,4445168,734
SELL-735,4445169,735
SELL-736,4445170,736
SELL-737,4445171,737
SELL-738,4445172,738
SELL-739,4445173,739
SELL-740,4445174,740
SELL-741,4445175,741
SELL-742,4445176,742
SELL-743,4445177,743
SELL-744,4445178,744
SELL-745,4445179,745
SELL-746,4445180,746
SELL-747,4445181,747
SELL-748,4445182,748
SELL-749,4445183,749
SELL-750,4445184,750
SELL-751,4445185,751
SELL-752,4445186,752
SELL-753,4445187,753
SELL-754,4445188,754
SELL-755,4445189,755
SELL-756,4445190,756
SELL-757,4445191,757
SELL-758,4445192,758
SELL-759,4445193,759
SELL-760,4445194,760
SELL-761,4445195,761
SELL-762,4445196,762
SELL-763,4445197,763
SELL-764,4445198,764
SELL-765,4445199,765
SELL-766,4445200,766
SELL-767,4445201,767
SELL-768,4445202,768
SELL-769,4445203,769
SELL-770,4445204,770
SELL-771,4445205,771
SELL-772,4445206,772
SELL-773,4445207,773
SELL-774,4445208,774
SELL-775,4445209,775
SELL-776,4445210,776
SELL-777,4445211,777
SELL-778,4445212,778
SELL-779,4445213,779
SELL-780,4445214,780
SELL-781,4445215,781
SELL-782,4445216,782
SELL-783,4445217,783
SELL-784,4445218,784
SELL-785,4445219,785
SELL-786,4445220,786
SELL-787,4445221,787
SELL-788,4445222,788
SELL-789,4445223,789
SELL-790,4445224,790
SELL-791,4445225,791
SELL-792,4445226,792
SELL-793,4445227,793
SELL-794,4445228,794
SELL-795,4445229,795
SELL-796,4445230,796
SELL-797,4445231,797
SELL-798,4445232,798
SELL-799,4445233,799
SELL-800,4445234,800
SELL-801,4445235,801
SELL-802,4445236,802
SELL-803,4445237,803
SELL-804,4445238,804
SELL-805,4445239,805
SELL-806,4445240,806
SELL-807,4445241,807
SELL-808,4445242,808
SELL-809,4445243,809
SELL-810,4445244,810
SELL-811,4445245,811
SELL-812,4445246,812
SELL-813,4445247,813
SELL-814,4445248,814
SELL-815,4445249,815
SELL-816,4445250,816
SELL-817,4445251,817
SELL-818,4445252,818
SELL-819,4445253,819
SELL-820,4445254,820
SELL-821,4445255,821
SELL-822,4445256,822
SELL-823,4445257,823
SELL-824,4445258,824
SELL-825,4445259,825
SELL-826,4445260,826
SELL-827,4445261,827
SELL-828,4445262,828
SELL-829,4445263,829
SELL-830,4445264,830
SELL-831,4445265,831
SELL-832,4445266,832
SELL-833,4445267,833
SELL-834,4445268,834
SELL-835,4445269,835
SELL-836,4445270,836
SELL-837,4445271,837
SELL-838,4445272,838
SELL-839,4445273,839
SELL-840,4445274,840
SELL-841,4445275,841
SELL-842,4445276,842
SELL-843,4445277,843
SELL-844,4445278,844
SELL-845,4445279,845
SELL-846,4445280,846
SELL-847,4445281,847
SELL-848,4445282,848
SELL-849,4445283,849
SELL-850,4445284,850
SELL-851,4445285,851
SELL-852,4445286,852
SELL-853,4445287,853
SELL-854,4445288,854
SELL-855,4445289,855
SELL-856,4445290,856
SELL-857,4445291,857
SELL-858,4445292,858
SELL-859,4445293,859
SELL-860,4445294,860
SELL-861,4445295,861
SELL-862,4445296,862
SELL-863,4445297,863
SELL-864,4445298,864
SELL-865,4445299,865
SELL-866,4445300,866
SELL-867,4445301,867
SELL-868,4445302,868
SELL-869,4445303,869
SELL-870,4445304,870
SELL-871,4445305,871
SELL-872,4445306,872
SELL-873,4445307,873
SELL-874,4445308,874
SELL-875,4445309,875
SELL-876,4445310,876
SELL-877,4445311,877
SELL-878,4445312,878
SELL-879,4445313,879
SELL-880,4445314,880
SELL-881,4445315,881
SELL-882,4445316,882
SELL-883,4445317,883
SELL-884,4445318,884
SELL-885,4445319,885
SELL-886,4445320,886
SELL-887,4445321,887
SELL-888,4445322,888
SELL-889,4445323,889
SELL-890,4445324,890
SELL-891,4445325,891
SELL-892,4445326,892
SELL-893,4445327,893
SELL-894,4445328,894
SELL-895,4445329,895
SELL-896,4445330,896
SELL-897,4445331,897
SELL-898,4445332,898
SELL-899,4445333,899
SELL-900,4445334,900
SELL-901,4445335,901
SELL-902,4445336,902
SELL-903,4445337,903
SELL-904,4445338,904
SELL-905,4445339,905
SELL-906,4445340,906
SELL-907,4445341,907
SELL-908,4445342,908
SELL-909,4445343,909
SELL-910,4445344,910
SELL-911,4445345,911
SELL-912,4445346,912
SELL-913,4445347,913
SELL-914,4445348,914
SELL-915,4445349,915
SELL-916,4445350,916
SELL-917,4445351,917
SELL-918,4445352,918
SELL-919,4445353,919
SELL-920,4445354,920
SELL-921,4445355,921
SELL-922,4445356,922
SELL-923,4445357,923
SELL-924,4445358,924
SELL-925,4445359,925
SELL-926,4445360,926
SELL-927,4445361,927
SELL-928,4445362,928
SELL-929,4445363,929
SELL-930,4445364,930
SELL-931,4445365,931
SELL-932,4445366,932
SELL-933,4445367,933
SELL-934,4445368,934
SELL-935,4445369,935
SELL-936,4445370,936
SELL-937,4445371,937
SELL-938,4445372,938
SELL-939,4445373,939
SELL-940,4445374,940
SELL-941,4445375,941
SELL-942,4445376,942
SELL-943,4445377,943
SELL-944,4445378,944
SELL-945,4445379,945
SELL-946,4445380,946
SELL-947,4445381,947
SELL-948,4445382,948
SELL-949,4445383,949
SELL-950,4445384,950
SELL-951,4445385,951
SELL-952,4445386,952
SELL-953,4445387,953
SELL-954,4445388,954
SELL-955,4445389,955
SELL-956,4445390,956
SELL-957,4445391,957
SELL-958,4445392,958
SELL-959,4445393,959
SELL-960,4445394,960
SELL-961,4445395,961
SELL-962,4445396,962
SELL-963,4445397,963
SELL-964,4445398,964
SELL-965,4445399,965
SELL-966,4445400,966
SELL-967,4445401,967
SELL-968,4445402,968
SELL-969,4445403,969
SELL-970,4445404,970
SELL-971,4445405,971
SELL-972,4445406,972
SELL-973,4445407,973
SELL-974,4445408,974
SELL-975,4445409,975
SELL-976,4445410,976
SELL-977,4445411,977
SELL-978,4445412,978
SELL-979,4445413,979
SELL-980,4445414,980
SELL-981,4445415,981
SELL-982,4445416,982
SELL-983,4445417,983
SELL-984,4445418,984
SELL-985,4445419,985
SELL-986,4445420,986
SELL-987,4445421,987
SELL-988,4445422,988
SELL-989,4445423,989
SELL-990,4445424,990
SELL-991,4445425,991
SELL-992,4445426,992
SELL-993,4445427,993
SELL-994,4445428,994
SELL-995,4445429,995
SELL-996,4445430,996
SELL-997,4445431,997
SELL-998,4445432,998
SELL-999,4445433,999
SELL-1000,4445434,1000
SELL-1001,4445435,1001
SELL-1002,4445436,1002
SELL-1003,4445437,1003
SELL-1004,4445438,1004
SELL-1005,4445439,1005
SELL-1006,4445440,1006
SELL-1007,4445441,1007
SELL-1008,4445442,1008
SELL-1009,4445443,1009
SELL-1010,4445444,1010
SELL-1011,4445445,1011
SELL-1012,4445446,1012
SELL-1013,4445447,1013
SELL-1014,4445448,1014
SELL-1015,4445449,1015
SELL-1016,4445450,1016
SELL-1017,4445451,1017
SELL-1018,4445452,1018
SELL-1019,4445453,1019
SELL-1020,4445454,1020
SELL-1021,4445455,1021
SELL-1022,4445456,1022
SELL-1023,4445457,1023
SELL-1024,4445458,1024
SELL-1025,4445459,1025
SELL-1026,4445460,1026
SELL-1027,4445461,1027
SELL-1028,4445462,1028
SELL-1029,4445463,1029
SELL-1030,4445464,1030
SELL-1031,4445465,1031
SELL-1032,4445466,1032
SELL-1033,4445467,1033
SELL-1034,4445468,1034
SELL-1035,4445469,1035
SELL-1036,4445470,1036
SELL-1037,4445471,1037
SELL-1038,4445472,1038
SELL-1039,4445473,1039
SELL-1040,4445474,1040
SELL-1041,4445475,1041
SELL-1042,4445476,1042
SELL-1043,4445477,1043
SELL-1044,4445478,1044
SELL-1045,4445479,1045
SELL-1046,4445480,1046
SELL-1047,4445481,1047
SELL-1048,4445482,1048
SELL-1049,4445483,1049
SELL-1050,4445484,1050
SELL-1051,4445485,1051
SELL-1052,4445486,1052
SELL-1053,4445487,1053
SELL-1054,4445488,1054
SELL-1055,4445489,1055
SELL-1056,4445490,1056
SELL-1057,4445491,1057
SELL-1058,4445492,1058
SELL-1059,4445493,1059
SELL-1060,4445494,1060
SELL-1061,4445495,1061
SELL-1062,4445496,1062
SELL-1063,4445497,1063
SELL-1064,4445498,1064
SELL-1065,4445499,1065
SELL-1066,4445500,1066
SELL-1067,4445501,1067
SELL-1068,4445502,1068
SELL-1069,4445503,1069
SELL-1070,4445504,1070
SELL-1071,4445505,1071
SELL-1072,4445506,1072
SELL-1073,4445507,1073
SELL-1074,4445508,1074
SELL-1075,4445509,1075
SELL-1076,4445510,1076
SELL-1077,4445511,1077
SELL-1078,4445512,1078
SELL-1079,4445513,1079
SELL-1080,4445514,1080
SELL-1081,4445515,1081
SELL-1082,4445516,1082
SELL-1083,4445517,1083
SELL-1084,4445518,1084
SELL-1085,4445519,1085
SELL-1086,4445520,1086
SELL-1087,4445521,1087
SELL-1088,4445522,1088
SELL-1089,4445523,1089
SELL-1090,4445524,1090
SELL-1091,4445525,1091
SELL-1092,4445526,1092
SELL-1093,4445527,1093
SELL-1094,4445528,1094
SELL-1095,4445529,1095
SELL-1096,4445530,1096
SELL-1097,4445531,1097
SELL-1098,4445532,1098
SELL-1099,4445533,1099
SELL-1100,4445534,1100
SELL-1101,4445535,1101
SELL-1102,4445536,1102
SELL-1103,4445537,1103
SELL-1104,4445538,1104
SELL-1105,4445539,1105
SELL-1106,4445540,1106
SELL-1107,4445541,1107
SELL-1108,4445542,1108
SELL-1109,4445543,1109
SELL-1110,4445544,1110
SELL-1111,4445545,1111
SELL-1112,4445546,1112
SELL-1113,4445547,1113
SELL-1114,4445548,1114
SELL-1115,4445549,1115
SELL-1116,4445550,1116
SELL-1117,4445551,1117
SELL-1118,4445552,1118
SELL-1119,4445553,1119
SELL-1120,4445554,1120
SELL-1121,4445555,1121
SELL-1122,4445556,1122
SELL-1123,4445557,1123
SELL-1124,4445558,1124
SELL-1125,4445559,1125
SELL-1126,4445560,1126
SELL-1127,4445561,1127
SELL-1128,4445562,1128
SELL-1129,4445563,1129
SELL-1130,4445564,1130
SELL-1131,4445565,1131
SELL-1132,4445566,1132
SELL-1133,4445567,1133
SELL-1134,4445568,1134
SELL-1135,4445569,1135
SELL-1136,4445570,1136
SELL-1137,4445571,1137
SELL-1138,4445572,1138
SELL-1139,4445573,1139
SELL-1140,4445574,1140
SELL-1141,4445575,1141
SELL-1142,4445576,1142
SELL-1143,4445577,1143
SELL-1144,4445578,1144
SELL-1145,4445579,1145
SELL-1146,4445580,1146
SELL-1147,4445581,1147
SELL-1148,4445582,1148
SELL-1149,4445583,1149
SELL-1150,4445584,1150
SELL-1151,4445585,1151
SELL-1152,4445586,1152
SELL-1153,4445587,1153
SELL-1154,4445588,1154
SELL-1155,4445589,1155
SELL-1156,4445590,1156
SELL-1157,4445591,1157
SELL-1158,4445592,1158
SELL-1159,4445593,1159
SELL-1160,4445594,1160
SELL-1161,4445595,1161
SELL-1162,4445596,1162
SELL-1163,4445597,1163
SELL-1164,4445598,1164
SELL-1165,4445599,1165
SELL-1166,4445600,1166
SELL-1167,4445601,1167
SELL-1168,4445602,1168
SELL-1169,4445603,1169
SELL-1170,4445604,1170
SELL-1171,4445605,1171
SELL-1172,4445606,1172
SELL-1173,4445607,1173
SELL-1174,4445608,1174
SELL-1175,4445609,1175
SELL-1176,4445610,1176
SELL-1177,4445611,1177
SELL-1178,4445612,1178
SELL-1179,4445613,1179
SELL-1180,4445614,1180
SELL-1181,4445615,1181
SELL-1182,4445616,1182
SELL-1183,4445617,1183
SELL-1184,4445618,1184
SELL-1185,4445619,1185
SELL-1186,4445620,1186
SELL-1187,4445621,1187
SELL-1188,4445622,1188
SELL-1189,4445623,1189
SELL-1190,4445624,1190
SELL-1191,4445625,1191
SELL-1192,4445626,1192
SELL-1193,4445627,1193
SELL-1194,4445628,1194
SELL-1195,4445629,1195
SELL-1196,4445630,1196
SELL-1197,4445631,1197
SELL-1198,4445632,1198
SELL-1199,4445633,1199
SELL-1200,4445634,1200
SELL-1201,4445635,1201
SELL-1202,4445636,1202
SELL-1203,4445637,1203
SELL-1204,4445638,1204
SELL-1205,4445639,1205
SELL-1206,4445640,1206
SELL-1207,4445641,1207
SELL-1208,4445642,1208
SELL-1209,4445643,1209
SELL-1210,4445644,1210
SELL-1211,4445645,1211
SELL-1212,4445646,1212
SELL-1213,4445647,1213
SELL-1214,4445648,1214
SELL-1215,4445649,1215
SELL-1216,4445650,1216
SELL-1217,4445651,1217
SELL-1218,4445652,1218
SELL-1219,4445653,1219
SELL-1220,4445654,1220
SELL-1221,4445655,1221
SELL-1222,4445656,1222
SELL-1223,4445657,1223
SELL-1224,4445658,1224
SELL-1225,4445659,1225
SELL-1226,4445660,1226
SELL-1227,4445661,1227
SELL-1228,4445662,1228
SELL-1229,4445663,1229
SELL-1230,4445664,1230
SELL-1231,4445665,1231
SELL-1232,4445666,1232
SELL-1233,4445667,1233
SELL-1234,4445668,1234
SELL-1235,4445669,1235
SELL-1236,4445670,1236
SELL-1237,4445671,1237
SELL-1238,4445672,1238
SELL-1239,4445673,1239
SELL-1240,4445674,1240
SELL-1241,4445675,1241
SELL-1242,4445676,1242
SELL-1243,4445677,1243
SELL-1244,4445678,1244
SELL-1245,4445679,1245
SELL-1246,4445680,1246
SELL-1247,4445681,1247
SELL-1248,4445682,1248
SELL-1249,4445683,1249
SELL-1250,4445684,1250
SELL-1251,4445685,1251
SELL-1252,4445686,1252
SELL-1253,4445687,1253
SELL-1254,4445688,1254
SELL-1255,4445689,1255
SELL-1256,4445690,1256
SELL-1257,4445691,1257
SELL-1258,4445692,1258
SELL-1259,4445693,1259
SELL-1260,4445694,1260
SELL-1261,4445695,1261
SELL-1262,4445696,1262
SELL-1263,4445697,1263
SELL-1264,4445698,1264
SELL-1265,4445699,1265
SELL-1266,4445700,1266
SELL-1267,4445701,1267
SELL-1268,4445702,1268
SELL-1269,4445703,1269
SELL-1270,4445704,1270
SELL-1271,4445705,1271
SELL-1272,4445706,1272
SELL-1273,4445707,1273
SELL-1274,4445708,1274
SELL-1275,4445709,1275
SELL-1276,4445710,1276
SELL-1277,4445711,1277
SELL-1278,4445712,1278
SELL-1279,4445713,1279
SELL-1280,4445714,1280
SELL-1281,4445715,1281
SELL-1282,4445716,1282
SELL-1283,4445717,1283
SELL-1284,4445718,1284
SELL-1285,4445719,1285
SELL-1286,4445720,1286
SELL-1287,4445721,1287
SELL-1288,4445722,1288
SELL-1289,4445723,1289
SELL-1290,4445724,1290
SELL-1291,4445725,1291
SELL-1292,4445726,1292
SELL-1293,4445727,1293
SELL-1294,4445728,1294
SELL-1295,4445729,1295
SELL-1296,4445730,1296
SELL-1297,4445731,1297
SELL-1298,4445732,1298
SELL-1299,4445733,1299
SELL-1300,4445734,1300
SELL-1301,4445735,1301
SELL-1302,4445736,1302
SELL-1303,4445737,1303
SELL-1304,4445738,1304
SELL-1305,4445739,1305
SELL-1306,4445740,1306
SELL-1307,4445741,1307
SELL-1308,4445742,1308
SELL-1309,4445743,1309
SELL-1310,4445744,1310
SELL-1311,4445745,1311
SELL-1312,4445746,1312
SELL-1313,4445747,1313
SELL-1314,4445748,1314
SELL-1315,4445749,1315
SELL-1316,4445750,1316
SELL-1317,4445751,1317
SELL-1318,4445752,1318
SELL-1319,4445753,1319
SELL-1320,4445754,1320
SELL-1321,4445755,1321
SELL-1322,4445756,1322
SELL-1323,4445757,1323
SELL-1324,4445758,1324
SELL-1325,4445759,1325
SELL-1326,4445760,1326
SELL-1327,4445761,1327
SELL-1328,4445762,1328
SELL-1329,4445763,1329
SELL-1330,4445764,1330
SELL-1331,4445765,1331
SELL-1332,4445766,1332
SELL-1333,4445767,1333
SELL-1334,4445768,1334
SELL-1335,4445769,1335
SELL-1336,4445770,1336
SELL-1337,4445771,1337
SELL-1338,4445772,1338
SELL-1339,4445773,1339
SELL-1340,4445774,1340
SELL-1341,4445775,1341
SELL-1342,4445776,1342
SELL-1343,4445777,1343
SELL-1344,4445778,1344
SELL-1345,4445779,1345
SELL-1346,4445780,1346
SELL-1347,4445781,1347
SELL-1348,4445782,1348
SELL-1349,4445783,1349
SELL-1350,4445784,1350
SELL-1351,4445785,1351
SELL-1352,4445786,1352
SELL-1353,4445787,1353
SELL-1354,4445788,1354
SELL-1355,4445789,1355
SELL-1356,4445790,1356
SELL-1357,4445791,1357
SELL-1358,4445792,1358
SELL-1359,4445793,1359
SELL-1360,4445794,1360
SELL-1361,4445795,1361
SELL-1362,4445796,1362
SELL-1363,4445797,1363
SELL-1364,4445798,1364
SELL-1365,4445799,1365
SELL-1366,4445800,1366
SELL-1367,4445801,1367
SELL-1368,4445802,1368
SELL-1369,4445803,1369
SELL-1370,4445804,1370
SELL-1371,4445805,1371
SELL-1372,4445806,1372
SELL-1373,4445807,1373
SELL-1374,4445808,1374
SELL-1375,4445809,1375
SELL-1376,4445810,1376
SELL-1377,4445811,1377
SELL-1378,4445812,1378
SELL-1379,4445813,1379
SELL-1380,4445814,1380
SELL-1381,4445815,1381
SELL-1382,4445816,1382
SELL-1383,4445817,1383
SELL-1384,4445818,1384
SELL-1385,4445819,1385
SELL-1386,4445820,1386
SELL-1387,4445821,1387
SELL-1388,4445822,1388
SELL-1389,4445823,1389
SELL-1390,4445824,1390
SELL-1391,4445825,1391
SELL-1392,4445826,1392
SELL-1393,4445827,1393
SELL-1394,4445828,1394
SELL-1395,4445829,1395
SELL-1396,4445830,1396
SELL-1397,4445831,1397
SELL-1398,4445832,1398
SELL-1399,4445833,1399
SELL-1400,4445834,1400
SELL-1401,4445835,1401
SELL-1402,4445836,1402
SELL-1403,4445837,1403
SELL-1404,4445838,1404
SELL-1405,4445839,1405
SELL-1406,4445840,1406
SELL-1407,4445841,1407
SELL-1408,4445842,1408
SELL-1409,4445843,1409
SELL-1410,4445844,1410
SELL-1411,4445845,1411
SELL-1412,4445846,1412
SELL-1413,4445847,1413
SELL-1414,4445848,1414
SELL-1415,4445849,1415
SELL-1416,4445850,1416
SELL-1417,4445851,1417
SELL-1418,4445852,1418
SELL-1419,4445853,1419
SELL-1420,4445854,1420
SELL-1421,4445855,1421
SELL-1422,4445856,1422
SELL-1423,4445857,1423
SELL-1424,4445858,1424
SELL-1425,4445859,1425
SELL-1426,4445860,1426
SELL-1427,4445861,1427
SELL-1428,4445862,1428
SELL-1429,4445863,1429
SELL-1430,4445864,1430
SELL-1431,4445865,1431
SELL-1432,4445866,1432
SELL-1433,4445867,1433
SELL-1434,4445868,1434
SELL-1435,4445869,1435
SELL-1436,4445870,1436
SELL-1437,4445871,1437
SELL-1438,4445872,1438
SELL-1439,4445873,1439
SELL-1440,4445874,1440
SELL-1441,4445875,1441
SELL-1442,4445876,1442
SELL-1443,4445877,1443
SELL-1444,4445878,1444
SELL-1445,4445879,1445
SELL-1446,4445880,1446
SELL-1447,4445881,1447
SELL-1448,4445882,1448
SELL-1449,4445883,1449
SELL-1450,4445884,1450
SELL-1451,4445885,1451
SELL-1452,4445886,1452
SELL-1453,4445887,1453
SELL-1454,4445888,1454
SELL-1455,4445889,1455
SELL-1456,4445890,1456
SELL-1457,4445891,1457
SELL-1458,4445892,1458
SELL-1459,4445893,1459
SELL-1460,4445894,1460
SELL-1461,4445895,1461
SELL-1462,4445896,1462
SELL-1463,4445897,1463
SELL-1464,4445898,1464
SELL-1465,4445899,1465
SELL-1466,4445900,1466
SELL-1467,4445901,1467
SELL-1468,4445902,1468
SELL-1469,4445903,1469
SELL-1470,4445904,1470
SELL-1471,4445905,1471
SELL-1472,4445906,1472
SELL-1473,4445907,1473
SELL-1474,4445908,1474
SELL-1475,4445909,1475
SELL-1476,4445910,1476
SELL-1477,4445911,1477
SELL-1478,4445912,1478
SELL-1479,4445913,1479
SELL-1480,4445914,1480
SELL-1481,4445915,1481
SELL-1482,4445916,1482
SELL-1483,4445917,1483
SELL-1484,4445918,1484
SELL-1485,4445919,1485
SELL-1486,4445920,1486
SELL-1487,4445921,1487
SELL-1488,4445922,1488
SELL-1489,4445923,1489
SELL-1490,4445924,1490
SELL-1491,4445925,1491
SELL-1492,4445926,1492
SELL-1493,4445927,1493
SELL-1494,4445928,1494
SELL-1495,4445929,1495
SELL-1496,4445930,1496
SELL-1497,4445931,1497
SELL-1498,4445932,1498
SELL-1499,4445933,1499
SELL-1500,4445934,1500
SELL-1501,4445935,1501
SELL-1502,4445936,1502
SELL-1503,4445937,1503
SELL-1504,4445938,1504
SELL-1505,4445939,1505
SELL-1506,4445940,1506
SELL-1507,4445941,1507
SELL-1508,4445942,1508
SELL-1509,4445943,1509
SELL-1510,4445944,1510
SELL-1511,4445945,1511
SELL-1512,4445946,1512
SELL-1513,4445947,1513
SELL-1514,4445948,1514
SELL-1515,4445949,1515
SELL-1516,4445950,1516
SELL-1517,4445951,1517
SELL-1518,4445952,1518
SELL-1519,4445953,1519
SELL-1520,4445954,1520
SELL-1521,4445955,1521
SELL-1522,4445956,1522
SELL-1523,4445957,1523
SELL-1524,4445958,1524
SELL-1525,4445959,1525
SELL-1526,4445960,1526
SELL-1527,4445961,1527
SELL-1528,4445962,1528
SELL-1529,4445963,1529
SELL-1530,4445964,1530
SELL-1531,4445965,1531
SELL-1532,4445966,1532
SELL-1533,4445967,1533
SELL-1534,4445968,1534
SELL-1535,4445969,1535
SELL-1536,4445970,1536
SELL-1537,4445971,1537
SELL-1538,4445972,1538
SELL-1539,4445973,1539
SELL-1540,4445974,1540
SELL-1541,4445975,1541
SELL-1542,4445976,1542
SELL-1543,4445977,1543
SELL-1544,4445978,1544
SELL-1545,4445979,1545
SELL-1546,4445980,1546
SELL-1547,4445981,1547
SELL-1548,4445982,1548
SELL-1549,4445983,1549
SELL-1550,4445984,1550
SELL-1551,4445985,1551
SELL-1552,4445986,1552
SELL-1553,4445987,1553
SELL-1554,4445988,1554
SELL-1555,4445989,1555
SELL-1556,4445990,1556
SELL-1557,4445991,1557
SELL-1558,4445992,1558
SELL-1559,4445993,1559
SELL-1560,4445994,1560
SELL-1561,4445995,1561
SELL-1562,4445996,1562
SELL-1563,4445997,1563
SELL-1564,4445998,1564
SELL-1565,4445999,1565
SELL-1566,4446000,1566
SELL-1567,4446001,1567
SELL-1568,4446002,1568
SELL-1569,4446003,1569
SELL-1570,4446004,1570
SELL-1571,4446005,1571
SELL-1572,4446006,1572
SELL-1573,4446007,1573
SELL-1574,4446008,1574
SELL-1575,4446009,1575
SELL-1576,4446010,1576
SELL-1577,4446011,1577
SELL-1578,4446012,1578
SELL-1579,4446013,1579
SELL-1580,4446014,1580
SELL-1581,4446015,1581
SELL-1582,4446016,1582
SELL-1583,4446017,1583
SELL-1584,4446018,1584
SELL-1585,4446019,1585
SELL-1586,4446020,1586
SELL-1587,4446021,1587
SELL-1588,4446022,1588
SELL-1589,4446023,1589
SELL-1590,4446024,1590
SELL-1591,4446025,1591
SELL-1592,4446026,1592
SELL-1593,4446027,1593
SELL-1594,4446028,1594
SELL-1595,4446029,1595
SELL-1596,4446030,1596
SELL-1597,4446031,1597
SELL-1598,4446032,1598
SELL-1599,4446033,1599
SELL-1600,4446034,1600
SELL-1601,4446035,1601
SELL-1602,4446036,1602
SELL-1603,4446037,1603
SELL-1604,4446038,1604
SELL-1605,4446039,1605
SELL-1606,4446040,1606
SELL-1607,4446041,1607
SELL-1608,4446042,1608
SELL-1609,4446043,1609
SELL-1610,4446044,1610
SELL-1611,4446045,1611
SELL-1612,4446046,1612
SELL-1613,4446047,1613
SELL-1614,4446048,1614
SELL-1615,4446049,1615
SELL-1616,4446050,1616
SELL-1617,4446051,1617
SELL-1618,4446052,1618
SELL-1619,4446053,1619
SELL-1620,4446054,1620
SELL-1621,4446055,1621
SELL-1622,4446056,1622
SELL-1623,4446057,1623
SELL-1624,4446058,1624
SELL-1625,4446059,1625
SELL-1626,4446060,1626
SELL-1627,4446061,1627
SELL-1628,4446062,1628
SELL-1629,4446063,1629
SELL-1630,4446064,1630
SELL-1631,4446065,1631
SELL-1632,4446066,1632
SELL-1633,4446067,1633
SELL-1634,4446068,1634
SELL-1635,4446069,1635
SELL-1636,4446070,1636
SELL-1637,4446071,1637
SELL-1638,4446072,1638
SELL-1639,4446073,1639
SELL-1640,4446074,1640
SELL-1641,4446075,1641
SELL-1642,4446076,1642
SELL-1643,4446077,1643
SELL-1644,4446078,1644
SELL-1645,4446079,1645
SELL-1646,4446080,1646
SELL-1647,4446081,1647
SELL-1648,4446082,1648
SELL-1649,4446083,1649
SELL-1650,4446084,1650
SELL-1651,4446085,1651
SELL-1652,4446086,1652
SELL-1653,4446087,1653
SELL-1654,4446088,1654
SELL-1655,4446089,1655
SELL-1656,4446090,1656
SELL-1657,4446091,1657
SELL-1658,4446092,1658
SELL-1659,4446093,1659
SELL-1660,4446094,1660
SELL-1661,4446095,1661
SELL-1662,4446096,1662
SELL-1663,4446097,1663
SELL-1664,4446098,1664
SELL-1665,4446099,1665
SELL-1666,4446100,1666
SELL-1667,4446101,1667
SELL-1668,4446102,1668
SELL-1669,4446103,1669
SELL-1670,4446104,1670
SELL-1671,4446105,1671
SELL-1672,4446106,1672
SELL-1673,4446107,1673
SELL-1674,4446108,1674
SELL-1675,4446109,1675
SELL-1676,4446110,1676
SELL-1677,4446111,1677
SELL-1678,4446112,1678
SELL-1679,4446113,1679
SELL-1680,4446114,1680
SELL-1681,4446115,1681
SELL-1682,4446116,1682
SELL-1683,4446117,1683
SELL-1684,4446118,1684
SELL-1685,4446119,1685
SELL-1686,4446120,1686
SELL-1687,4446121,1687
SELL-1688,4446122,1688
SELL-1689,4446123,1689
SELL-1690,4446124,1690
SELL-1691,4446125,1691
SELL-1692,4446126,1692
SELL-1693,4446127,1693
SELL-1694,4446128,1694
SELL-1695,4446129,1695
SELL-1696,4446130,1696
SELL-1697,4446131,1697
SELL-1698,4446132,1698
SELL-1699,4446133,1699
SELL-1700,4446134,1700
SELL-1701,4446135,1701
SELL-1702,4446136,1702
SELL-1703,4446137,1703
SELL-1704,4446138,1704
SELL-1705,4446139,1705
SELL-1706,4446140,1706
SELL-1707,4446141,1707
SELL-1708,4446142,1708
SELL-1709,4446143,1709
SELL-1710,4446144,1710
SELL-1711,4446145,1711
SELL-1712,4446146,1712
SELL-1713,4446147,1713
SELL-1714,4446148,1714
SELL-1715,4446149,1715
SELL-1716,4446150,1716
SELL-1717,4446151,1717
SELL-1718,4446152,1718
SELL-1719,4446153,1719
SELL-1720,4446154,1720
SELL-1721,4446155,1721
SELL-1722,4446156,1722
SELL-1723,4446157,1723
SELL-1724,4446158,1724
SELL-1725,4446159,1725
SELL-1726,4446160,1726
SELL-1727,4446161,1727
SELL-1728,4446162,1728
SELL-1729,4446163,1729
SELL-1730,4446164,1730
SELL-1731,4446165,1731
SELL-1732,4446166,1732
SELL-1733,4446167,1733
SELL-1734,4446168,1734
SELL-1735,4446169,1735
SELL-1736,4446170,1736
SELL-1737,4446171,1737
SELL-1738,4446172,1738
SELL-1739,4446173,1739
SELL-1740,4446174,1740
SELL-1741,4446175,1741
SELL-1742,4446176,1742
SELL-1743,4446177,1743
SELL-1744,4446178,1744
SELL-1745,4446179,1745
SELL-1746,4446180,1746
SELL-1747,4446181,1747
SELL-1748,4446182,1748
SELL-1749,4446183,1749
SELL-1750,4446184,1750
SELL-1751,4446185,1751
SELL-1752,4446186,1752
SELL-1753,4446187,1753
SELL-1754,4446188,1754
SELL-1755,4446189,1755
SELL-1756,4446190,1756
SELL-1757,4446191,1757
SELL-1758,4446192,1758
SELL-1759,4446193,1759
SELL-1760,4446194,1760
SELL-1761,4446195,1761
SELL-1762,4446196,1762
SELL-1763,4446197,1763
SELL-1764,4446198,1764
SELL-1765,4446199,1765
SELL-1766,4446200,1766
SELL-1767,4446201,1767
SELL-1768,4446202,1768
SELL-1769,4446203,1769
SELL-1770,4446204,1770
SELL-1771,4446205,1771
SELL-1772,4446206,1772
SELL-1773,4446207,1773
SELL-1774,4446208,1774
SELL-1775,4446209,1775
SELL-1776,4446210,1776
SELL-1777,4446211,1777
SELL-1778,4446212,1778
SELL-1779,4446213,1779
SELL-1780,4446214,1780
SELL-1781,4446215,1781
SELL-1782,4446216,1782
SELL-1783,4446217,1783
SELL-1784,4446218,1784
SELL-1785,4446219,1785
SELL-1786,4446220,1786
SELL-1787,4446221,1787
SELL-1788,4446222,1788
SELL-1789,4446223,1789
SELL-1790,4446224,1790
SELL-1791,4446225,1791
SELL-1792,4446226,1792
SELL-1793,4446227,1793
SELL-1794,4446228,1794
SELL-1795,4446229,1795
SELL-1796,4446230,1796
SELL-1797,4446231,1797
SELL-1798,4446232,1798
SELL-1799,4446233,1799
SELL-1800,4446234,1800
SELL-1801,4446235,1801
SELL-1802,4446236,1802
SELL-1803,4446237,1803
SELL-1804,4446238,1804
SELL-1805,4446239,1805
SELL-1806,4446240,1806
SELL-1807,4446241,1807
SELL-1808,4446242,1808
SELL-1809,4446243,1809
SELL-1810,4446244,1810
SELL-1811,4446245,1811
SELL-1812,4446246,1812
SELL-1813,4446247,1813
SELL-1814,4446248,1814
SELL-1815,4446249,1815
SELL-1816,4446250,1816
SELL-1817,4446251,1817
SELL-1818,4446252,1818
SELL-1819,4446253,1819
SELL-1820,4446254,1820
SELL-1821,4446255,1821
SELL-1822,4446256,1822
SELL-1823,4446257,1823
SELL-1824,4446258,1824
SELL-1825,4446259,1825
SELL-1826,4446260,1826
SELL-1827,4446261,1827
SELL-1828,4446262,1828
SELL-1829,4446263,1829
SELL-1830,4446264,1830
SELL-1831,4446265,1831
SELL-1832,4446266,1832
SELL-1833,4446267,1833
SELL-1834,4446268,1834
SELL-1835,4446269,1835
SELL-1836,4446270,1836
SELL-1837,4446271,1837
SELL-1838,4446272,1838
SELL-1839,4446273,1839
SELL-1840,4446274,1840
SELL-1841,4446275,1841
SELL-1842,4446276,1842
SELL-1843,4446277,1843
SELL-1844,4446278,1844
SELL-1845,4446279,1845
SELL-1846,4446280,1846
SELL-1847,4446281,1847
SELL-1848,4446282,1848
SELL-1849,4446283,1849
SELL-1850,4446284,1850
SELL-1851,4446285,1851
SELL-1852,4446286,1852
SELL-1853,4446287,1853
SELL-1854,4446288,1854
SELL-1855,4446289,1855
SELL-1856,4446290,1856
SELL-1857,4446291,1857
SELL-1858,4446292,1858
SELL-1859,4446293,1859
SELL-1860,4446294,1860
SELL-1861,4446295,1861
SELL-1862,4446296,1862
SELL-1863,4446297,1863
SELL-1864,4446298,1864
SELL-1865,4446299,1865
SELL-1866,4446300,1866
SELL-1867,4446301,1867
SELL-1868,4446302,1868
SELL-1869,4446303,1869
SELL-1870,4446304,1870
SELL-1871,4446305,1871
SELL-1872,4446306,1872
SELL-1873,4446307,1873
SELL-1874,4446308,1874
SELL-1875,4446309,1875
SELL-1876,4446310,1876
SELL-1877,4446311,1877
SELL-1878,4446312,1878
SELL-1879,4446313,1879
SELL-1880,4446314,1880
SELL-1881,4446315,1881
SELL-1882,4446316,1882
SELL-1883,4446317,1883
SELL-1884,4446318,1884
SELL-1885,4446319,1885
SELL-1886,4446320,1886
SELL-1887,4446321,1887
SELL-1888,4446322,1888
SELL-1889,4446323,1889
SELL-1890,4446324,1890
SELL-1891,4446325,1891
SELL-1892,4446326,1892
SELL-1893,4446327,1893
SELL-1894,4446328,1894
SELL-1895,4446329,1895
SELL-1896,4446330,1896
SELL-1897,4446331,1897
SELL-1898,4446332,1898
SELL-1899,4446333,1899
SELL-1900,4446334,1900
SELL-1901,4446335,1901
SELL-1902,4446336,1902
SELL-1903,4446337,1903
SELL-1904,4446338,1904
SELL-1905,4446339,1905
SELL-1906,4446340,1906
SELL-1907,4446341,1907
SELL-1908,4446342,1908
SELL-1909,4446343,1909
SELL-1910,4446344,1910
SELL-1911,4446345,1911
SELL-1912,4446346,1912
SELL-1913,4446347,1913
SELL-1914,4446348,1914
SELL-1915,4446349,1915
SELL-1916,4446350,1916
SELL-1917,4446351,1917
SELL-1918,4446352,1918
SELL-1919,4446353,1919
SELL-1920,4446354,1920
SELL-1921,4446355,1921
SELL-1922,4446356,1922
SELL-1923,4446357,1923
SELL-1924,4446358,1924
SELL-1925,4446359,1925
SELL-1926,4446360,1926
SELL-1927,4446361,1927
SELL-1928,4446362,1928
SELL-1929,4446363,1929
SELL-1930,4446364,1930
SELL-1931,4446365,1931
SELL-1932,4446366,1932
SELL-1933,4446367,1933
SELL-1934,4446368,1934
SELL-1935,4446369,1935
SELL-1936,4446370,1936
SELL-1937,4446371,1937
SELL-1938,4446372,1938
SELL-1939,4446373,1939
SELL-1940,4446374,1940
SELL-1941,4446375,1941
SELL-1942,4446376,1942
SELL-1943,4446377,1943
SELL-1944,4446378,1944
SELL-1945,4446379,1945
SELL-1946,4446380,1946
SELL-1947,4446381,1947
SELL-1948,4446382,1948
SELL-1949,4446383,1949
SELL-1950,4446384,1950
SELL-1951,4446385,1951
SELL-1952,4446386,1952
SELL-1953,4446387,1953
SELL-1954,4446388,1954
SELL-1955,4446389,1955
SELL-1956,4446390,1956
SELL-1957,4446391,1957
SELL-1958,4446392,1958
SELL-1959,4446393,1959
SELL-1960,4446394,1960
SELL-1961,4446395,1961
SELL-1962,4446396,1962
SELL-1963,4446397,1963
SELL-1964,4446398,1964
SELL-1965,4446399,1965
SELL-1966,4446400,1966
SELL-1967,4446401,1967
SELL-1968,4446402,1968
SELL-1969,4446403,1969
SELL-1970,4446404,1970
SELL-1971,4446405,1971
SELL-1972,4446406,1972
SELL-1973,4446407,1973
SELL-1974,4446408,1974
SELL-1975,4446409,1975
SELL-1976,4446410,1976
SELL-1977,4446411,1977
SELL-1978,4446412,1978
SELL-1979,4446413,1979
SELL-1980,4446414,1980
SELL-1981,4446415,1981
SELL-1982,4446416,1982
SELL-1983,4446417,1983
SELL-1984,4446418,1984
SELL-1985,4446419,1985
SELL-1986,4446420,1986
SELL-1987,4446421,1987
SELL-1988,4446422,1988
SELL-1989,4446423,1989
SELL-1990,4446424,1990
SELL-1991,4446425,1991
SELL-1992,4446426,1992
SELL-1993,4446427,1993
SELL-1994,4446428,1994
SELL-1995,4446429,1995
SELL-1996,4446430,1996
SELL-1997,4446431,1997
SELL-1998,4446432,1998
SELL-1999,4446433,1999
SELL-2000,4446434,2000
SELL-2001,4446435,2001
SELL-2002,4446436,2002
SELL-2003,4446437,2003
SELL-2004,4446438,2004
SELL-2005,4446439,2005
SELL-2006,4446440,2006
SELL-2007,4446441,2007
SELL-2008,4446442,2008
SELL-2009,4446443,2009
